schreibweise,art,eigentuemer,kategorie,geprueft,bearbeiter,datum,hinweis,identitaet
Stadt Essen,koerperschaft,Stadt Essen,stadt_staat,ja,christos,2026-09-26,"u.a. mit ""Notwohnungen""",
Fried. Krupp A.G.,koerperschaft,Fried. Krupp AG,industrie,ja,christos,2026-09-26,,
Fried. Krupp A. G.,koerperschaft,Fried. Krupp AG,industrie,ja,christos,2026-09-26,,
Fried. Krupp A.-G.,koerperschaft,Fried. Krupp AG,industrie,ja,christos,2026-09-26,,
Friedr. Krupp A.G.,koerperschaft,Fried. Krupp AG,industrie,ja,christos,2026-09-26,,
"Fried. Krupp, A. G.",koerperschaft,Fried. Krupp AG,industrie,ja,christos,2026-09-26,,
"Fried. Krupp, A.G.",koerperschaft,Fried. Krupp AG,industrie,ja,christos,2026-09-26,,
"Fried. Krupp, A.-G.",koerperschaft,Fried. Krupp AG,industrie,ja,christos,2026-09-26,,
Fried. Krupp A. -G.,koerperschaft,Fried. Krupp AG,industrie,ja,christos,2026-09-26,,
Fried. Krupp AG,koerperschaft,Fried. Krupp AG,industrie,ja,christos,2026-09-26,,
Friedr. Krupp A.-G.,koerperschaft,Fried. Krupp AG,industrie,ja,christos,2026-09-26,,
Fried. Krupp AG.,koerperschaft,Fried. Krupp AG,industrie,ja,christos,2026-09-26,,
Friedr. Krupp A. G.,koerperschaft,Fried. Krupp AG,industrie,ja,christos,2026-09-26,,
Fried. Krupp A.G,koerperschaft,Fried. Krupp AG,industrie,ja,christos,2026-09-26,,
"Fried. Krupp, A. -G.",koerperschaft,Fried. Krupp AG,industrie,ja,christos,2026-09-26,,
Friedr. Krupp AG,koerperschaft,Fried. Krupp AG,industrie,ja,christos,2026-09-26,,
"Fried. Krupp, AG",koerperschaft,Fried. Krupp AG,industrie,ja,christos,2026-09-26,,
"Friedr. Krupp, A. G.",koerperschaft,Fried. Krupp AG,industrie,ja,christos,2026-09-26,,
Verein. Stahlwerke A.-G.,koerperschaft,Autogarage der Vereinigten Stahlwerke AG,industrie,ja,christos,2026-09-26,,
Ver. Stahlw. A.G.,koerperschaft,Autogarage der Vereinigten Stahlwerke AG,industrie,ja,christos,2026-09-26,,
Ver. Stahlwerke A.-G.,koerperschaft,Autogarage der Vereinigten Stahlwerke AG,industrie,ja,christos,2026-09-26,,
Ver. Stahlw. A.-G.,koerperschaft,Autogarage der Vereinigten Stahlwerke AG,industrie,ja,christos,2026-09-26,,
Verein. Stahlwerke A.G.,koerperschaft,Autogarage der Vereinigten Stahlwerke AG,industrie,ja,christos,2026-09-26,,
Ver. Stahlwerke A.G.,koerperschaft,Autogarage der Vereinigten Stahlwerke AG,industrie,ja,christos,2026-09-26,,
Ver. Stahlw. A. G.,koerperschaft,Autogarage der Vereinigten Stahlwerke AG,industrie,ja,christos,2026-09-26,,
Vereinigte Stahlwerke A.G.,koerperschaft,Autogarage der Vereinigten Stahlwerke AG,industrie,ja,christos,2026-09-26,,
Ver. Stahlwerke A. G.,koerperschaft,Autogarage der Vereinigten Stahlwerke AG,industrie,ja,christos,2026-09-26,,
Verein. Stahlwerke A. G.,koerperschaft,Autogarage der Vereinigten Stahlwerke AG,industrie,ja,christos,2026-09-26,,
Verein. Stahlwerke A. -G.,koerperschaft,Autogarage der Vereinigten Stahlwerke AG,industrie,ja,christos,2026-09-26,,
Ver. Stahlw. A. -G.,koerperschaft,Autogarage der Vereinigten Stahlwerke AG,industrie,ja,christos,2026-09-26,,
Ver. Stahlwerke A. -G.,koerperschaft,Autogarage der Vereinigten Stahlwerke AG,industrie,ja,christos,2026-09-26,,
Ver. Stahlwerke AG.,koerperschaft,Autogarage der Vereinigten Stahlwerke AG,industrie,ja,christos,2026-09-26,,
Verein. Stahlwerke A. =G.,koerperschaft,Autogarage der Vereinigten Stahlwerke AG,industrie,ja,christos,2026-09-26,,
Verein. Stahlw. A.-G.,koerperschaft,Autogarage der Vereinigten Stahlwerke AG,industrie,ja,christos,2026-09-26,,
Vereinigte Stahlwerke A.-G.,koerperschaft,Autogarage der Vereinigten Stahlwerke AG,industrie,ja,christos,2026-09-26,,
Ver. Stahlw. A. =G.,koerperschaft,Autogarage der Vereinigten Stahlwerke AG,industrie,ja,christos,2026-09-26,,
"Ver. Stahlw., A.G.",koerperschaft,Autogarage der Vereinigten Stahlwerke AG,industrie,ja,christos,2026-09-26,,
Ver. Stahlwerke A.=G.,koerperschaft,Autogarage der Vereinigten Stahlwerke AG,industrie,ja,christos,2026-09-26,,
Ver. Stahlwerke AG,koerperschaft,Autogarage der Vereinigten Stahlwerke AG,industrie,ja,christos,2026-09-26,,
Verein. Stahlw. A.G.,koerperschaft,Autogarage der Vereinigten Stahlwerke AG,industrie,ja,christos,2026-09-26,,
"Verein. Stahlwerke, A.-G.",koerperschaft,Autogarage der Vereinigten Stahlwerke AG,industrie,ja,christos,2026-09-26,,
Vereinigte Stahlw. A.G.,koerperschaft,Autogarage der Vereinigten Stahlwerke AG,industrie,ja,christos,2026-09-26,,
Vereinigte Stahlwerke A. G.,koerperschaft,Autogarage der Vereinigten Stahlwerke AG,industrie,ja,christos,2026-09-26,,
Vereinigte Stahlwerke AG,koerperschaft,Autogarage der Vereinigten Stahlwerke AG,industrie,ja,christos,2026-09-26,,
Hoesch-Köln Neuessen A.-G.,koerperschaft,Hoesch Köln-Neuessen AG,industrie,ja,christos,2026-09-26,,
Hoesch-Köln Neuessen A.G.,koerperschaft,Hoesch Köln-Neuessen AG,industrie,ja,christos,2026-09-26,,
Hoesch-Köln Neuessen A. -G.,koerperschaft,Hoesch Köln-Neuessen AG,industrie,ja,christos,2026-09-26,,
Hoesch-Köln Neuessen A. =G.,koerperschaft,Hoesch Köln-Neuessen AG,industrie,ja,christos,2026-09-26,,
Hoesch-Köln Neuessen A. G.,koerperschaft,Hoesch Köln-Neuessen AG,industrie,ja,christos,2026-09-26,,
Hoesch-Köln Neuessen AG,koerperschaft,Hoesch Köln-Neuessen AG,industrie,ja,christos,2026-09-26,,
Hoesch-Köln Neuessen A.=G.,koerperschaft,Hoesch Köln-Neuessen AG,industrie,ja,christos,2026-09-26,,
Hoesch-Köln Neuessener A.G.,koerperschaft,Hoesch Köln-Neuessen AG,industrie,ja,christos,2026-09-26,,
Essener Bergwerksverein König Wilhelm,koerperschaft,Essener Bergwerks-Verein König Wilhelm,bergbau,ja,christos,2026-09-26,,
Ess. Bergw. Verein König Wilhelm,koerperschaft,Essener Bergwerks-Verein König Wilhelm,bergbau,ja,christos,2026-09-26,,
Essener Bergw. Verein König Wilhelm,koerperschaft,Essener Bergwerks-Verein König Wilhelm,bergbau,ja,christos,2026-09-26,,
Ess. Bergwerksverein König Wilhelm,koerperschaft,Essener Bergwerks-Verein König Wilhelm,bergbau,ja,christos,2026-09-26,,
"Ess. Bergw. Verein ""König Wilhelm""",koerperschaft,Essener Bergwerks-Verein König Wilhelm,bergbau,ja,christos,2026-09-26,,
Ess. Bergwerksver. König Wilhelm,koerperschaft,Essener Bergwerks-Verein König Wilhelm,bergbau,ja,christos,2026-09-26,,
Essener Bergwerksver. König Wilhelm,koerperschaft,Essener Bergwerks-Verein König Wilhelm,bergbau,ja,christos,2026-09-26,,
Ess. Bergwerks-Verein König Wilhelm,koerperschaft,Essener Bergwerks-Verein König Wilhelm,bergbau,ja,christos,2026-09-26,,
"Ess. Bergwerksverein ""König Wilhelm""",koerperschaft,Essener Bergwerks-Verein König Wilhelm,bergbau,ja,christos,2026-09-26,,
Ess. Bergw.-Verein König Wilhelm,koerperschaft,Essener Bergwerks-Verein König Wilhelm,bergbau,ja,christos,2026-09-26,,
"Ess. Bergwerksver. ""König Wilhelm""",koerperschaft,Essener Bergwerks-Verein König Wilhelm,bergbau,ja,christos,2026-09-26,,
"Essener Bergw. Verein ""König Wilhelm""",koerperschaft,Essener Bergwerks-Verein König Wilhelm,bergbau,ja,christos,2026-09-26,,
"Essener Bergwerksverein ""König Wilhelm""",koerperschaft,Essener Bergwerks-Verein König Wilhelm,bergbau,ja,christos,2026-09-26,,
Essener Bergwerkverein König Wilhelm,koerperschaft,Essener Bergwerks-Verein König Wilhelm,bergbau,ja,christos,2026-09-26,,
Gewerkschaft Viktoria Mathias,koerperschaft,Gewerkschaft Viktoria Mathias,bergbau,ja,christos,2026-09-22,,
Gewerksch. Viktoria Mathias,koerperschaft,Gewerkschaft Viktoria Mathias,bergbau,ja,christos,2026-09-22,,
"Gewerksch. ""Viktoria Mathias""",koerperschaft,Gewerkschaft Viktoria Mathias,bergbau,ja,christos,2026-09-22,,
Gew. Viktoria Mathias,koerperschaft,Gewerkschaft Viktoria Mathias,bergbau,ja,christos,2026-09-22,,
Gewerkschaft Viktoria Matthias,koerperschaft,Gewerkschaft Viktoria Mathias,bergbau,ja,christos,2026-09-22,,
"Gewerkschaft ""Viktoria Mathias""",koerperschaft,Gewerkschaft Viktoria Mathias,bergbau,ja,christos,2026-09-22,,
Gewerksch. Viktoria Matthias,koerperschaft,Gewerkschaft Viktoria Mathias,bergbau,ja,christos,2026-09-22,,
Gewerkschaft Viktoia Mathias,koerperschaft,Gewerkschaft Viktoria Mathias,bergbau,ja,christos,2026-09-22,,
Gewerkschaft Viktora Mathias,koerperschaft,Gewerkschaft Viktoria Mathias,bergbau,ja,christos,2026-09-22,,
Mülh. Bergw. Verein,koerperschaft,Mühlheimer Bergwerks-Verein,bergbau,ja,christos,2026-09-23,,
Mülheimer Bergwerksverein,koerperschaft,Mühlheimer Bergwerks-Verein,bergbau,ja,christos,2026-09-23,,
Mülh. Bergwerksverein,koerperschaft,Mühlheimer Bergwerks-Verein,bergbau,ja,christos,2026-09-23,,
Mülh. Bergwerks-Verein,koerperschaft,Mühlheimer Bergwerks-Verein,bergbau,ja,christos,2026-09-23,,
Mülheimer Bergw. Verein,koerperschaft,Mühlheimer Bergwerks-Verein,bergbau,ja,christos,2026-09-23,,
Mülh. Bergw. Verein A.-G.,koerperschaft,Mühlheimer Bergwerks-Verein,bergbau,ja,christos,2026-09-23,,
Mülh. Bergwerksver.,koerperschaft,Mühlheimer Bergwerks-Verein,bergbau,ja,christos,2026-09-23,,
Mülh. Bergwerks Verein,koerperschaft,Mühlheimer Bergwerks-Verein,bergbau,ja,christos,2026-09-23,,
Mülheimer Bergwerks Verein,koerperschaft,Mühlheimer Bergwerks-Verein,bergbau,ja,christos,2026-09-23,,
Mülh. Bergw. Verein.,koerperschaft,Mühlheimer Bergwerks-Verein,bergbau,ja,christos,2026-09-23,,
Mülh. Bergwerksver. A.G.,koerperschaft,Mühlheimer Bergwerks-Verein,bergbau,ja,christos,2026-09-23,,
Mülh. Berwerksverein,koerperschaft,Mühlheimer Bergwerks-Verein,bergbau,ja,christos,2026-09-23,,
Mülheimer  Bergwerksverein,koerperschaft,Mühlheimer Bergwerks-Verein,bergbau,ja,christos,2026-09-23,,
Mülheimer Bergwerks-Verein,koerperschaft,Mühlheimer Bergwerks-Verein,bergbau,ja,christos,2026-09-23,,
Gelsenk. Bergw. A.G.,koerperschaft,Gelsenkirchener Bergwerks-AG (GBAG),bergbau,ja,christos,2026-09-26,enthält die Hauptverwaltung,
Gelsenk. Bergw. A. G.,koerperschaft,Gelsenkirchener Bergwerks-AG (GBAG),bergbau,ja,christos,2026-09-26,enthält die Hauptverwaltung,
Gelsenk. Bergw. A.-G.,koerperschaft,Gelsenkirchener Bergwerks-AG (GBAG),bergbau,ja,christos,2026-09-26,enthält die Hauptverwaltung,
Gelsenk. Bergw. AG,koerperschaft,Gelsenkirchener Bergwerks-AG (GBAG),bergbau,ja,christos,2026-09-26,enthält die Hauptverwaltung,
Gelsenk. Bergwerks A.-G.,koerperschaft,Gelsenkirchener Bergwerks-AG (GBAG),bergbau,ja,christos,2026-09-26,enthält die Hauptverwaltung,
Gelsenk. Bergw. A. -G.,koerperschaft,Gelsenkirchener Bergwerks-AG (GBAG),bergbau,ja,christos,2026-09-26,enthält die Hauptverwaltung,
Gelsenk. Bergwerk A.-G.,koerperschaft,Gelsenkirchener Bergwerks-AG (GBAG),bergbau,ja,christos,2026-09-26,enthält die Hauptverwaltung,
Gelsenk. Bergwerks A.G.,koerperschaft,Gelsenkirchener Bergwerks-AG (GBAG),bergbau,ja,christos,2026-09-26,enthält die Hauptverwaltung,
Gelsenk. Bergwerks-A.-G.,koerperschaft,Gelsenkirchener Bergwerks-AG (GBAG),bergbau,ja,christos,2026-09-26,enthält die Hauptverwaltung,
Gelsenk. Bergw. AG.,koerperschaft,Gelsenkirchener Bergwerks-AG (GBAG),bergbau,ja,christos,2026-09-26,enthält die Hauptverwaltung,
Gelsenk. Bergwerks-A.G.,koerperschaft,Gelsenkirchener Bergwerks-AG (GBAG),bergbau,ja,christos,2026-09-26,enthält die Hauptverwaltung,
Gelsenkirchener Bergwerks A.-G.,koerperschaft,Gelsenkirchener Bergwerks-AG (GBAG),bergbau,ja,christos,2026-09-26,,
Gelsenkirchener Bergwerks A.G.,koerperschaft,Gelsenkirchener Bergwerks-AG (GBAG),bergbau,ja,christos,2026-09-26,,
Gelsenkirchener Bergwerks A. G.,koerperschaft,Gelsenkirchener Bergwerks-AG (GBAG),bergbau,ja,christos,2026-09-26,,
Gelsenkirchener Bergwerks AG.,koerperschaft,Gelsenkirchener Bergwerks-AG (GBAG),bergbau,ja,christos,2026-09-26,,
Gelsenkirchener Bergwerks A. -G.,koerperschaft,Gelsenkirchener Bergwerks-AG (GBAG),bergbau,ja,christos,2026-09-26,,
Gelsenkirchener Bergwerks AG,koerperschaft,Gelsenkirchener Bergwerks-AG (GBAG),bergbau,ja,christos,2026-09-26,,
Gelsenkirchener Bergw. A.G.,koerperschaft,Gelsenkirchener Bergwerks-AG (GBAG),bergbau,ja,christos,2026-09-26,,
Gelsenkirchener Bergw. A.-G.,koerperschaft,Gelsenkirchener Bergwerks-AG (GBAG),bergbau,ja,christos,2026-09-26,,
Gelsenkirchener Bergw. AG.,koerperschaft,Gelsenkirchener Bergwerks-AG (GBAG),bergbau,ja,christos,2026-09-26,,
Gelsenkirchener Bergw. A. =G.,koerperschaft,Gelsenkirchener Bergwerks-AG (GBAG),bergbau,ja,christos,2026-09-26,,
Gelsenkirchener Bergwerks-A.-G.,koerperschaft,Gelsenkirchener Bergwerks-AG (GBAG),bergbau,ja,christos,2026-09-26,,
Gelsenkirchener Bergwerksv. A.G.,koerperschaft,Gelsenkirchener Bergwerks-AG (GBAG),bergbau,ja,christos,2026-09-26,,
Dtsche. Reichsbahn,koerperschaft,Deutsche Reichsbahn,stadt_staat,ja,christos,2026-09-26,,
Deutsche Reichsbahn,koerperschaft,Deutsche Reichsbahn,stadt_staat,ja,christos,2026-09-26,,
Deutsche Reichsbahnges.,koerperschaft,Deutsche Reichsbahn,stadt_staat,ja,christos,2026-09-26,,
Dtsch. Reichsbahn,koerperschaft,Deutsche Reichsbahn,stadt_staat,ja,christos,2026-09-26,,
Dtsche. Reichsbahn.,koerperschaft,Deutsche Reichsbahn,stadt_staat,ja,christos,2026-09-26,,
Dtsche. Reichsbahnges.,koerperschaft,Deutsche Reichsbahn,stadt_staat,ja,christos,2026-09-26,,
Gew. Math. Stinnes,koerperschaft,Gewerkschaft Mathias Stinnes,bergbau,ja,christos,2026-09-23,,
Gew. Mth. Stinnes,koerperschaft,Gewerkschaft Mathias Stinnes,bergbau,ja,christos,2026-09-23,,
Gew. Matth. Stinnes,koerperschaft,Gewerkschaft Mathias Stinnes,bergbau,ja,christos,2026-09-23,,
Gewerksch. Math. Stinnes,koerperschaft,Gewerkschaft Mathias Stinnes,bergbau,ja,christos,2026-09-23,,
Mannesmann-Röhren-Werke,koerperschaft,Mannesmannröhren-Werke AG,industrie,ja,christos,2026-09-23,,
Mannesmann-Röhrenwerke,koerperschaft,Mannesmannröhren-Werke AG,industrie,ja,christos,2026-09-23,,
Mannesmannröhrenwerke,koerperschaft,Mannesmannröhren-Werke AG,industrie,ja,christos,2026-09-23,,
Piekenbrock,person,Piekenbrock,privatperson,ja,christos,2026-09-23,Bauunternehmen/-unternehmerfamilie Piekenbrock?,
Gewerksch. d. Steinkohlenbergw. Langenbrahm,koerperschaft,Zeche Langenbrahm,bergbau,ja,christos,2026-09-26,,
Gewerkschaft d. Steinkohlenbergw. Langenbrahm,koerperschaft,Zeche Langenbrahm,bergbau,ja,christos,2026-09-26,,
"Gewerksch. d. Steinkohlenbergw. ""Langenbrahm""",koerperschaft,Zeche Langenbrahm,bergbau,ja,christos,2026-09-26,,
Gew. d. Steinkohlenbergw. Langenbrahm,koerperschaft,Zeche Langenbrahm,bergbau,ja,christos,2026-09-26,,
Gewerksch. d. Steinkohlebergw. Langenbrahm,koerperschaft,Zeche Langenbrahm,bergbau,ja,christos,2026-09-26,,
Gewerksch. Steinkohlenbergw. Langenbrahm,koerperschaft,Zeche Langenbrahm,bergbau,ja,christos,2026-09-26,,
Gewerksch. d. Steinkohlen-Bergw. Langenbrahm,koerperschaft,Zeche Langenbrahm,bergbau,ja,christos,2026-09-26,,
Gewerksch. der Steinkohlenbergw. Langenbrahm,koerperschaft,Zeche Langenbrahm,bergbau,ja,christos,2026-09-26,,
Gewerksch. des Steinkohlenbergw. Langenbrahm,koerperschaft,Zeche Langenbrahm,bergbau,ja,christos,2026-09-26,,
"Gewerkschaft d. Steinkohlenbergw. ""Langenbrahm""",koerperschaft,Zeche Langenbrahm,bergbau,ja,christos,2026-09-26,,
Gewerkschaft des Steinkohlenbergw. Langenbrahm,koerperschaft,Zeche Langenbrahm,bergbau,ja,christos,2026-09-26,,
Gewerkschaft des Steinkohlenbergwerks Langenbrahm,koerperschaft,Zeche Langenbrahm,bergbau,ja,christos,2026-09-26,,
Gewerksch. d. Steinkohlenbergwerks Langenbrahm,koerperschaft,Zeche Langenbrahm,bergbau,ja,christos,2026-09-26,,
Gewerkschaft d. Steinkohlenbergwerke Langenbrahm,koerperschaft,Zeche Langenbrahm,bergbau,ja,christos,2026-09-26,,
Gewerkschaft d. Steinkohlenbergwerks Langenbrahm,koerperschaft,Zeche Langenbrahm,bergbau,ja,christos,2026-09-26,,
Gew. d. Steinkohlenbergwerks Langenbrahm,koerperschaft,Zeche Langenbrahm,bergbau,ja,christos,2026-09-26,,
Gewerksch. d. Steinkohlenbergwerke Langenbrahm,koerperschaft,Zeche Langenbrahm,bergbau,ja,christos,2026-09-26,,
Gewerksch. der Steinkohlenbergwerke Langenbrahm,koerperschaft,Zeche Langenbrahm,bergbau,ja,christos,2026-09-26,,
Gewerksch. d. Steinkohlenbergwerk Langenbrahm,koerperschaft,Zeche Langenbrahm,bergbau,ja,christos,2026-09-26,,
Gewerksch. des Steinkohlenbergwerks Langenbrahm,koerperschaft,Zeche Langenbrahm,bergbau,ja,christos,2026-09-26,,
Gewerkschaft der Steinkohlenbergwerke Langenbrahm,koerperschaft,Zeche Langenbrahm,bergbau,ja,christos,2026-09-26,,
Husmann,person,Husmann,privatperson,ja,christos,2026-09-22,,
Gewerksch. Graf Beust,koerperschaft,Gewerkschaft Graf Beust,bergbau,ja,christos,2026-09-23,,
Gewerkschaft Graf Beust,koerperschaft,Gewerkschaft Graf Beust,bergbau,ja,christos,2026-09-23,,
Gew. Graf Beust.,koerperschaft,Gewerkschaft Graf Beust,bergbau,ja,christos,2026-09-23,,
Gew. Graf Beust,koerperschaft,Gewerkschaft Graf Beust,bergbau,ja,christos,2026-09-23,,
Kath. Kirchengem.,koerperschaft,Kath. Kirchengem.,kirche_stiftung,,christos,2026-09-22,"steht hier in den folgenden Spalten noch, um welche kath. Kirchengemeinde es sich handelt?",
Kath. Kirchengemde,koerperschaft,Kath. Kirchengem.,kirche_stiftung,,christos,2026-09-22,"steht hier in den folgenden Spalten noch, um welche kath. Kirchengemeinde es sich handelt?",
Frau-Margarete-Krupp-Stiftung,koerperschaft,Margarethe Krupp-Stiftung für Wohnungsfürsorge,kirche_stiftung,ja,christos,2026-09-26,"als ""Industrie"" zu kategorisieren?",
"Müller, J.",person,"Müller, J.",privatperson,ja,christos,2026-09-22,"Handelt es sich bei allen Treffern um denselben ""Müller, J.""? Wer ist das?",
Gewerksch. Friedr. Ernestine,koerperschaft,Gewerkschaft Friedrich Ernestine,bergbau,ja,christos,2026-09-23,,
Gew. Friedr. Ernestine,koerperschaft,Gewerkschaft Friedrich Ernestine,bergbau,ja,christos,2026-09-23,,
Gewerksch. Friedr. =ernestine,koerperschaft,Gewerkschaft Friedrich Ernestine,bergbau,ja,christos,2026-09-23,,
Gewerksch. Friedr. Enerstine,koerperschaft,Gewerkschaft Friedrich Ernestine,bergbau,ja,christos,2026-09-23,,
Gewerksch. Friedr. Ernerstine,koerperschaft,Gewerkschaft Friedrich Ernestine,bergbau,ja,christos,2026-09-23,,
Gewerkschaft Friedrich Ernestine,koerperschaft,Gewerkschaft Friedrich Ernestine,bergbau,ja,christos,2026-09-23,,
"Husmann, Dr. jur., H.",person,Husmann,privatperson,ja,christos,2026-09-22,,
"Kalthoff, H.",person,"Kalthoff, H.",privatperson,ja,christos,2026-09-22,,
Bergmannssiedl. Ess. Nord,koerperschaft,Bergm. Siedlung Essen Nord,genossenschaft_siedlung,ja,christos,2026-09-26,,
Bergmanns-Siedl. Essen Nord,koerperschaft,Bergm. Siedlung Essen Nord,genossenschaft_siedlung,ja,christos,2026-09-26,,
Bergmannssiedl. Essen-Nord,koerperschaft,Bergm. Siedlung Essen Nord,genossenschaft_siedlung,ja,christos,2026-09-26,,
Bergmannssiedl. Essen Nord,koerperschaft,Bergm. Siedlung Essen Nord,genossenschaft_siedlung,ja,christos,2026-09-26,,
Bergmanns-Siedl. Ess. Nord,koerperschaft,Bergm. Siedlung Essen Nord,genossenschaft_siedlung,ja,christos,2026-09-26,,
Bergmanns-Siedl. Essen-Nord,koerperschaft,Bergm. Siedlung Essen Nord,genossenschaft_siedlung,ja,christos,2026-09-26,,
Hoesch-Köln-Neuessen A.G.,koerperschaft,Hoesch Köln-Neuessen AG,industrie,ja,christos,2026-09-26,,
Hoesch-KölnNeuessen A.-G.,koerperschaft,Hoesch Köln-Neuessen AG,industrie,ja,christos,2026-09-26,,
Hoesch-KölnNeuessen A.G.,koerperschaft,Hoesch Köln-Neuessen AG,industrie,ja,christos,2026-09-26,,
Hoesch-Kölnneuessen A.-G.,koerperschaft,Hoesch Köln-Neuessen AG,industrie,ja,christos,2026-09-26,,
Hoesch-Köln-Neuessen AG,koerperschaft,Hoesch Köln-Neuessen AG,industrie,ja,christos,2026-09-26,,
Hoesch-Kölnneuessen,koerperschaft,Hoesch Köln-Neuessen AG,industrie,ja,christos,2026-09-26,,
Hoesch-Kölnneuessen A. G.,koerperschaft,Hoesch Köln-Neuessen AG,industrie,ja,christos,2026-09-26,,
Bergm. Siedl. Essen Nord,koerperschaft,Bergm. Siedlung Essen Nord,genossenschaft_siedlung,ja,christos,2026-09-26,,
Bergm. Siedl. Essen Nod,koerperschaft,Bergm. Siedlung Essen Nord,genossenschaft_siedlung,ja,christos,2026-09-26,,
Bergm. Siedlg. Essen Nord,koerperschaft,Bergm. Siedlung Essen Nord,genossenschaft_siedlung,ja,christos,2026-09-26,,
Dtsche Reichsbahn,koerperschaft,Deutsche Reichsbahn,stadt_staat,ja,christos,2026-09-26,,
Dtsche Reichsbank,koerperschaft,Dtsche Reichsbank,stadt_staat,ja,christos,2026-09-26,,
Gewerksch. Carolus Magnus,koerperschaft,Gewerkschft Zeche Carolus Magnus,bergbau,ja,christos,2026-09-22,,
Gewerkschaft Carolus Magnus,koerperschaft,Gewerkschft Zeche Carolus Magnus,bergbau,ja,christos,2026-09-22,,
Gew. Carolus Magnus,koerperschaft,Gewerkschft Zeche Carolus Magnus,bergbau,ja,christos,2026-09-22,,
Gewerksch. Friedr.-Ernestine,koerperschaft,Gewerkschaft Friedrich Ernestine,bergbau,ja,christos,2026-09-23,,
Gewerksch. Friedrich-Ernestine,koerperschaft,Gewerkschaft Friedrich Ernestine,bergbau,ja,christos,2026-09-23,,
Gewerkschaft Friedr.-Ernestine,koerperschaft,Gewerkschaft Friedrich Ernestine,bergbau,ja,christos,2026-09-23,,
Gew. Friedrich-Ernestine,koerperschaft,Gewerkschaft Friedrich Ernestine,bergbau,ja,christos,2026-09-23,,
Gew. Friedr.-Ernestine,koerperschaft,Gewerkschaft Friedrich Ernestine,bergbau,ja,christos,2026-09-23,,
Gewerkschaft Friedrich-Ernestine,koerperschaft,Gewerkschaft Friedrich Ernestine,bergbau,ja,christos,2026-09-23,,
Kath. Kirchengemeinde,koerperschaft,Kath. Kirchengemeinde,kirche_stiftung,,christos,2026-09-22,,
Kath. Kirchen-Gemeinde,koerperschaft,Kath. Kirchen-Gemeinde,,,christos,2026-09-23,,
Kath. Kirchengemein.,koerperschaft,Kath. Kirchengemeinde,kirche_stiftung,,christos,2026-09-22,,
Allgem. Bauverein A.-G.,koerperschaft,Allgemeiner Bauverein Essen (Allbau),genossenschaft_siedlung,ja,christos,2026-09-23,,
Allgem. Bauverein A. G.,koerperschaft,Allgemeiner Bauverein Essen (Allbau),genossenschaft_siedlung,ja,christos,2026-09-23,,
Allgem. Bauverein A.G.,koerperschaft,Allgemeiner Bauverein Essen (Allbau),genossenschaft_siedlung,ja,christos,2026-09-23,,
"Allgem. Bauverein, A. G.",koerperschaft,Allgemeiner Bauverein Essen (Allbau),genossenschaft_siedlung,ja,christos,2026-09-23,,
Allgem. Bauverein AG,koerperschaft,Allgemeiner Bauverein Essen (Allbau),genossenschaft_siedlung,ja,christos,2026-09-23,,
"Allgem. Bauverein, A.G.",koerperschaft,Allgemeiner Bauverein Essen (Allbau),genossenschaft_siedlung,ja,christos,2026-09-23,,
Allgem. Bauverein. A. -G.,koerperschaft,Allgemeiner Bauverein Essen (Allbau),genossenschaft_siedlung,ja,christos,2026-09-23,,
"Becker, J.",person,"Becker, J.",privatperson,ja,christos,2026-09-22,,
Ess. Steinkohlenbergw. A. -G.,koerperschaft,Essener Steinkohlenbergwerke AG,bergbau,ja,christos,2026-09-26,,
Essener Steinkohlenbergwerke A.G.,koerperschaft,Essener Steinkohlenbergwerke AG,bergbau,ja,christos,2026-09-26,,
Ess. Steinkohlenbergw. A.G.,koerperschaft,Essener Steinkohlenbergwerke AG,bergbau,ja,christos,2026-09-26,,
Ess. Steinkohlenbergwerke A.G.,koerperschaft,Essener Steinkohlenbergwerke AG,bergbau,ja,christos,2026-09-26,,
Essener Steinkohlen-Bergw. A.G.,koerperschaft,Essener Steinkohlenbergwerke AG,bergbau,ja,christos,2026-09-26,,
Essener Steinkohlen-Bergwerks A. G.,koerperschaft,Essener Steinkohlenbergwerke AG,bergbau,ja,christos,2026-09-26,,
Ess. Steinkohlen-Bergwerks A.G.,koerperschaft,Essener Steinkohlenbergwerke AG,bergbau,ja,christos,2026-09-26,,
Ess. Steinkohlenbergw. A.-G.,koerperschaft,Essener Steinkohlenbergwerke AG,bergbau,ja,christos,2026-09-26,,
Ess. Steinkohlenbergwerks A.-G.,koerperschaft,Essener Steinkohlenbergwerke AG,bergbau,ja,christos,2026-09-26,,
Essener Steinkohlen-Bergw. A.-G.,koerperschaft,Essener Steinkohlenbergwerke AG,bergbau,ja,christos,2026-09-26,,
Essener Steinkohlenbergw. A. G.,koerperschaft,Essener Steinkohlenbergwerke AG,bergbau,ja,christos,2026-09-26,,
Essener Steinkohlenbergw. A.-G.,koerperschaft,Essener Steinkohlenbergwerke AG,bergbau,ja,christos,2026-09-26,,
Essener Steinkohlenbergw. A.G.,koerperschaft,Essener Steinkohlenbergwerke AG,bergbau,ja,christos,2026-09-26,,
Essener Steinkohlenbergwerke A.-G.,koerperschaft,Essener Steinkohlenbergwerke AG,bergbau,ja,christos,2026-09-26,,
Ruhrverband,koerperschaft,Ruhrverband,sonstige,ja,christos,2026-09-22,,
Ver. Spar- u. Baugen. e.G.m.b.H.,koerperschaft,Vereinigte Spar- u. Baugenossenschaft,genossenschaft_siedlung,ja,christos,2026-09-26,,
Ver. Spar- und Baugen. e.G.m.b.H.,koerperschaft,Vereinigte Spar- u. Baugenossenschaft,genossenschaft_siedlung,ja,christos,2026-09-26,,
Ver. Spar. u. Baugen. e.G.m.b.H,koerperschaft,Vereinigte Spar- u. Baugenossenschaft,genossenschaft_siedlung,ja,christos,2026-09-26,,
Ver. Spar- u. Baugen. e. G. m. b. H,koerperschaft,Vereinigte Spar- u. Baugenossenschaft,genossenschaft_siedlung,ja,christos,2026-09-26,,
"Ver. Spar- u. Baugen., e. G. m. b. H.",koerperschaft,Vereinigte Spar- u. Baugenossenschaft,genossenschaft_siedlung,ja,christos,2026-09-26,,
Ver. Spar- u. Baugen. E. G. M. b. H.,koerperschaft,Vereinigte Spar- u. Baugenossenschaft,genossenschaft_siedlung,ja,christos,2026-09-26,,
Ver. Spar- u. Baugen. e. G.m.b.H.,koerperschaft,Vereinigte Spar- u. Baugenossenschaft,genossenschaft_siedlung,ja,christos,2026-09-26,,
Ver. Spar- u. Baugen. e.G.m.b.H,koerperschaft,Vereinigte Spar- u. Baugenossenschaft,genossenschaft_siedlung,ja,christos,2026-09-26,,
"Ver. Spar- u. Baugen., e. G.m.b.H.",koerperschaft,Vereinigte Spar- u. Baugenossenschaft,genossenschaft_siedlung,ja,christos,2026-09-26,,
Ver. Spar- und Baugen. e. G. m. b. H.,koerperschaft,Vereinigte Spar- u. Baugenossenschaft,genossenschaft_siedlung,ja,christos,2026-09-26,,
"Ver. Spar- und Baugen., e.G.m.b.H.",koerperschaft,Vereinigte Spar- u. Baugenossenschaft,genossenschaft_siedlung,ja,christos,2026-09-26,,
Ver. Spar. u. Baugen. e.G.m.b.H.,koerperschaft,Vereinigte Spar- u. Baugenossenschaft,genossenschaft_siedlung,ja,christos,2026-09-26,,
Zeche Heinrich,koerperschaft,Zeche Heinrich,bergbau,ja,christos,2026-09-22,,
"Müller, H.",person,"Müller, H.",privatperson,ja,christos,2026-09-22,,
Bergmannssiedlung Essen Nord,koerperschaft,Bergm. Siedlung Essen Nord,genossenschaft_siedlung,ja,christos,2026-09-26,,
Bergmannssiedlung Essen-Nord,koerperschaft,Bergm. Siedlung Essen Nord,genossenschaft_siedlung,ja,christos,2026-09-26,,
Bergmanns-Siedlung Ess. Nord,koerperschaft,Bergm. Siedlung Essen Nord,genossenschaft_siedlung,ja,christos,2026-09-26,,
Bergmanns-Siedlung Essen Nord,koerperschaft,Bergm. Siedlung Essen Nord,genossenschaft_siedlung,ja,christos,2026-09-26,,
"Bergmanns-Siedlung, Essen Nord",koerperschaft,Bergm. Siedlung Essen Nord,genossenschaft_siedlung,ja,christos,2026-09-26,,
Emschergenossenschaft,koerperschaft,Emschergenossschaft,genossenschaft_siedlung,ja,christos,2026-09-22,,
Emscher-Genossenschaft,koerperschaft,Emschergenossschaft,genossenschaft_siedlung,ja,christos,2026-09-22,,
Kleinwohnungsbau G.m.b.H.,koerperschaft,Kleinwohnungsbau gGmbH,genossenschaft_siedlung,ja,christos,2026-09-23,"recherchieren: später auch ""Kleinwohnungsbau Krupp gGmbH""?",
"Kleinwohnungsbau, G.m.b.H.",koerperschaft,Kleinwohnungsbau gGmbH,genossenschaft_siedlung,ja,christos,2026-09-23,"recherchieren: später auch ""Kleinwohnungsbau Krupp gGmbH""?",
Kleinwohnungsbau G.m.b.h.,koerperschaft,Kleinwohnungsbau gGmbH,genossenschaft_siedlung,ja,christos,2026-09-23,"recherchieren: später auch ""Kleinwohnungsbau Krupp gGmbH""?",
Kleinwohnungsbau  e.G.m.b.H.,koerperschaft,Kleinwohnungsbau gGmbH,genossenschaft_siedlung,ja,christos,2026-09-23,"recherchieren: später auch ""Kleinwohnungsbau Krupp gGmbH""?",
Kleinwohnungsbau G. M. b. H.,koerperschaft,Kleinwohnungsbau gGmbH,genossenschaft_siedlung,ja,christos,2026-09-23,"recherchieren: später auch ""Kleinwohnungsbau Krupp gGmbH""?",
Kleinwohnungsbau G. m. b. H.,koerperschaft,Kleinwohnungsbau gGmbH,genossenschaft_siedlung,ja,christos,2026-09-23,"recherchieren: später auch ""Kleinwohnungsbau Krupp gGmbH""?",
"Kleinwohnungsbau, G.m.b.h.",koerperschaft,Kleinwohnungsbau gGmbH,genossenschaft_siedlung,ja,christos,2026-09-23,"recherchieren: später auch ""Kleinwohnungsbau Krupp gGmbH""?",
"Müller, F.",person,"Müller, F.",privatperson,ja,christos,2026-09-22,,
"Piekenbrock, E.",person,"Piekenbrock, E.",privatperson,ja,christos,2026-09-23,Bauunternehmen/-unternehmerfamilie Piekenbrock?,
"Schulte, W.",person,"Schulte, W.",privatperson,ja,christos,2026-09-22,,
Bergmannssiedlung Essen-Süd,koerperschaft,Bergm.-Siedlung E.-Süd,genossenschaft_siedlung,ja,christos,2026-09-26,,
Bergmannssiedlung Essen Süd,koerperschaft,Bergm.-Siedlung E.-Süd,genossenschaft_siedlung,ja,christos,2026-09-26,,
"Hoffmann, M.",person,"Hoffmann, M.",privatperson,ja,christos,2026-09-22,,
"Piekenbrock, H.",person,"Piekenbrock, H.",privatperson,ja,christos,2026-09-22,,
"Schmidt, H.",person,"Schmidt, H.",privatperson,ja,christos,2026-09-22,,
"Schürmann, H.",person,"Schürmann, H.",privatperson,ja,christos,2026-09-22,,
"Uhlendahl, C.",person,"Uhlendahl, C.",privatperson,ja,christos,2026-09-22,,
Bergm. Siedlg. Essen Süd,koerperschaft,Bergm.-Siedlung E.-Süd,genossenschaft_siedlung,ja,christos,2026-09-26,,
Bergm. Siedl. Essen Süd,koerperschaft,Bergm.-Siedlung E.-Süd,genossenschaft_siedlung,ja,christos,2026-09-26,,
Bergm. Siedlung Essen Süd,koerperschaft,Bergm.-Siedlung E.-Süd,genossenschaft_siedlung,ja,christos,2026-09-26,,
Verbrauchergenossenschaft Ruhrgebiet,koerperschaft,Verbrauchergenossenschaft Ruhrgebiet,genossenschaft_siedlung,ja,christos,2026-09-23,hierzu konnten bislang keine einschlägigen Informationen ermittelt werden,
Verbrauchergenossenschaft Ruhgebiet,koerperschaft,Verbrauchergenossenschaft Ruhrgebiet,genossenschaft_siedlung,ja,christos,2026-09-23,hierzu konnten bislang keine einschlägigen Informationen ermittelt werden,
Verbrauchergenossenschaft Ruhrgeb.,koerperschaft,Verbrauchergenossenschaft Ruhrgebiet,genossenschaft_siedlung,ja,christos,2026-09-23,hierzu konnten bislang keine einschlägigen Informationen ermittelt werden,
"Berchem, F.",person,"Berchem, F.",privatperson,ja,christos,2026-09-22,,
Deutsche Arbeitsfront,koerperschaft,Deutsche Arbeitsfront,stadt_staat,ja,christos,2026-09-22,,
Deutsche Arbeitsfront.,koerperschaft,Deutsche Arbeitsfront,stadt_staat,ja,christos,2026-09-22,,
Dtsche. Arbeitsfront,koerperschaft,Deutsche Arbeitsfront,stadt_staat,ja,christos,2026-09-22,,
Ess. Bergw. Ver. König Wilhelm,koerperschaft,Essener Bergwerks-Verein König Wilhelm,bergbau,ja,christos,2026-09-26,,
"Ess. Bergw. Ver. ""König Wilhelm""",koerperschaft,Essener Bergwerks-Verein König Wilhelm,bergbau,ja,christos,2026-09-26,,
Essener Bergw. Ver. König Wilhelm,koerperschaft,Essener Bergwerks-Verein König Wilhelm,bergbau,ja,christos,2026-09-26,,
Essener Bergwerks Ver. König Wilhelm,koerperschaft,Essener Bergwerks-Verein König Wilhelm,bergbau,ja,christos,2026-09-26,,
Verein. Spar- u. Baugen. E. G.m.b.h.,koerperschaft,Vereinigte Spar- u. Baugenossenschaft,genossenschaft_siedlung,ja,christos,2026-09-26,,
Verein. Spar- u. Baugen. e. G. m. b. H.,koerperschaft,Vereinigte Spar- u. Baugenossenschaft,genossenschaft_siedlung,ja,christos,2026-09-26,,
"Verein. Spar- u. Baugen., e. G. m. b. H.",koerperschaft,Vereinigte Spar- u. Baugenossenschaft,genossenschaft_siedlung,ja,christos,2026-09-26,,
Verein. Spar- u. Baugen. e.G.m.b.H.,koerperschaft,Vereinigte Spar- u. Baugenossenschaft,genossenschaft_siedlung,ja,christos,2026-09-26,,
Verein. Spar- u. Baugen. E. G. M. b. H.,koerperschaft,Vereinigte Spar- u. Baugenossenschaft,genossenschaft_siedlung,ja,christos,2026-09-26,,
Verein. Spar- u. Baugen. G. m. b. H.,koerperschaft,Vereinigte Spar- u. Baugenossenschaft,genossenschaft_siedlung,ja,christos,2026-09-26,,
Verein. Spar- u. Baugen. M.b.h.,koerperschaft,Vereinigte Spar- u. Baugenossenschaft,genossenschaft_siedlung,ja,christos,2026-09-26,,
"Verein. Spar- und Baugen., e. G. m. b. H.",koerperschaft,Vereinigte Spar- u. Baugenossenschaft,genossenschaft_siedlung,ja,christos,2026-09-26,,
Vereinigte Spar- u. Baugenossenschaft e.G.m.b.H.,koerperschaft,Vereinigte Spar- u. Baugenossenschaft,genossenschaft_siedlung,ja,christos,2026-09-26,,
"Vereinigte Spar- u. Bau-Genossenschaft, e.G.m.b.H.",koerperschaft,Vereinigte Spar- u. Baugenossenschaft,genossenschaft_siedlung,ja,christos,2026-09-26,,
Vereinigte Spar- u. Baugenossensch. e.G.m.b.H.,koerperschaft,Vereinigte Spar- u. Baugenossenschaft,genossenschaft_siedlung,ja,christos,2026-09-26,,
"Vereinigte Spar- u. Baugenossenschaft, e.G.m.b.H.",koerperschaft,Vereinigte Spar- u. Baugenossenschaft,genossenschaft_siedlung,ja,christos,2026-09-26,,
Vereinigte Spar- u. Baugenossensch. e. G. m. b. H.,koerperschaft,Vereinigte Spar- u. Baugenossenschaft,genossenschaft_siedlung,ja,christos,2026-09-26,,
"Vereinigte Spar- u. Baugenossensch., e. G.m.b.H.",koerperschaft,Vereinigte Spar- u. Baugenossenschaft,genossenschaft_siedlung,ja,christos,2026-09-26,,
Vereinigte Spar- u. Baugenossenschaft e. G. m. b. H.,koerperschaft,Vereinigte Spar- u. Baugenossenschaft,genossenschaft_siedlung,ja,christos,2026-09-26,,
"Vereinigte Spar- u. Baugenossenschaft, E. G. M. b. H.",koerperschaft,Vereinigte Spar- u. Baugenossenschaft,genossenschaft_siedlung,ja,christos,2026-09-26,,
"Vereinigte Spar- u. Baugenossenschaft., e. G. m. b. H.",koerperschaft,Vereinigte Spar- u. Baugenossenschaft,genossenschaft_siedlung,ja,christos,2026-09-26,,
Vereinigte Spar- und Baugenossenschaft e.G.m.b.H.,koerperschaft,Vereinigte Spar- u. Baugenossenschaft,genossenschaft_siedlung,ja,christos,2026-09-26,,
"Vereinigte Spar- und Baugenossenschaft, E. G. M. b. H.",koerperschaft,Vereinigte Spar- u. Baugenossenschaft,genossenschaft_siedlung,ja,christos,2026-09-26,,
"Hammacher, H.",person,"Hammacher, H.",privatperson,ja,christos,2026-09-22,,
"Müller, W.",person,"Müller, W.",privatperson,ja,christos,2026-09-22,,
"Wienhusen, A.",person,"Wienhusen, A.",privatperson,ja,christos,2026-09-22,,
Essener Steinkohlen Bergwerks A.G.,koerperschaft,Essener Steinkohlenbergwerke AG,bergbau,ja,christos,2026-09-26,,
Essener Steinkohlen Bergw. A. G.,koerperschaft,Essener Steinkohlenbergwerke AG,bergbau,ja,christos,2026-09-26,,
Essener Steinkohlen Bergw. A.-G.,koerperschaft,Essener Steinkohlenbergwerke AG,bergbau,ja,christos,2026-09-26,,
Ess. Steinkohlen Bergw. A. G.,koerperschaft,Essener Steinkohlenbergwerke AG,bergbau,ja,christos,2026-09-26,,
Ess. Steinkohlen Bergwerks A.G.,koerperschaft,Essener Steinkohlenbergwerke AG,bergbau,ja,christos,2026-09-26,,
Essener Steinkohl. Bergw. A. G.,koerperschaft,Essener Steinkohlenbergwerke AG,bergbau,ja,christos,2026-09-26,,
Essener Steinkohlen Bergw. A.G.,koerperschaft,Essener Steinkohlenbergwerke AG,bergbau,ja,christos,2026-09-26,,
Essener Steinkohlen Bergw.a. G.,koerperschaft,Essener Steinkohlenbergwerke AG,bergbau,ja,christos,2026-09-26,,
Ruhrwohnungsbau A.-G.,koerperschaft,Ruhrwohnbau Dortmund,sonstige,ja,christos,2026-09-22,,
Ruhrwohnungsbau A. G.,koerperschaft,Ruhrwohnbau Dortmund,sonstige,ja,christos,2026-09-22,,
Ruhrwohnungsbau A. =G.,koerperschaft,Ruhrwohnbau Dortmund,sonstige,ja,christos,2026-09-22,,
Ruhrwohnungsbau A.=G.,koerperschaft,Ruhrwohnbau Dortmund,sonstige,ja,christos,2026-09-22,,
Ruhrwohnungsbau A.G.,koerperschaft,Ruhrwohnbau Dortmund,sonstige,ja,christos,2026-09-22,,
Ruhrwohnungsbau AG,koerperschaft,Ruhrwohnbau Dortmund,sonstige,ja,christos,2026-09-22,,
Ruhrwohnungsbau AG.,koerperschaft,Ruhrwohnbau Dortmund,sonstige,ja,christos,2026-09-22,,
"Becker, H.",person,"Becker, H.",privatperson,ja,christos,2026-09-22,,
Giebel,person,Giebel,privatperson,ja,christos,2026-09-22,,
"Lange, H.",person,"Lange, H.",privatperson,ja,christos,2026-09-22,,
"Müller, A.",person,"Müller, A.",privatperson,ja,christos,2026-09-22,,
"Wolf, J.",person,"Wolf, J.",privatperson,ja,christos,2026-09-22,,
Bergm. Siedl. Ess. Nord,koerperschaft,Bergm. Siedlung Essen Nord,genossenschaft_siedlung,ja,christos,2026-09-26,,
Bergm. Siedlg. Ess. Nord,koerperschaft,Bergm. Siedlung Essen Nord,genossenschaft_siedlung,ja,christos,2026-09-26,,
Bergm. Siedlung Ess. Nord,koerperschaft,Bergm. Siedlung Essen Nord,genossenschaft_siedlung,ja,christos,2026-09-26,,
Ver. Stahlwerke,koerperschaft,Autogarage der Vereinigten Stahlwerke AG,industrie,ja,christos,2026-09-26,,
Verein. Stahlwerke,koerperschaft,Autogarage der Vereinigten Stahlwerke AG,industrie,ja,christos,2026-09-26,,
Ver. Stahlw.,koerperschaft,Autogarage der Vereinigten Stahlwerke AG,industrie,ja,christos,2026-09-26,,
Vereinigte Stahlwerke,koerperschaft,Autogarage der Vereinigten Stahlwerke AG,industrie,ja,christos,2026-09-26,,
"Hausmann, J.",person,"Hausmann, J.",privatperson,ja,christos,2026-09-22,,
"Koch, W.",person,"Koch, W.",privatperson,ja,christos,2026-09-22,,
"Pothmann, F.",person,"Pothmann, F.",privatperson,ja,christos,2026-09-22,,
"Schmidt, A.",person,"Schmidt, A.",privatperson,ja,christos,2026-09-22,,
"Schmitz, H.",person,"Schmitz, H.",privatperson,ja,christos,2026-09-22,,
"Schulten, H.",person,"Schulten, H.",privatperson,ja,christos,2026-09-22,,
"Tewes, J.",person,"Tewes, J.",privatperson,ja,christos,2026-09-22,,
Allgem. Bauverein,koerperschaft,Allgemeiner Bauverein Essen (Allbau),genossenschaft_siedlung,ja,christos,2026-09-23,,
Allgemeiner Bauverein A. G.,koerperschaft,Allgemeiner Bauverein Essen (Allbau),genossenschaft_siedlung,ja,christos,2026-09-23,,
Allgemeiner Bauverein A.G.,koerperschaft,Allgemeiner Bauverein Essen (Allbau),genossenschaft_siedlung,ja,christos,2026-09-23,,
Allgemeiner Bauverein,koerperschaft,Allgemeiner Bauverein Essen (Allbau),genossenschaft_siedlung,ja,christos,2026-09-23,,
Allgemeiner Bauverein A.-G.,koerperschaft,Allgemeiner Bauverein Essen (Allbau),genossenschaft_siedlung,ja,christos,2026-09-23,,
Allgemeiner Bauverein.,koerperschaft,Allgemeiner Bauverein Essen (Allbau),genossenschaft_siedlung,ja,christos,2026-09-23,,
Mannesmann Röhren-Werke,koerperschaft,Mannesmannröhren-Werke AG,industrie,ja,christos,2026-09-23,,
Mannesmann Röhrenwerke,koerperschaft,Mannesmannröhren-Werke AG,industrie,ja,christos,2026-09-23,,
Westf. Bergbau- u. Kohlenverwert. A. G.,koerperschaft,Westf. Bergbau- u. Kohlenverwert. AG,bergbau,ja,christos,2026-09-26,,
Westf. Bergbau- u. Kohlenverwert. AG.,koerperschaft,Westf. Bergbau- u. Kohlenverwert. AG,bergbau,ja,christos,2026-09-26,,
Westf. Bergbau- u. Kohlenverwertg. A.-G.,koerperschaft,Westf. Bergbau- u. Kohlenverwert. AG,bergbau,ja,christos,2026-09-26,,
Westf. Bergbau- u. Kohlenverwertgs. A.-G.,koerperschaft,Westf. Bergbau- u. Kohlenverwert. AG,bergbau,ja,christos,2026-09-26,,
Westf. Bergbau- u. Kohlenverwertgs. A.G.,koerperschaft,Westf. Bergbau- u. Kohlenverwert. AG,bergbau,ja,christos,2026-09-26,,
Westf. Begbau- u. Kohlenverwertgs. A. G.,koerperschaft,Westf. Bergbau- u. Kohlenverwert. AG,bergbau,ja,christos,2026-09-26,,
Westf. Bergbau u. Kohlenverwertungs-A.G.,koerperschaft,Westf. Bergbau- u. Kohlenverwert. AG,bergbau,ja,christos,2026-09-26,,
Westf. Bergbau- u. Kohlenverwertung A. G.,koerperschaft,Westf. Bergbau- u. Kohlenverwert. AG,bergbau,ja,christos,2026-09-26,,
Westf. Bergbau- u. Kohlenverwertungs A.-G.,koerperschaft,Westf. Bergbau- u. Kohlenverwert. AG,bergbau,ja,christos,2026-09-26,,
"Eupen, van",person,"Eupen, van",privatperson,ja,christos,2026-09-23,Familie van Eupen,sicher
"Mertens, H.",person,"Mertens, H.",privatperson,ja,christos,2026-09-22,,
"Schmitz, J.",person,"Schmitz, J.",privatperson,ja,christos,2026-09-22,,
"Schmitz, W.",person,"Schmitz, W.",privatperson,ja,christos,2026-09-22,,
"Schulte, F.",person,"Schulte, F.",privatperson,ja,christos,2026-09-22,,
"Stein, A.",person,"Stein, A.",privatperson,ja,christos,2026-09-22,,
Gewerksch. Langenbrahm,koerperschaft,Zeche Langenbrahm,bergbau,ja,christos,2026-09-26,,
Gewerkschaft Langenbrahm,koerperschaft,Zeche Langenbrahm,bergbau,ja,christos,2026-09-26,,
"Becker, E.",person,"Becker, E.",privatperson,ja,christos,2026-09-22,,
"Pegels, A.",person,"Pegels, A.",privatperson,ja,christos,2026-09-22,,
"Peters, W.",person,"Peters, W.",privatperson,ja,christos,2026-09-22,,
"Schmidt, W.",person,"Schmidt, W.",privatperson,ja,christos,2026-09-22,,
"Schäfer, H.",person,"Schäfer, H.",privatperson,ja,christos,2026-09-22,,
Bergm. Siedlg. Mülheim-Borbeck,koerperschaft,Bergmannssiedlung Mülheim-Borbeck,genossenschaft_siedlung,ja,christos,2026-09-23,,
Bergm. Siedlung Mülheim-Borbeck,koerperschaft,Bergmannssiedlung Mülheim-Borbeck,genossenschaft_siedlung,ja,christos,2026-09-23,,
"Bierhoff & Springorum, Ölfbrk.",koerperschaft,"Bierhoff & Springorum, Ölfabrik",industrie,ja,christos,2026-09-23,,
"Bierhoff & Springorum, Ölfabrik",koerperschaft,"Bierhoff & Springorum, Ölfabrik",industrie,ja,christos,2026-09-23,,
"Bierhoff & Springorum, Ölfabrk.",koerperschaft,"Bierhoff & Springorum, Ölfabrik",industrie,ja,christos,2026-09-23,,
Dtsche. Reichsb.,koerperschaft,Deutsche Reichsbahn,stadt_staat,ja,christos,2026-09-26,,
Deutsche Reichsb.,koerperschaft,Deutsche Reichsbahn,stadt_staat,ja,christos,2026-09-26,,
Dtsch. Reichsb.,koerperschaft,Deutsche Reichsbahn,stadt_staat,ja,christos,2026-09-26,,
Zinkhütte,koerperschaft,Aktiengesellschaft des Altenbergs für Bergbau und Zinkhüttenbetrieb,industrie,ja,christos,2026-09-23,,
"Becker, W.",person,"Becker, W.",privatperson,ja,christos,2026-09-22,,
"Beckmann, H.",person,"Beckmann, H.",privatperson,ja,christos,2026-09-22,,
"Hilgenberg, G.",person,"Hilgenberg, G.",privatperson,ja,christos,2026-09-22,,
"Kalthoff, J.",person,"Kalthoff, J.",privatperson,ja,christos,2026-09-22,,
"Piekenbrock, J.",person,"Piekenbrock, J.",privatperson,ja,christos,2026-09-22,,
"Schneider, G.",person,"Schneider, G.",privatperson,ja,christos,2026-09-22,,
"Vogelsang, W.",person,"Vogelsang, W.",privatperson,ja,christos,2026-09-22,,
"Volmert, A.",person,"Volmert, A.",privatperson,ja,christos,2026-09-22,,
Hoesch-Köln Neueseen A. -G.,koerperschaft,Hoesch Köln-Neuessen AG,industrie,ja,christos,2026-09-26,,
Hoesch-Köln Neueseen A.-G.,koerperschaft,Hoesch Köln-Neuessen AG,industrie,ja,christos,2026-09-26,,
Hoesch-Köln Neueseen A. =G.,koerperschaft,Hoesch Köln-Neuessen AG,industrie,ja,christos,2026-09-26,,
Städt. Sparkasse,koerperschaft,Stadtsparkasse,stadt_staat,ja,christos,2026-09-22,,
"Verein. Spar- u. Baugenossenschaft., e. G. m. b. H.",koerperschaft,Vereinigte Spar- u. Baugenossenschaft,genossenschaft_siedlung,ja,christos,2026-09-26,,
"Verein. Spar- u. Baugenossenschaft, e.G.m.b.H.",koerperschaft,Vereinigte Spar- u. Baugenossenschaft,genossenschaft_siedlung,ja,christos,2026-09-26,,
Verein. Spar- u. Baugenossensch. e. G. m. b. H.,koerperschaft,Vereinigte Spar- u. Baugenossenschaft,genossenschaft_siedlung,ja,christos,2026-09-26,,
Verein. Spar- u. Baugenossensch. e.G.m.b.H.,koerperschaft,Vereinigte Spar- u. Baugenossenschaft,genossenschaft_siedlung,ja,christos,2026-09-26,,
Verein. Spar- u. Baugenossenschaft e.G.m.b.H.,koerperschaft,Vereinigte Spar- u. Baugenossenschaft,genossenschaft_siedlung,ja,christos,2026-09-26,,
Verein. Spar- u. Baugenossenschaft e.G.m.b.h.,koerperschaft,Vereinigte Spar- u. Baugenossenschaft,genossenschaft_siedlung,ja,christos,2026-09-26,,
"Verein. Spar- u. Baugenossenschaft, E. G. M. b. H.",koerperschaft,Vereinigte Spar- u. Baugenossenschaft,genossenschaft_siedlung,ja,christos,2026-09-26,,
"Verein. Spar- u. Baugenossenschaft, e. G. m. b. H.",koerperschaft,Vereinigte Spar- u. Baugenossenschaft,genossenschaft_siedlung,ja,christos,2026-09-26,,
"Ballhausen, F.",person,"Ballhausen, F.",privatperson,ja,christos,2026-09-22,,
"Bullmann, H.",person,"Bullmann, H.",privatperson,ja,christos,2026-09-22,,
"Böhmer, W.",person,"Böhmer, W.",privatperson,ja,christos,2026-09-22,,
"Fischer, J.",person,"Fischer, J.",privatperson,ja,christos,2026-09-22,,
"Hilgenberg, W.",person,"Hilgenberg, W.",privatperson,ja,christos,2026-09-22,,
"Holters, G.",person,"Holters, G.",privatperson,ja,christos,2026-09-22,,
"Meyer, H.",person,"Meyer, H.",privatperson,ja,christos,2026-09-22,,
"Müller, K.",person,"Müller, K.",privatperson,ja,christos,2026-09-22,,
"Philipsenburg, H.",person,"Philipsenburg, H.",privatperson,ja,christos,2026-09-22,,
"Schneider, H.",person,"Schneider, H.",privatperson,ja,christos,2026-09-22,,
"Schneider, J.",person,"Schneider, J.",privatperson,ja,christos,2026-09-22,,
"Schäfer, F.",person,"Schäfer, F.",privatperson,ja,christos,2026-09-22,,
"Schürmann, W.",person,"Schürmann, W.",privatperson,ja,christos,2026-09-22,,
"Steinforth, H.",person,"Steinforth, H.",privatperson,ja,christos,2026-09-22,,
"Stöckmann, H.",person,"Stöckmann, H.",privatperson,ja,christos,2026-09-22,,
"Wienhusen, J.",person,"Wienhusen, J.",privatperson,ja,christos,2026-09-22,,
Allg. Bauverein A.G.,koerperschaft,Allgemeiner Bauverein Essen (Allbau),genossenschaft_siedlung,ja,christos,2026-09-23,,
Allg. Bauverein A.-G.,koerperschaft,Allgemeiner Bauverein Essen (Allbau),genossenschaft_siedlung,ja,christos,2026-09-23,,
Allg. Bauverein A. G.,koerperschaft,Allgemeiner Bauverein Essen (Allbau),genossenschaft_siedlung,ja,christos,2026-09-23,,
"Allg. Bauverein, A.-G.",koerperschaft,Allgemeiner Bauverein Essen (Allbau),genossenschaft_siedlung,ja,christos,2026-09-23,,
Allgem. Bauverein Essen A.G.,koerperschaft,Allgemeiner Bauverein Essen (Allbau),genossenschaft_siedlung,ja,christos,2026-09-23,,
Allgem. Bauverein Essen AG,koerperschaft,Allgemeiner Bauverein Essen (Allbau),genossenschaft_siedlung,ja,christos,2026-09-23,,
"Allgem. Bauverein Essen, A.G.",koerperschaft,Allgemeiner Bauverein Essen (Allbau),genossenschaft_siedlung,ja,christos,2026-09-23,,
Allgem. Bauver. Essen A.-G.,koerperschaft,Allgemeiner Bauverein Essen (Allbau),genossenschaft_siedlung,ja,christos,2026-09-23,,
"Allgem. Bauver. Essen, A.-G.",koerperschaft,Allgemeiner Bauverein Essen (Allbau),genossenschaft_siedlung,ja,christos,2026-09-23,,
Allgem. Bauverein Essen AG.,koerperschaft,Allgemeiner Bauverein Essen (Allbau),genossenschaft_siedlung,ja,christos,2026-09-23,,
"Allgem. Bauverein, A.-G., Essen",koerperschaft,Allgemeiner Bauverein Essen (Allbau),genossenschaft_siedlung,ja,christos,2026-09-23,,
"Bau- u. Sparverein ""Eintracht""",koerperschaft,"""Eintracht"" Bau- u. Sparverein eGmbH",genossenschaft_siedlung,ja,christos,2026-09-23,"Wikipedia: ""Die Straßenbezeichnung geht auf die am 4. Dezember 1904 durch Eisenbahner gegründete Eintracht Bau- und Sparverein eGmbH zurück. Sie baute nahe dem damaligen Eisenbahnbetriebswerk Essen Hbf 160 Wohnungen. 1941 verschmolz die Eintracht mit der Wohnungsgesellschaft Ruhr-Niederrhein mbH Essen, einem Unternehmen der Deutschen Reichsbahn. Die Eintrachtstraße verbindet die Krampestraße mit der Gerhard-Stötzel-Straße. Am Westende der Straße führt eine Treppe zur Krampestraße."", URL: https://de.wikipedia.org/wiki/Liste_der_Stra%C3%9Fen_in_Essen-S%C3%BCdostviertel, abgerufen am: 23.9.2026",
Bau- u. Sparverein Eintracht,koerperschaft,"""Eintracht"" Bau- u. Sparverein eGmbH",genossenschaft_siedlung,ja,christos,2026-09-23,"Wikipedia: ""Die Straßenbezeichnung geht auf die am 4. Dezember 1904 durch Eisenbahner gegründete Eintracht Bau- und Sparverein eGmbH zurück. Sie baute nahe dem damaligen Eisenbahnbetriebswerk Essen Hbf 160 Wohnungen. 1941 verschmolz die Eintracht mit der Wohnungsgesellschaft Ruhr-Niederrhein mbH Essen, einem Unternehmen der Deutschen Reichsbahn. Die Eintrachtstraße verbindet die Krampestraße mit der Gerhard-Stötzel-Straße. Am Westende der Straße führt eine Treppe zur Krampestraße."", URL: https://de.wikipedia.org/wiki/Liste_der_Stra%C3%9Fen_in_Essen-S%C3%BCdostviertel, abgerufen am: 23.9.2026",
"Bau- und Sparverein ""Eintracht""",koerperschaft,"""Eintracht"" Bau- u. Sparverein eGmbH",genossenschaft_siedlung,ja,christos,2026-09-23,"Wikipedia: ""Die Straßenbezeichnung geht auf die am 4. Dezember 1904 durch Eisenbahner gegründete Eintracht Bau- und Sparverein eGmbH zurück. Sie baute nahe dem damaligen Eisenbahnbetriebswerk Essen Hbf 160 Wohnungen. 1941 verschmolz die Eintracht mit der Wohnungsgesellschaft Ruhr-Niederrhein mbH Essen, einem Unternehmen der Deutschen Reichsbahn. Die Eintrachtstraße verbindet die Krampestraße mit der Gerhard-Stötzel-Straße. Am Westende der Straße führt eine Treppe zur Krampestraße."", URL: https://de.wikipedia.org/wiki/Liste_der_Stra%C3%9Fen_in_Essen-S%C3%BCdostviertel, abgerufen am: 23.9.2026",
"Baugen. ""Familienwohl""",koerperschaft,"Baugenossenschaft ""Familienwohl""",genossenschaft_siedlung,ja,christos,2026-09-23,,
Baugen. Familienwohl,koerperschaft,"Baugenossenschaft ""Familienwohl""",genossenschaft_siedlung,ja,christos,2026-09-23,,
"Baugen. ""Familienwohl",koerperschaft,"Baugenossenschaft ""Familienwohl""",genossenschaft_siedlung,ja,christos,2026-09-23,,
Baugen. Famlilienwohl,koerperschaft,"Baugenossenschaft ""Familienwohl""",genossenschaft_siedlung,ja,christos,2026-09-23,,
Gew. Zeche Heinrich,koerperschaft,Zeche Heinrich,bergbau,ja,christos,2026-09-22,,
Gewerksch. Zeche Heinrich,koerperschaft,Zeche Heinrich,bergbau,ja,christos,2026-09-22,,
Mülh. Bergw. Ver.,koerperschaft,Mühlheimer Bergwerks-Verein,bergbau,ja,christos,2026-09-23,,
Staatsfiskus,koerperschaft,Staatsfiskus,stadt_staat,ja,christos,2026-09-22,,
Werdener Feintuchwerke A. G.,koerperschaft,Werdener Feintuchwerke AG,industrie,ja,christos,2026-09-23,,
Werdener Feintuchwerke A.-G.,koerperschaft,Werdener Feintuchwerke AG,industrie,ja,christos,2026-09-23,,
Werdener Feintuchwerke A.G.,koerperschaft,Werdener Feintuchwerke AG,industrie,ja,christos,2026-09-23,,
Werdener Feintuchwerk A.-G.,koerperschaft,Werdener Feintuchwerke AG,industrie,ja,christos,2026-09-23,,
Werdener Feintuchwerke A. -G.,koerperschaft,Werdener Feintuchwerke AG,industrie,ja,christos,2026-09-23,,
"Werdener Feintuchwerke, A. -G.",koerperschaft,Werdener Feintuchwerke AG,industrie,ja,christos,2026-09-23,,
"Becker, M.",person,"Becker, M.",privatperson,ja,christos,2026-09-22,,
"Külshammer, H.",person,"Külshammer, H.",privatperson,ja,christos,2026-09-22,,
"Küpper, H.",person,"Küpper, H.",privatperson,ja,christos,2026-09-22,,
"Maas, L.",person,"Maas, L.",privatperson,ja,christos,2026-09-22,,
"Moldrings, B.",person,"Moldrings, B.",privatperson,ja,christos,2026-09-22,,
"Scheidtmann, H.",person,"Scheidtmann, H.",privatperson,ja,christos,2026-09-22,,
Schmitz,person,Schmitz,privatperson,ja,christos,2026-09-22,,
"Schulte, J.",person,"Schulte, J.",privatperson,ja,christos,2026-09-22,,
"Schäfer, J.",person,"Schäfer, J.",privatperson,ja,christos,2026-09-22,,
"Sonnenschein, H.",person,"Sonnenschein, H.",privatperson,ja,christos,2026-09-22,,
"Vogelsang, J.",person,"Vogelsang, J.",privatperson,ja,christos,2026-09-22,,
Bergm. Siedlg. Ess. Süd,koerperschaft,Bergm.-Siedlung E.-Süd,genossenschaft_siedlung,ja,christos,2026-09-26,,
Bergm. Siedl. Ess. Süd,koerperschaft,Bergm.-Siedlung E.-Süd,genossenschaft_siedlung,ja,christos,2026-09-26,,
Deutsche Reichsb. Ges.,koerperschaft,Deutsche Reichsbahn,stadt_staat,ja,christos,2026-09-26,,
Deutsche Reichsbahn Ges.,koerperschaft,Deutsche Reichsbahn,stadt_staat,ja,christos,2026-09-26,,
Dtsch. Reichsb. Ges.,koerperschaft,Deutsche Reichsbahn,stadt_staat,ja,christos,2026-09-26,,
Dtsche. Reichsb. Ges.,koerperschaft,Deutsche Reichsbahn,stadt_staat,ja,christos,2026-09-26,,
Ev. Kirchengemeinde,koerperschaft,Ev. Kirchengemeinde,,,eigentuemer_cluster,2026-09-22,,
"Gagfah, Gemeinn. Akt. Ges. f. Angestellte",koerperschaft,Gemeinnützige Aktien-Gesellschaft für Angestellten-Heimstätten (GAGfAH),genossenschaft_siedlung,ja,christos,2026-09-23,https://de.wikipedia.org/wiki/Gagfah,
"""Gagfah"", Gemeinn. Akt. Ges. f. Angestellte",koerperschaft,Gemeinnützige Aktien-Gesellschaft für Angestellten-Heimstätten (GAGfAH),genossenschaft_siedlung,ja,christos,2026-09-23,https://de.wikipedia.org/wiki/Gagfah,
Gemeinnützige Heimstätten A.G.,koerperschaft,Gemeinnützige Heimstätten AG (GEHAG),genossenschaft_siedlung,ja,christos,2026-09-23,https://de.wikipedia.org/wiki/GEHAG,
Gemeinnützige Heimstätten A.-G.,koerperschaft,Gemeinnützige Heimstätten AG (GEHAG),genossenschaft_siedlung,ja,christos,2026-09-23,https://de.wikipedia.org/wiki/GEHAG,
Gemeinnützige Heimstätten A. G.,koerperschaft,Gemeinnützige Heimstätten AG (GEHAG),genossenschaft_siedlung,ja,christos,2026-09-23,https://de.wikipedia.org/wiki/GEHAG,
Mühl. Bergw. Verein,koerperschaft,Mühlheimer Bergwerks-Verein,bergbau,ja,christos,2026-09-23,,
Mühl. Bergwerksverein,koerperschaft,Mühlheimer Bergwerks-Verein,bergbau,ja,christos,2026-09-23,,
Reichsb. Fiskus,koerperschaft,Reichsb. Fiskus,stadt_staat,ja,christos,2026-09-23,,
"Becker, A.",person,"Becker, A.",privatperson,ja,christos,2026-09-22,,
"Beckmann, W.",person,"Beckmann, W.",privatperson,ja,christos,2026-09-22,,
"Bergmann, H.",person,"Bergmann, H.",privatperson,ja,christos,2026-09-22,,
"Cappius, J.",person,"Cappius, J.",privatperson,ja,christos,2026-09-22,,
"Fischer, K.",person,"Fischer, K.",privatperson,ja,christos,2026-09-22,,
"Girardet, W.",person,"Girardet, W.",privatperson,ja,christos,2026-09-22,,
"Grubenbecher, C.",person,"Grubenbecher, C.",privatperson,ja,christos,2026-09-22,,
"Hegemann, F.",person,"Hegemann, F.",privatperson,ja,christos,2026-09-22,,
"Hegemann, H.",person,"Hegemann, H.",privatperson,ja,christos,2026-09-22,,
"Hengler, A.",person,"Hengler, A.",privatperson,ja,christos,2026-09-22,,
"Hoffmann, J.",person,"Hoffmann, J.",privatperson,ja,christos,2026-09-22,,
"Hoffrohne, W.",person,"Hoffrohne, W.",privatperson,ja,christos,2026-09-22,,
"Hüttmann, L.",person,"Hüttmann, L.",privatperson,ja,christos,2026-09-22,,
"Jansen, J.",person,"Jansen, J.",privatperson,ja,christos,2026-09-22,,
"Klein, F.",person,"Klein, F.",privatperson,ja,christos,2026-09-22,,
"Koch, A.",person,"Koch, A.",privatperson,ja,christos,2026-09-22,,
"Kuhlmann, H.",person,"Kuhlmann, H.",privatperson,ja,christos,2026-09-22,,
"Meyer, J.",person,"Meyer, J.",privatperson,ja,christos,2026-09-22,,
"Möller, H.",person,"Möller, H.",privatperson,ja,christos,2026-09-22,,
"Niermann, F.",person,"Niermann, F.",privatperson,ja,christos,2026-09-23,Kategorie sicher; Identität (dieselbe Person?) aus dem Namen nicht belegbar — Sammelentscheid 2026-09-23,
"Philipsenburg, W.",person,"Philipsenburg, W.",privatperson,ja,christos,2026-09-23,Kategorie sicher; Identität (dieselbe Person?) aus dem Namen nicht belegbar — Sammelentscheid 2026-09-23,
"Schmidt, J.",person,"Schmidt, J.",privatperson,ja,christos,2026-09-23,Kategorie sicher; Identität (dieselbe Person?) aus dem Namen nicht belegbar — Sammelentscheid 2026-09-23,
"Schröder, H.",person,"Schröder, H.",privatperson,ja,christos,2026-09-23,Kategorie sicher; Identität (dieselbe Person?) aus dem Namen nicht belegbar — Sammelentscheid 2026-09-23,
"Schäfer, K.",person,"Schäfer, K.",privatperson,ja,christos,2026-09-23,Kategorie sicher; Identität (dieselbe Person?) aus dem Namen nicht belegbar — Sammelentscheid 2026-09-23,
"Sprungmann, R.",person,"Sprungmann, R.",privatperson,ja,christos,2026-09-23,Kategorie sicher; Identität (dieselbe Person?) aus dem Namen nicht belegbar — Sammelentscheid 2026-09-23,
"Weber, J.",person,"Weber, J.",privatperson,ja,christos,2026-09-23,Kategorie sicher; Identität (dieselbe Person?) aus dem Namen nicht belegbar — Sammelentscheid 2026-09-23,
"Wieners, H.",person,"Wieners, H.",privatperson,ja,christos,2026-09-23,Kategorie sicher; Identität (dieselbe Person?) aus dem Namen nicht belegbar — Sammelentscheid 2026-09-23,
Dtsche Reichsb.,koerperschaft,Deutsche Reichsbahn,stadt_staat,ja,christos,2026-09-26,,
Essener Bank e.G.m.b.H. i. Liqu.,koerperschaft,Essener Bank eGmbH in Liqu.,bank_versicherung,ja,christos,2026-09-23,,
Ess. Bank e. G. m. b. H. in Liqui.,koerperschaft,Essener Bank eGmbH in Liqu.,bank_versicherung,ja,christos,2026-09-23,,
Ess. Bk. E. G. M. b. H. in Liqu.,koerperschaft,Essener Bank eGmbH in Liqu.,bank_versicherung,ja,christos,2026-09-23,,
"Ess. Bk. e. G. m. b. H., in Liqu.",koerperschaft,Essener Bank eGmbH in Liqu.,bank_versicherung,ja,christos,2026-09-23,,
Essener Bank e. G. m. b. H. in Liquid.,koerperschaft,Essener Bank eGmbH in Liqu.,bank_versicherung,ja,christos,2026-09-23,,
Essener Bank e. G.m.b.H. in Liqui.,koerperschaft,Essener Bank eGmbH in Liqu.,bank_versicherung,ja,christos,2026-09-23,,
"Essener Bank, e. G. m. b. H. in Liqu.",koerperschaft,Essener Bank eGmbH in Liqu.,bank_versicherung,ja,christos,2026-09-23,,
Evang. Kirchengem.,koerperschaft,Evang. Kirchengem.,,,eigentuemer_cluster,2026-09-22,,
Kleinhaussiedlung Essen e. G. m. b. H.,koerperschaft,Kleinhaussiedlung Essen-Altendorf,genossenschaft_siedlung,ja,christos,2026-09-23,,
Kleinhaussiedlung Essen e.G.m.b.H.,koerperschaft,Kleinhaussiedlung Essen-Altendorf,genossenschaft_siedlung,ja,christos,2026-09-23,,
"Kleinhaussiedlung Essen, e.G.m.b.H.",koerperschaft,Kleinhaussiedlung Essen-Altendorf,genossenschaft_siedlung,ja,christos,2026-09-23,,
Kleinhaussiedlung Ess. e.g.m.b.h,koerperschaft,Kleinhaussiedlung Essen-Altendorf,genossenschaft_siedlung,ja,christos,2026-09-23,,
Kleinhaussiedlung Essen E.g.m.b.h.,koerperschaft,Kleinhaussiedlung Essen-Altendorf,genossenschaft_siedlung,ja,christos,2026-09-23,,
Rhein. Stahlwerke,koerperschaft,Rheinische Stahlwerke AG,industrie,ja,christos,2026-09-23,,
Rhein. Stahlw.,koerperschaft,Rheinische Stahlwerke AG,industrie,ja,christos,2026-09-23,,
Rhein. Westf. Elektrizitätswerk,koerperschaft,Rheinisch-Westflisches Elektrizitätswerk AG (RWE),industrie,ja,christos,2026-09-23,,
"Rhein. Westf. Elektrizitätswerk, A. G.",koerperschaft,Rheinisch-Westflisches Elektrizitätswerk AG (RWE),industrie,ja,christos,2026-09-23,,
Rhein. Westf. Elektrizitätswerk A. G.,koerperschaft,Rheinisch-Westflisches Elektrizitätswerk AG (RWE),industrie,ja,christos,2026-09-23,,
Rhein.- Westf. Elektrizitätswerk A.-G.,koerperschaft,Rheinisch-Westflisches Elektrizitätswerk AG (RWE),industrie,ja,christos,2026-09-23,,
Verein f. d. bergbaulichen Interessen,koerperschaft,Verein f. Bergbaul. Interessen,sonstige,ja,christos,2026-09-22,,
Verein für die bergbaulichen Interessen,koerperschaft,Verein f. Bergbaul. Interessen,sonstige,ja,christos,2026-09-22,,
Verein für Bergbauliche Interessen,koerperschaft,Verein f. Bergbaul. Interessen,sonstige,ja,christos,2026-09-22,,
"Becker, F.",person,"Becker, F.",privatperson,ja,christos,2026-09-23,Kategorie sicher; Identität (dieselbe Person?) aus dem Namen nicht belegbar — Sammelentscheid 2026-09-23,
"Beckmann, A.",person,"Beckmann, A.",privatperson,ja,christos,2026-09-23,Kategorie sicher; Identität (dieselbe Person?) aus dem Namen nicht belegbar — Sammelentscheid 2026-09-23,
"Buschmann, H.",person,"Buschmann, H.",privatperson,ja,christos,2026-09-23,Kategorie sicher; Identität (dieselbe Person?) aus dem Namen nicht belegbar — Sammelentscheid 2026-09-23,
"Conrad, W.",person,"Conrad, W.",privatperson,ja,christos,2026-09-23,Kategorie sicher; Identität (dieselbe Person?) aus dem Namen nicht belegbar — Sammelentscheid 2026-09-23,
"Damm, H.",person,"Damm, H.",privatperson,ja,christos,2026-09-23,Kategorie sicher; Identität (dieselbe Person?) aus dem Namen nicht belegbar — Sammelentscheid 2026-09-23,
"Hüser, H.",person,"Hüser, H.",privatperson,ja,christos,2026-09-23,Kategorie sicher; Identität (dieselbe Person?) aus dem Namen nicht belegbar — Sammelentscheid 2026-09-23,
"Klein, J.",person,"Klein, J.",privatperson,ja,christos,2026-09-23,Kategorie sicher; Identität (dieselbe Person?) aus dem Namen nicht belegbar — Sammelentscheid 2026-09-23,
"Koch, H.",person,"Koch, H.",privatperson,ja,christos,2026-09-23,Kategorie sicher; Identität (dieselbe Person?) aus dem Namen nicht belegbar — Sammelentscheid 2026-09-23,
"Krupp v. Bohlen u. Halbach, Dr., G.",person,"Krupp v. Bohlen u. Halbach, Dr., Gustav",privatperson,ja,christos,2026-09-26,Gustav Krupp von Bohlen und Halbach,sicher
"Lange, A.",person,"Lange, A.",privatperson,ja,christos,2026-09-23,Kategorie sicher; Identität (dieselbe Person?) aus dem Namen nicht belegbar — Sammelentscheid 2026-09-23,
"Lindemann, H.",person,"Lindemann, H.",privatperson,ja,christos,2026-09-23,Kategorie sicher; Identität (dieselbe Person?) aus dem Namen nicht belegbar — Sammelentscheid 2026-09-23,
"Löbbert, H.",person,"Löbbert, H.",privatperson,ja,christos,2026-09-23,Kategorie sicher; Identität (dieselbe Person?) aus dem Namen nicht belegbar — Sammelentscheid 2026-09-23,
"Mertens, W.",person,"Mertens, W.",privatperson,ja,christos,2026-09-23,Kategorie sicher; Identität (dieselbe Person?) aus dem Namen nicht belegbar — Sammelentscheid 2026-09-23,
"Möller, A.",person,"Möller, A.",privatperson,ja,christos,2026-09-23,Kategorie sicher; Identität (dieselbe Person?) aus dem Namen nicht belegbar — Sammelentscheid 2026-09-23,
"Niehusmann, W.",person,"Niehusmann, W.",privatperson,ja,christos,2026-09-23,Kategorie sicher; Identität (dieselbe Person?) aus dem Namen nicht belegbar — Sammelentscheid 2026-09-23,
"Niermann, Th.",person,"Niermann, Th.",privatperson,ja,christos,2026-09-23,Kategorie sicher; Identität (dieselbe Person?) aus dem Namen nicht belegbar — Sammelentscheid 2026-09-23,
Renoldi,person,Renoldi,privatperson,ja,christos,2026-09-23,Kategorie sicher; Identität (dieselbe Person?) aus dem Namen nicht belegbar — Sammelentscheid 2026-09-23,
"Schmitz, F.",person,"Schmitz, F.",privatperson,ja,christos,2026-09-23,Kategorie sicher; Identität (dieselbe Person?) aus dem Namen nicht belegbar — Sammelentscheid 2026-09-23,
"Schröer, H.",person,"Schröer, H.",privatperson,ja,christos,2026-09-23,Kategorie sicher; Identität (dieselbe Person?) aus dem Namen nicht belegbar — Sammelentscheid 2026-09-23,
"Schulte, H.",person,"Schulte, H.",privatperson,ja,christos,2026-09-23,Kategorie sicher; Identität (dieselbe Person?) aus dem Namen nicht belegbar — Sammelentscheid 2026-09-23,
"Schulz, A.",person,"Schulz, A.",privatperson,ja,christos,2026-09-23,Kategorie sicher; Identität (dieselbe Person?) aus dem Namen nicht belegbar — Sammelentscheid 2026-09-23,
"Schulz, W.",person,"Schulz, W.",privatperson,ja,christos,2026-09-23,Kategorie sicher; Identität (dieselbe Person?) aus dem Namen nicht belegbar — Sammelentscheid 2026-09-23,
"Schumacher, W.",person,"Schumacher, W.",privatperson,ja,christos,2026-09-23,Kategorie sicher; Identität (dieselbe Person?) aus dem Namen nicht belegbar — Sammelentscheid 2026-09-23,
"Schwarz, J.",person,"Schwarz, J.",privatperson,ja,christos,2026-09-23,Kategorie sicher; Identität (dieselbe Person?) aus dem Namen nicht belegbar — Sammelentscheid 2026-09-23,
"Souren, H.",person,"Souren, H.",privatperson,ja,christos,2026-09-23,Kategorie sicher; Identität (dieselbe Person?) aus dem Namen nicht belegbar — Sammelentscheid 2026-09-23,
"Stottrop, W.",person,"Stottrop, W.",privatperson,ja,christos,2026-09-23,Kategorie sicher; Identität (dieselbe Person?) aus dem Namen nicht belegbar — Sammelentscheid 2026-09-23,
"Troullier, C.",person,"Troullier, C.",privatperson,ja,christos,2026-09-23,Kategorie sicher; Identität (dieselbe Person?) aus dem Namen nicht belegbar — Sammelentscheid 2026-09-23,
"Uhlendahl, K.",person,"Uhlendahl, K.",privatperson,ja,christos,2026-09-23,Kategorie sicher; Identität (dieselbe Person?) aus dem Namen nicht belegbar — Sammelentscheid 2026-09-23,
"Völlinger, G.",person,"Völlinger, G.",privatperson,ja,christos,2026-09-23,Kategorie sicher; Identität (dieselbe Person?) aus dem Namen nicht belegbar — Sammelentscheid 2026-09-23,
"Weber, H.",person,"Weber, H.",privatperson,ja,christos,2026-09-23,Kategorie sicher; Identität (dieselbe Person?) aus dem Namen nicht belegbar — Sammelentscheid 2026-09-23,
Allbau A. G.,koerperschaft,Allgemeiner Bauverein Essen (Allbau),genossenschaft_siedlung,ja,christos,2026-09-23,,
Allbau A.G.,koerperschaft,Allgemeiner Bauverein Essen (Allbau),genossenschaft_siedlung,ja,christos,2026-09-23,,
Allbau A.-G.,koerperschaft,Allgemeiner Bauverein Essen (Allbau),genossenschaft_siedlung,ja,christos,2026-09-23,,
Allbau Essen A.G.,koerperschaft,Allgemeiner Bauverein Essen (Allbau),genossenschaft_siedlung,ja,christos,2026-09-23,,
Allbau Essen AG,koerperschaft,Allgemeiner Bauverein Essen (Allbau),genossenschaft_siedlung,ja,christos,2026-09-23,,
Allbau Essen A.G,koerperschaft,Allgemeiner Bauverein Essen (Allbau),genossenschaft_siedlung,ja,christos,2026-09-23,,
"Allbau, Essen A. G.",koerperschaft,Allgemeiner Bauverein Essen (Allbau),genossenschaft_siedlung,ja,christos,2026-09-23,,
"Allbau, Essen, A.-G.",koerperschaft,Allgemeiner Bauverein Essen (Allbau),genossenschaft_siedlung,ja,christos,2026-09-23,,
Allg. Bauverein,koerperschaft,Allgemeiner Bauverein Essen (Allbau),genossenschaft_siedlung,ja,christos,2026-09-23,,
Baugenossenschaft Eigene Scholle,koerperschaft,Baugenossenschaft Eigene Scholle,genossenschaft_siedlung,ja,christos,2026-09-23,,
"Baugenossenschaft ""Eigene Scholle""",koerperschaft,Baugenossenschaft Eigene Scholle,genossenschaft_siedlung,ja,christos,2026-09-23,,
Gew. Christine,koerperschaft,Gew. Christine,bergbau,ja,christos,2026-09-22,,
Gutehoffnungshütte,koerperschaft,Gutehoffnungshütte (GHH),industrie,ja,christos,2026-09-23,,
Gute-Hoffnungs-Hütte,koerperschaft,Gutehoffnungshütte (GHH),industrie,ja,christos,2026-09-23,,
Gute-Hoffnungshütte,koerperschaft,Gutehoffnungshütte (GHH),industrie,ja,christos,2026-09-23,,
Spar- u. Bauverein,koerperschaft,Spar- u. Bauverein,genossenschaft_siedlung,ja,christos,2026-09-26,,
Spar-  u. Bauverein,koerperschaft,Spar- u. Bauverein,genossenschaft_siedlung,ja,christos,2026-09-26,,
Spar- und Bauverein,koerperschaft,Spar- u. Bauverein,genossenschaft_siedlung,ja,christos,2026-09-26,,
Südd. Eisenb. Ges.,koerperschaft,Süddeutsche Eisenbahn-Gesellschaft (SEG),genossenschaft_siedlung,ja,christos,2026-09-26,https://de.wikipedia.org/wiki/S%C3%BCddeutsche_Eisenbahn-Gesellschaft,
Südd. Eisenb. Ges. A.-G.,koerperschaft,Süddeutsche Eisenbahn-Gesellschaft (SEG),genossenschaft_siedlung,ja,christos,2026-09-26,https://de.wikipedia.org/wiki/S%C3%BCddeutsche_Eisenbahn-Gesellschaft,
"Wohnungsgenossensch. ""Feldhaushof"" G.m.b.h.",koerperschaft,Kleinwohnungsgenossenschaft Feldhaushof eGmbH,genossenschaft_siedlung,ja,christos,2026-09-23,,
"Wohnungsgenossensch. Feldhaushof, G.m.b.H.",koerperschaft,Kleinwohnungsgenossenschaft Feldhaushof eGmbH,genossenschaft_siedlung,ja,christos,2026-09-23,,
Zeche Carolus Magnus,koerperschaft,Gewerkschft Zeche Carolus Magnus,bergbau,ja,christos,2026-09-22,,
Zeche Carolus-Magnus,koerperschaft,Gewerkschft Zeche Carolus Magnus,bergbau,ja,christos,2026-09-22,,
Zwangsverwaltung,koerperschaft,Zwangsverwaltung,sonstige,ja,christos,2026-09-23,,
"Busch, A.",person,"Busch, A.",privatperson,ja,christos,2026-09-23,Kategorie sicher; Identität (dieselbe Person?) aus dem Namen nicht belegbar — Sammelentscheid 2026-09-23,
"Eckart, F.",person,"Eckart, F.",privatperson,ja,christos,2026-09-23,Kategorie sicher; Identität (dieselbe Person?) aus dem Namen nicht belegbar — Sammelentscheid 2026-09-23,
"Engels, H.",person,"Engels, H.",privatperson,ja,christos,2026-09-23,Kategorie sicher; Identität (dieselbe Person?) aus dem Namen nicht belegbar — Sammelentscheid 2026-09-23,
"Fries, F.",person,"Fries, F.",privatperson,ja,christos,2026-09-23,Kategorie sicher; Identität (dieselbe Person?) aus dem Namen nicht belegbar — Sammelentscheid 2026-09-23,
"Funke, W.",person,"Funke, W.",privatperson,ja,christos,2026-09-23,Kategorie sicher; Identität (dieselbe Person?) aus dem Namen nicht belegbar — Sammelentscheid 2026-09-23,
"Gerlach, K.",person,"Gerlach, K.",privatperson,ja,christos,2026-09-23,Kategorie sicher; Identität (dieselbe Person?) aus dem Namen nicht belegbar — Sammelentscheid 2026-09-23,
"Grauel, A.",person,"Grauel, A.",privatperson,ja,christos,2026-09-23,Kategorie sicher; Identität (dieselbe Person?) aus dem Namen nicht belegbar — Sammelentscheid 2026-09-23,
"Grüter, H.",person,"Grüter, H.",privatperson,ja,christos,2026-09-23,Kategorie sicher; Identität (dieselbe Person?) aus dem Namen nicht belegbar — Sammelentscheid 2026-09-23,
Hausmann,person,Hausmann,privatperson,ja,christos,2026-09-23,Kategorie sicher; Identität (dieselbe Person?) aus dem Namen nicht belegbar — Sammelentscheid 2026-09-23,
"Hausmann, H.",person,"Hausmann, H.",privatperson,ja,christos,2026-09-23,Kategorie sicher; Identität (dieselbe Person?) aus dem Namen nicht belegbar — Sammelentscheid 2026-09-23,
"Hemming, Th.",person,"Hemming, Th.",privatperson,ja,christos,2026-09-23,Kategorie sicher; Identität (dieselbe Person?) aus dem Namen nicht belegbar — Sammelentscheid 2026-09-23,
"Hoffmann, B.",person,"Hoffmann, B.",privatperson,ja,christos,2026-09-23,Kategorie sicher; Identität (dieselbe Person?) aus dem Namen nicht belegbar — Sammelentscheid 2026-09-23,
"Holbeck, H.",person,"Holbeck, H.",privatperson,ja,christos,2026-09-23,Kategorie sicher; Identität (dieselbe Person?) aus dem Namen nicht belegbar — Sammelentscheid 2026-09-23,
"Hülsmann, P.",person,"Hülsmann, P.",privatperson,ja,christos,2026-09-23,Kategorie sicher; Identität (dieselbe Person?) aus dem Namen nicht belegbar — Sammelentscheid 2026-09-23,
"Hüttmann, W.",person,"Hüttmann, W.",privatperson,ja,christos,2026-09-23,Kategorie sicher; Identität (dieselbe Person?) aus dem Namen nicht belegbar — Sammelentscheid 2026-09-23,
"Jansen, H.",person,"Jansen, H.",privatperson,ja,christos,2026-09-23,Kategorie sicher; Identität (dieselbe Person?) aus dem Namen nicht belegbar — Sammelentscheid 2026-09-23,
"Jansen, W.",person,"Jansen, W.",privatperson,ja,christos,2026-09-23,Kategorie sicher; Identität (dieselbe Person?) aus dem Namen nicht belegbar — Sammelentscheid 2026-09-23,
"Jäger, A.",person,"Jäger, A.",privatperson,ja,christos,2026-09-23,Kategorie sicher; Identität (dieselbe Person?) aus dem Namen nicht belegbar — Sammelentscheid 2026-09-23,
"Jäger, W.",person,"Jäger, W.",privatperson,ja,christos,2026-09-23,Kategorie sicher; Identität (dieselbe Person?) aus dem Namen nicht belegbar — Sammelentscheid 2026-09-23,
"Kaiser, W.",person,"Kaiser, W.",privatperson,ja,christos,2026-09-23,Kategorie sicher; Identität (dieselbe Person?) aus dem Namen nicht belegbar — Sammelentscheid 2026-09-23,
"Katemann, J.",person,"Katemann, J.",privatperson,ja,christos,2026-09-23,Kategorie sicher; Identität (dieselbe Person?) aus dem Namen nicht belegbar — Sammelentscheid 2026-09-23,
"Koch, F.",person,"Koch, F.",privatperson,ja,christos,2026-09-23,Kategorie sicher; Identität (dieselbe Person?) aus dem Namen nicht belegbar — Sammelentscheid 2026-09-23,
"Kohl, A.",person,"Kohl, A.",privatperson,ja,christos,2026-09-23,Kategorie sicher; Identität (dieselbe Person?) aus dem Namen nicht belegbar — Sammelentscheid 2026-09-23,
"Koppers, H.",person,"Koppers, H.",privatperson,ja,christos,2026-09-23,Kategorie sicher; Identität (dieselbe Person?) aus dem Namen nicht belegbar — Sammelentscheid 2026-09-23,
"Krupp v. Bohlen u. Halbach, B.",person,"Krupp v. Bohlen u. Halbach, Bertha",privatperson,ja,christos,2026-09-23,wahrscheinlich Bertha Krupp von Bohlen und Halbach,sicher
"Kuhlmann, J.",person,"Kuhlmann, J.",privatperson,ja,christos,2026-09-23,Kategorie sicher; Identität (dieselbe Person?) aus dem Namen nicht belegbar — Sammelentscheid 2026-09-23,
"Kämper, J.",person,"Kämper, J.",privatperson,ja,christos,2026-09-23,Kategorie sicher; Identität (dieselbe Person?) aus dem Namen nicht belegbar — Sammelentscheid 2026-09-23,
"Köchling, H.",person,"Köchling, H.",privatperson,ja,christos,2026-09-23,Kategorie sicher; Identität (dieselbe Person?) aus dem Namen nicht belegbar — Sammelentscheid 2026-09-23,
"Köhler, F.",person,"Köhler, F.",privatperson,ja,christos,2026-09-23,Kategorie sicher; Identität (dieselbe Person?) aus dem Namen nicht belegbar — Sammelentscheid 2026-09-23,
"König, W.",person,"König, W.",privatperson,ja,christos,2026-09-23,Kategorie sicher; Identität (dieselbe Person?) aus dem Namen nicht belegbar — Sammelentscheid 2026-09-23,
"Küpper, J.",person,"Küpper, J.",privatperson,ja,christos,2026-09-23,Kategorie sicher; Identität (dieselbe Person?) aus dem Namen nicht belegbar — Sammelentscheid 2026-09-23,
"Lohmann, W.",person,"Lohmann, W.",privatperson,ja,christos,2026-09-23,Kategorie sicher; Identität (dieselbe Person?) aus dem Namen nicht belegbar — Sammelentscheid 2026-09-23,
"Newe, H.",person,"Newe, H.",privatperson,ja,christos,2026-09-23,Kategorie sicher; Identität (dieselbe Person?) aus dem Namen nicht belegbar — Sammelentscheid 2026-09-23,
"Philipsenburg, J.",person,"Philipsenburg, J.",privatperson,ja,christos,2026-09-23,Kategorie sicher; Identität (dieselbe Person?) aus dem Namen nicht belegbar — Sammelentscheid 2026-09-23,
"Richter, F.",person,"Richter, F.",privatperson,ja,christos,2026-09-23,Kategorie sicher; Identität (dieselbe Person?) aus dem Namen nicht belegbar — Sammelentscheid 2026-09-23,
"Ritter, P.",person,"Ritter, P.",privatperson,ja,christos,2026-09-23,Kategorie sicher; Identität (dieselbe Person?) aus dem Namen nicht belegbar — Sammelentscheid 2026-09-23,
"Rose, J.",person,"Rose, J.",privatperson,ja,christos,2026-09-23,Kategorie sicher; Identität (dieselbe Person?) aus dem Namen nicht belegbar — Sammelentscheid 2026-09-23,
"Rotthäuser, H.",person,"Rotthäuser, H.",privatperson,ja,christos,2026-09-23,Kategorie sicher; Identität (dieselbe Person?) aus dem Namen nicht belegbar — Sammelentscheid 2026-09-23,
"Ruhrmann, Th.",person,"Ruhrmann, Th.",privatperson,ja,christos,2026-09-23,Kategorie sicher; Identität (dieselbe Person?) aus dem Namen nicht belegbar — Sammelentscheid 2026-09-23,
"Rädler, K.",person,"Rädler, K.",privatperson,ja,christos,2026-09-23,Kategorie sicher; Identität (dieselbe Person?) aus dem Namen nicht belegbar — Sammelentscheid 2026-09-23,
"Schmidt, E.",person,"Schmidt, E.",privatperson,ja,christos,2026-09-23,Kategorie sicher; Identität (dieselbe Person?) aus dem Namen nicht belegbar — Sammelentscheid 2026-09-23,
"Schmitz, A.",person,"Schmitz, A.",privatperson,ja,christos,2026-09-23,Kategorie sicher; Identität (dieselbe Person?) aus dem Namen nicht belegbar — Sammelentscheid 2026-09-23,
"Schneider, W.",person,"Schneider, W.",privatperson,ja,christos,2026-09-23,Kategorie sicher; Identität (dieselbe Person?) aus dem Namen nicht belegbar — Sammelentscheid 2026-09-23,
"Schröder, E.",person,"Schröder, E.",privatperson,ja,christos,2026-09-23,Kategorie sicher; Identität (dieselbe Person?) aus dem Namen nicht belegbar — Sammelentscheid 2026-09-23,
"Schröder, W.",person,"Schröder, W.",privatperson,ja,christos,2026-09-23,Kategorie sicher; Identität (dieselbe Person?) aus dem Namen nicht belegbar — Sammelentscheid 2026-09-23,
"Schulz, F.",person,"Schulz, F.",privatperson,ja,christos,2026-09-23,Kategorie sicher; Identität (dieselbe Person?) aus dem Namen nicht belegbar — Sammelentscheid 2026-09-23,
"Schumacher, H.",person,"Schumacher, H.",privatperson,ja,christos,2026-09-23,Kategorie sicher; Identität (dieselbe Person?) aus dem Namen nicht belegbar — Sammelentscheid 2026-09-23,
"Siepmann, E.",person,"Siepmann, E.",privatperson,ja,christos,2026-09-23,Kategorie sicher; Identität (dieselbe Person?) aus dem Namen nicht belegbar — Sammelentscheid 2026-09-23,
"Siepmann, H.",person,"Siepmann, H.",privatperson,ja,christos,2026-09-23,Kategorie sicher; Identität (dieselbe Person?) aus dem Namen nicht belegbar — Sammelentscheid 2026-09-23,
"Sponheuer, H.",person,"Sponheuer, H.",privatperson,ja,christos,2026-09-23,Kategorie sicher; Identität (dieselbe Person?) aus dem Namen nicht belegbar — Sammelentscheid 2026-09-23,
"Sponheuer, J.",person,"Sponheuer, J.",privatperson,ja,christos,2026-09-23,Kategorie sicher; Identität (dieselbe Person?) aus dem Namen nicht belegbar — Sammelentscheid 2026-09-23,
"Steinmetz, J.",person,"Steinmetz, J.",privatperson,ja,christos,2026-09-23,Kategorie sicher; Identität (dieselbe Person?) aus dem Namen nicht belegbar — Sammelentscheid 2026-09-23,
"Tewes, J., jun.",person,"Tewes, J., jun.",privatperson,ja,christos,2026-09-23,Kategorie sicher; Identität (dieselbe Person?) aus dem Namen nicht belegbar — Sammelentscheid 2026-09-23,
"Vogel, J.",person,"Vogel, J.",privatperson,ja,christos,2026-09-23,Kategorie sicher; Identität (dieselbe Person?) aus dem Namen nicht belegbar — Sammelentscheid 2026-09-23,
"Weber, F.",person,"Weber, F.",privatperson,ja,christos,2026-09-23,Kategorie sicher; Identität (dieselbe Person?) aus dem Namen nicht belegbar — Sammelentscheid 2026-09-23,
"Weber, W.",person,"Weber, W.",privatperson,ja,christos,2026-09-23,Kategorie sicher; Identität (dieselbe Person?) aus dem Namen nicht belegbar — Sammelentscheid 2026-09-23,
"Wolf, H.",person,"Wolf, H.",privatperson,ja,christos,2026-09-23,Kategorie sicher; Identität (dieselbe Person?) aus dem Namen nicht belegbar — Sammelentscheid 2026-09-23,
"Zobel, O.",person,"Zobel, O.",privatperson,ja,christos,2026-09-23,Kategorie sicher; Identität (dieselbe Person?) aus dem Namen nicht belegbar — Sammelentscheid 2026-09-23,
"Allg. Bauverein Essen, A.-G.",koerperschaft,Allgemeiner Bauverein Essen (Allbau),genossenschaft_siedlung,ja,christos,2026-09-23,,
Allg. Bauverein Essen A. G.,koerperschaft,Allgemeiner Bauverein Essen (Allbau),genossenschaft_siedlung,ja,christos,2026-09-23,,
Allg. Bauverein Essen A.-G.,koerperschaft,Allgemeiner Bauverein Essen (Allbau),genossenschaft_siedlung,ja,christos,2026-09-23,,
Baugenossensch. d. Vereins Kruppscher Beamten e. G. m. b. H.,koerperschaft,Bauverein Kruppscher Beamten,genossenschaft_siedlung,ja,christos,2026-09-23,Bauverein und Baugenossenschaft: Namensänderung im Zeitverlauf oder untersch. Genoss.? Vgl. Bestand HAK WA 153,
Baugenossensch. d. Vereins Kruppsch. Beamten e. G. m. b. H.,koerperschaft,Bauverein Kruppscher Beamten,genossenschaft_siedlung,ja,christos,2026-09-23,Bauverein und Baugenossenschaft: Namensänderung im Zeitverlauf oder untersch. Genoss.? Vgl. Bestand HAK WA 153,
"Baugenossensch. d. Vereins Kruppscher Beamten, e.G.m.b.H.",koerperschaft,Bauverein Kruppscher Beamten,genossenschaft_siedlung,ja,christos,2026-09-23,Bauverein und Baugenossenschaft: Namensänderung im Zeitverlauf oder untersch. Genoss.? Vgl. Bestand HAK WA 153,
Baugenossensch. d. Vereins d. Kruppschen Beamten e.G.m.b.H.,koerperschaft,Bauverein Kruppscher Beamten,genossenschaft_siedlung,ja,christos,2026-09-23,Bauverein und Baugenossenschaft: Namensänderung im Zeitverlauf oder untersch. Genoss.? Vgl. Bestand HAK WA 153,
Bauverein Kruppscher Beamten,koerperschaft,Bauverein Kruppscher Beamten,genossenschaft_siedlung,ja,christos,2026-09-23,Bauverein und Baugenossenschaft: Namensänderung im Zeitverlauf oder untersch. Genoss.? Vgl. Bestand HAK WA 153,
"Bauverein Kruppscher Beamten, e. V.",koerperschaft,Bauverein Kruppscher Beamten,genossenschaft_siedlung,ja,christos,2026-09-23,Bauverein und Baugenossenschaft: Namensänderung im Zeitverlauf oder untersch. Genoss.? Vgl. Bestand HAK WA 153,
Bergmannssiedlung Mülh.-Borbeck,koerperschaft,Bergmannssiedlung Mülheim-Borbeck,genossenschaft_siedlung,ja,christos,2026-09-23,,
Bergmannssiedlung Mülh.-Borb.,koerperschaft,Bergmannssiedlung Mülheim-Borbeck,genossenschaft_siedlung,ja,christos,2026-09-23,,
"Bergmannssiedlung, Mülh.-Borbeck",koerperschaft,Bergmannssiedlung Mülheim-Borbeck,genossenschaft_siedlung,ja,christos,2026-09-23,,
Deutsche Bank u. Disc. Ges.,koerperschaft,Deutsche Bank u. Disc. Ges.,bank_versicherung,ja,christos,2026-09-22,,
Deutsche Bank- u. Disk. Ges.,koerperschaft,Deutsche Bank u. Disc. Ges.,bank_versicherung,ja,christos,2026-09-22,,
Deutsche Bk. u. Disc. Ges.,koerperschaft,Deutsche Bank u. Disc. Ges.,bank_versicherung,ja,christos,2026-09-22,,
Deutsche Reichspost,koerperschaft,Deutsche Reichspost,stadt_staat,ja,christos,2026-09-23,,
Dtsche. Reichspost,koerperschaft,Deutsche Reichspost,stadt_staat,ja,christos,2026-09-23,,
Deutsche Volksbank,koerperschaft,Deutsche Volksbank,bank_versicherung,ja,christos,2026-09-22,,
Deutsche Volksbank A. G.,koerperschaft,Deutsche Volksbank,bank_versicherung,ja,christos,2026-09-22,,
Dtsche. Volksbank A.G.,koerperschaft,Deutsche Volksbank,bank_versicherung,ja,christos,2026-09-22,,
Dtsche. Volksbank AG,koerperschaft,Deutsche Volksbank,bank_versicherung,ja,christos,2026-09-22,,
"Döllken & Co, G. M. b. H.",koerperschaft,Döllken & Co. GmbH,industrie,ja,christos,2026-09-22,,
"Döllken & Co., G. m. b. H.",koerperschaft,Döllken & Co. GmbH,industrie,ja,christos,2026-09-22,,
"Döllken & Co., G.m.b.H.",koerperschaft,Döllken & Co. GmbH,industrie,ja,christos,2026-09-22,,
Ess. Bank in Liqui.,koerperschaft,Essener Bank eGmbH in Liqu.,bank_versicherung,ja,christos,2026-09-23,,
Essener Bank i. Liqu.,koerperschaft,Essener Bank eGmbH in Liqu.,bank_versicherung,ja,christos,2026-09-23,,
Essener Bank i. Liqui.,koerperschaft,Essener Bank eGmbH in Liqu.,bank_versicherung,ja,christos,2026-09-23,,
Essener Bank i. Liquid.,koerperschaft,Essener Bank eGmbH in Liqu.,bank_versicherung,ja,christos,2026-09-23,,
Essener Bank in Liqu.,koerperschaft,Essener Bank eGmbH in Liqu.,bank_versicherung,ja,christos,2026-09-23,,
Essener Bank in Liqui.,koerperschaft,Essener Bank eGmbH in Liqu.,bank_versicherung,ja,christos,2026-09-23,,
Evgl. Kirchengem.,koerperschaft,Evgl. Kirchengem.,,,eigentuemer_cluster,2026-09-22,,
"Goldschmidt, A.-G., Th. Chem. Fabrik",koerperschaft,Th. Goldschmidt AG,industrie,ja,christos,2026-09-23,,
"Goldschmidt, A.-G., Th. Chem. Fabrk.",koerperschaft,Th. Goldschmidt AG,industrie,ja,christos,2026-09-23,,
"Goldschmidt A.-G., Th. Chem. Fabrik",koerperschaft,Th. Goldschmidt AG,industrie,ja,christos,2026-09-23,,
"Goldschmidt, Th. A. G., Chem. Fabr.",koerperschaft,Th. Goldschmidt AG,industrie,ja,christos,2026-09-23,,
"Goldschmidt, Th., A. G.",koerperschaft,Th. Goldschmidt AG,industrie,ja,christos,2026-09-23,,
"Goldschmidt A.G., Th.",koerperschaft,Th. Goldschmidt AG,industrie,ja,christos,2026-09-23,,
"Goldschmidt, Th. A. G.",koerperschaft,Th. Goldschmidt AG,industrie,ja,christos,2026-09-23,,
"Goldschmidt, Th., A.-G.",koerperschaft,Th. Goldschmidt AG,industrie,ja,christos,2026-09-23,,
"Goldschmidt, Th., A.G.",koerperschaft,Th. Goldschmidt AG,industrie,ja,christos,2026-09-23,,
"Gutehoffnungshütte, Oberhausen A.G.",koerperschaft,Gutehoffnungshütte (GHH),industrie,ja,christos,2026-09-23,,
Gutehoffnungshütte (Oberhausen),koerperschaft,Gutehoffnungshütte (GHH),industrie,ja,christos,2026-09-23,,
"Gutehoffnungshütte Oberhausen, A. G.",koerperschaft,Gutehoffnungshütte (GHH),industrie,ja,christos,2026-09-23,,
Hohensteinbräu G.m.b.H.,koerperschaft,Hohensteinbräu GmbH,industrie,ja,christos,2026-09-22,,
"Hohensteinbräu, G. M. b. H.",koerperschaft,Hohensteinbräu GmbH,industrie,ja,christos,2026-09-22,,
Spar- u. Bauverein Eintracht,koerperschaft,"""Eintracht"" Bau- u. Sparverein eGmbH",genossenschaft_siedlung,ja,christos,2026-09-23,"Wikipedia: ""Die Straßenbezeichnung geht auf die am 4. Dezember 1904 durch Eisenbahner gegründete Eintracht Bau- und Sparverein eGmbH zurück. Sie baute nahe dem damaligen Eisenbahnbetriebswerk Essen Hbf 160 Wohnungen. 1941 verschmolz die Eintracht mit der Wohnungsgesellschaft Ruhr-Niederrhein mbH Essen, einem Unternehmen der Deutschen Reichsbahn. Die Eintrachtstraße verbindet die Krampestraße mit der Gerhard-Stötzel-Straße. Am Westende der Straße führt eine Treppe zur Krampestraße."", URL: https://de.wikipedia.org/wiki/Liste_der_Stra%C3%9Fen_in_Essen-S%C3%BCdostviertel, abgerufen am: 23.9.2026",
"Spar- u. Bauverein ""Eintracht""",koerperschaft,"""Eintracht"" Bau- u. Sparverein eGmbH",genossenschaft_siedlung,ja,christos,2026-09-23,"Wikipedia: ""Die Straßenbezeichnung geht auf die am 4. Dezember 1904 durch Eisenbahner gegründete Eintracht Bau- und Sparverein eGmbH zurück. Sie baute nahe dem damaligen Eisenbahnbetriebswerk Essen Hbf 160 Wohnungen. 1941 verschmolz die Eintracht mit der Wohnungsgesellschaft Ruhr-Niederrhein mbH Essen, einem Unternehmen der Deutschen Reichsbahn. Die Eintrachtstraße verbindet die Krampestraße mit der Gerhard-Stötzel-Straße. Am Westende der Straße führt eine Treppe zur Krampestraße."", URL: https://de.wikipedia.org/wiki/Liste_der_Stra%C3%9Fen_in_Essen-S%C3%BCdostviertel, abgerufen am: 23.9.2026",
Spar- und Bauverein Eintracht,koerperschaft,"""Eintracht"" Bau- u. Sparverein eGmbH",genossenschaft_siedlung,ja,christos,2026-09-23,"Wikipedia: ""Die Straßenbezeichnung geht auf die am 4. Dezember 1904 durch Eisenbahner gegründete Eintracht Bau- und Sparverein eGmbH zurück. Sie baute nahe dem damaligen Eisenbahnbetriebswerk Essen Hbf 160 Wohnungen. 1941 verschmolz die Eintracht mit der Wohnungsgesellschaft Ruhr-Niederrhein mbH Essen, einem Unternehmen der Deutschen Reichsbahn. Die Eintrachtstraße verbindet die Krampestraße mit der Gerhard-Stötzel-Straße. Am Westende der Straße führt eine Treppe zur Krampestraße."", URL: https://de.wikipedia.org/wiki/Liste_der_Stra%C3%9Fen_in_Essen-S%C3%BCdostviertel, abgerufen am: 23.9.2026",
Verbrauchergenossensch. Ruhrgebiet,koerperschaft,Verbrauchergenossenschaft Ruhrgebiet,genossenschaft_siedlung,ja,christos,2026-09-23,hierzu konnten bislang keine einschlägigen Informationen ermittelt werden,
Werdener Feintuchwerke,koerperschaft,Werdener Feintuchwerke AG,industrie,ja,christos,2026-09-23,,
Zeche Langenbrahm,koerperschaft,Zeche Langenbrahm,bergbau,ja,christos,2026-09-26,,
"Baum, M.",person,"Baum, M.",privatperson,ja,christos,2026-09-23,Kategorie sicher; Identität (dieselbe Person?) aus dem Namen nicht belegbar — Sammelentscheid 2026-09-23,
Becker,person,Becker,privatperson,ja,christos,2026-09-23,Kategorie sicher; Identität (dieselbe Person?) aus dem Namen nicht belegbar — Sammelentscheid 2026-09-23,
"Becker, C.",person,"Becker, C.",privatperson,ja,christos,2026-09-23,Kategorie sicher; Identität (dieselbe Person?) aus dem Namen nicht belegbar — Sammelentscheid 2026-09-23,
"Becker, K.",person,"Becker, K.",privatperson,ja,christos,2026-09-23,Kategorie sicher; Identität (dieselbe Person?) aus dem Namen nicht belegbar — Sammelentscheid 2026-09-23,
"Blockhaus, H.",person,"Blockhaus, H.",privatperson,ja,christos,2026-09-23,Kategorie sicher; Identität (dieselbe Person?) aus dem Namen nicht belegbar — Sammelentscheid 2026-09-23,
Bosch,person,Bosch,privatperson,ja,christos,2026-09-23,Kategorie sicher; Identität (dieselbe Person?) aus dem Namen nicht belegbar — Sammelentscheid 2026-09-23,
"Bovensiepen, G.",person,"Bovensiepen, G.",privatperson,ja,christos,2026-09-23,Kategorie sicher; Identität (dieselbe Person?) aus dem Namen nicht belegbar — Sammelentscheid 2026-09-23,
"Breilmann, H.",person,"Breilmann, H.",privatperson,ja,christos,2026-09-23,Kategorie sicher; Identität (dieselbe Person?) aus dem Namen nicht belegbar — Sammelentscheid 2026-09-23,
"Bremer, F.",person,"Bremer, F.",privatperson,ja,christos,2026-09-23,Kategorie sicher; Identität (dieselbe Person?) aus dem Namen nicht belegbar — Sammelentscheid 2026-09-23,
"Bremer, J.",person,"Bremer, J.",privatperson,ja,christos,2026-09-23,Kategorie sicher; Identität (dieselbe Person?) aus dem Namen nicht belegbar — Sammelentscheid 2026-09-23,
"Brinkmann, F.",person,"Brinkmann, F.",privatperson,ja,christos,2026-09-23,Kategorie sicher; Identität (dieselbe Person?) aus dem Namen nicht belegbar — Sammelentscheid 2026-09-23,
"Brinkmann, H.",person,"Brinkmann, H.",privatperson,ja,christos,2026-09-23,Kategorie sicher; Identität (dieselbe Person?) aus dem Namen nicht belegbar — Sammelentscheid 2026-09-23,
"Bruns, H.",person,"Bruns, H.",privatperson,ja,christos,2026-09-23,Kategorie sicher; Identität (dieselbe Person?) aus dem Namen nicht belegbar — Sammelentscheid 2026-09-23,
"Busch, B.",person,"Busch, B.",privatperson,ja,christos,2026-09-23,Kategorie sicher; Identität (dieselbe Person?) aus dem Namen nicht belegbar — Sammelentscheid 2026-09-23,
"Busch, E.",person,"Busch, E.",privatperson,ja,christos,2026-09-23,Kategorie sicher; Identität (dieselbe Person?) aus dem Namen nicht belegbar — Sammelentscheid 2026-09-23,
"Busch, H.",person,"Busch, H.",privatperson,ja,christos,2026-09-23,Kategorie sicher; Identität (dieselbe Person?) aus dem Namen nicht belegbar — Sammelentscheid 2026-09-23,
"Bögel, J.",person,"Bögel, J.",privatperson,ja,christos,2026-09-23,Kategorie sicher; Identität (dieselbe Person?) aus dem Namen nicht belegbar — Sammelentscheid 2026-09-23,
"Böll, H.",person,"Böll, H.",privatperson,ja,christos,2026-09-23,Kategorie sicher; Identität (dieselbe Person?) aus dem Namen nicht belegbar — Sammelentscheid 2026-09-23,
"Daniel, A.",person,"Daniel, A.",privatperson,ja,christos,2026-09-23,Kategorie sicher; Identität (dieselbe Person?) aus dem Namen nicht belegbar — Sammelentscheid 2026-09-23,
"Deppe, K.",person,"Deppe, K.",privatperson,ja,christos,2026-09-23,Kategorie sicher; Identität (dieselbe Person?) aus dem Namen nicht belegbar — Sammelentscheid 2026-09-23,
"Dietrich, F.",person,"Dietrich, F.",privatperson,ja,christos,2026-09-23,Kategorie sicher; Identität (dieselbe Person?) aus dem Namen nicht belegbar — Sammelentscheid 2026-09-23,
"Feldhaus, H.",person,"Feldhaus, H.",privatperson,ja,christos,2026-09-23,Kategorie sicher; Identität (dieselbe Person?) aus dem Namen nicht belegbar — Sammelentscheid 2026-09-23,
"Fischer, H.",person,"Fischer, H.",privatperson,ja,christos,2026-09-23,Kategorie sicher; Identität (dieselbe Person?) aus dem Namen nicht belegbar — Sammelentscheid 2026-09-23,
"Fischer, P.",person,"Fischer, P.",privatperson,ja,christos,2026-09-23,Kategorie sicher; Identität (dieselbe Person?) aus dem Namen nicht belegbar — Sammelentscheid 2026-09-23,
"Fischer, W.",person,"Fischer, W.",privatperson,ja,christos,2026-09-23,Kategorie sicher; Identität (dieselbe Person?) aus dem Namen nicht belegbar — Sammelentscheid 2026-09-23,
"Freundlieb, J.",person,"Freundlieb, J.",privatperson,ja,christos,2026-09-23,Kategorie sicher; Identität (dieselbe Person?) aus dem Namen nicht belegbar — Sammelentscheid 2026-09-23,
"Funke, H.",person,"Funke, H.",privatperson,ja,christos,2026-09-23,Kategorie sicher; Identität (dieselbe Person?) aus dem Namen nicht belegbar — Sammelentscheid 2026-09-23,
"Grote, H.",person,"Grote, H.",privatperson,ja,christos,2026-09-23,Kategorie sicher; Identität (dieselbe Person?) aus dem Namen nicht belegbar — Sammelentscheid 2026-09-23,
"Gödden, J.",person,"Gödden, J.",privatperson,ja,christos,2026-09-23,Kategorie sicher; Identität (dieselbe Person?) aus dem Namen nicht belegbar — Sammelentscheid 2026-09-23,
"Hagedorn, H.",person,"Hagedorn, H.",privatperson,ja,christos,2026-09-23,Kategorie sicher; Identität (dieselbe Person?) aus dem Namen nicht belegbar — Sammelentscheid 2026-09-23,
"Hagen, M.",person,"Hagen, M.",privatperson,ja,christos,2026-09-23,Kategorie sicher; Identität (dieselbe Person?) aus dem Namen nicht belegbar — Sammelentscheid 2026-09-23,
"Hartmann, J.",person,"Hartmann, J.",privatperson,ja,christos,2026-09-23,Kategorie sicher; Identität (dieselbe Person?) aus dem Namen nicht belegbar — Sammelentscheid 2026-09-23,
"Hegemann, W.",person,"Hegemann, W.",privatperson,ja,christos,2026-09-23,Kategorie sicher; Identität (dieselbe Person?) aus dem Namen nicht belegbar — Sammelentscheid 2026-09-23,
"Hertz, Th.",person,"Hertz, Th.",privatperson,ja,christos,2026-09-23,Kategorie sicher; Identität (dieselbe Person?) aus dem Namen nicht belegbar — Sammelentscheid 2026-09-23,
"Hillebrand, H.",person,"Hillebrand, H.",privatperson,ja,christos,2026-09-23,Kategorie sicher; Identität (dieselbe Person?) aus dem Namen nicht belegbar — Sammelentscheid 2026-09-23,
"Hoffmann, F.",person,"Hoffmann, F.",privatperson,ja,christos,2026-09-23,Kategorie sicher; Identität (dieselbe Person?) aus dem Namen nicht belegbar — Sammelentscheid 2026-09-23,
"Hoffmann, H.",person,"Hoffmann, H.",privatperson,ja,christos,2026-09-23,Kategorie sicher; Identität (dieselbe Person?) aus dem Namen nicht belegbar — Sammelentscheid 2026-09-23,
"Homey, F.",person,"Homey, F.",privatperson,ja,christos,2026-09-23,Kategorie sicher; Identität (dieselbe Person?) aus dem Namen nicht belegbar — Sammelentscheid 2026-09-23,
"Horn, F.",person,"Horn, F.",privatperson,ja,christos,2026-09-23,Kategorie sicher; Identität (dieselbe Person?) aus dem Namen nicht belegbar — Sammelentscheid 2026-09-23,
"Hotze, H.",person,"Hotze, H.",privatperson,ja,christos,2026-09-23,Kategorie sicher; Identität (dieselbe Person?) aus dem Namen nicht belegbar — Sammelentscheid 2026-09-23,
"Hülsebusch, H.",person,"Hülsebusch, H.",privatperson,ja,christos,2026-09-23,Kategorie sicher; Identität (dieselbe Person?) aus dem Namen nicht belegbar — Sammelentscheid 2026-09-23,
Kalthoff,person,Kalthoff,privatperson,ja,christos,2026-09-23,Kategorie sicher; Identität (dieselbe Person?) aus dem Namen nicht belegbar — Sammelentscheid 2026-09-23,
"Kalthoff, W.",person,"Kalthoff, W.",privatperson,ja,christos,2026-09-23,Kategorie sicher; Identität (dieselbe Person?) aus dem Namen nicht belegbar — Sammelentscheid 2026-09-23,
"Kemper, H.",person,"Kemper, H.",privatperson,ja,christos,2026-09-23,Kategorie sicher; Identität (dieselbe Person?) aus dem Namen nicht belegbar — Sammelentscheid 2026-09-23,
"Kimmeskamp, H.",person,"Kimmeskamp, H.",privatperson,ja,christos,2026-09-23,Kategorie sicher; Identität (dieselbe Person?) aus dem Namen nicht belegbar — Sammelentscheid 2026-09-23,
"Kleine-Möllhoff, H.",person,"Kleine-Möllhoff, H.",privatperson,ja,christos,2026-09-23,Kategorie sicher; Identität (dieselbe Person?) aus dem Namen nicht belegbar — Sammelentscheid 2026-09-23,
"Knoblauch, E.",person,"Knoblauch, E.",privatperson,ja,christos,2026-09-23,Kategorie sicher; Identität (dieselbe Person?) aus dem Namen nicht belegbar — Sammelentscheid 2026-09-23,
"Koch, K.",person,"Koch, K.",privatperson,ja,christos,2026-09-23,Kategorie sicher; Identität (dieselbe Person?) aus dem Namen nicht belegbar — Sammelentscheid 2026-09-23,
"Kruse, C.",person,"Kruse, C.",privatperson,ja,christos,2026-09-23,Kategorie sicher; Identität (dieselbe Person?) aus dem Namen nicht belegbar — Sammelentscheid 2026-09-23,
"Kuhl, C.",person,"Kuhl, C.",privatperson,ja,christos,2026-09-23,Kategorie sicher; Identität (dieselbe Person?) aus dem Namen nicht belegbar — Sammelentscheid 2026-09-23,
"Kuhl, K.",person,"Kuhl, K.",privatperson,ja,christos,2026-09-23,Kategorie sicher; Identität (dieselbe Person?) aus dem Namen nicht belegbar — Sammelentscheid 2026-09-23,
"Küpper, W.",person,"Küpper, W.",privatperson,ja,christos,2026-09-23,Kategorie sicher; Identität (dieselbe Person?) aus dem Namen nicht belegbar — Sammelentscheid 2026-09-23,
"Lange, F.",person,"Lange, F.",privatperson,ja,christos,2026-09-23,Kategorie sicher; Identität (dieselbe Person?) aus dem Namen nicht belegbar — Sammelentscheid 2026-09-23,
"Lehnhoff, H.",person,"Lehnhoff, H.",privatperson,ja,christos,2026-09-23,Kategorie sicher; Identität (dieselbe Person?) aus dem Namen nicht belegbar — Sammelentscheid 2026-09-23,
"Marquis, F.",person,"Marquis, F.",privatperson,ja,christos,2026-09-23,Kategorie sicher; Identität (dieselbe Person?) aus dem Namen nicht belegbar — Sammelentscheid 2026-09-23,
"Marx, E.",person,"Marx, E.",privatperson,ja,christos,2026-09-23,Kategorie sicher; Identität (dieselbe Person?) aus dem Namen nicht belegbar — Sammelentscheid 2026-09-23,
"Meier, W.",person,"Meier, W.",privatperson,ja,christos,2026-09-23,Kategorie sicher; Identität (dieselbe Person?) aus dem Namen nicht belegbar — Sammelentscheid 2026-09-23,
"Michels, J.",person,"Michels, J.",privatperson,ja,christos,2026-09-23,Kategorie sicher; Identität (dieselbe Person?) aus dem Namen nicht belegbar — Sammelentscheid 2026-09-23,
Müller,person,Müller,privatperson,ja,christos,2026-09-23,Kategorie sicher; Identität (dieselbe Person?) aus dem Namen nicht belegbar — Sammelentscheid 2026-09-23,
"Müller, O.",person,"Müller, O.",privatperson,ja,christos,2026-09-23,Kategorie sicher; Identität (dieselbe Person?) aus dem Namen nicht belegbar — Sammelentscheid 2026-09-23,
"Müller, P.",person,"Müller, P.",privatperson,ja,christos,2026-09-23,Kategorie sicher; Identität (dieselbe Person?) aus dem Namen nicht belegbar — Sammelentscheid 2026-09-23,
"Niermann, W.",person,"Niermann, W.",privatperson,ja,christos,2026-09-23,Kategorie sicher; Identität (dieselbe Person?) aus dem Namen nicht belegbar — Sammelentscheid 2026-09-23,
"Oberembt, E.",person,"Oberembt, E.",privatperson,ja,christos,2026-09-23,Kategorie sicher; Identität (dieselbe Person?) aus dem Namen nicht belegbar — Sammelentscheid 2026-09-23,
"Otto, J.",person,"Otto, J.",privatperson,ja,christos,2026-09-23,Kategorie sicher; Identität (dieselbe Person?) aus dem Namen nicht belegbar — Sammelentscheid 2026-09-23,
"Paus, J.",person,"Paus, J.",privatperson,ja,christos,2026-09-23,Kategorie sicher; Identität (dieselbe Person?) aus dem Namen nicht belegbar — Sammelentscheid 2026-09-23,
"Piekenbrock, Eberh.",person,"Piekenbrock, Eberh.",privatperson,ja,christos,2026-09-23,Kategorie sicher; Identität (dieselbe Person?) aus dem Namen nicht belegbar — Sammelentscheid 2026-09-23,
"Prinz, A.",person,"Prinz, A.",privatperson,ja,christos,2026-09-23,Kategorie sicher; Identität (dieselbe Person?) aus dem Namen nicht belegbar — Sammelentscheid 2026-09-23,
"Rauter, F.",person,"Rauter, F.",privatperson,ja,christos,2026-09-23,Kategorie sicher; Identität (dieselbe Person?) aus dem Namen nicht belegbar — Sammelentscheid 2026-09-23,
"Ridder, J.",person,"Ridder, J.",privatperson,ja,christos,2026-09-23,Kategorie sicher; Identität (dieselbe Person?) aus dem Namen nicht belegbar — Sammelentscheid 2026-09-23,
"Rohde, F.",person,"Rohde, F.",privatperson,ja,christos,2026-09-23,Kategorie sicher; Identität (dieselbe Person?) aus dem Namen nicht belegbar — Sammelentscheid 2026-09-23,
"Schlieper, H.",person,"Schlieper, H.",privatperson,ja,christos,2026-09-23,Kategorie sicher; Identität (dieselbe Person?) aus dem Namen nicht belegbar — Sammelentscheid 2026-09-23,
"Schlüter, J.",person,"Schlüter, J.",privatperson,ja,christos,2026-09-23,Kategorie sicher; Identität (dieselbe Person?) aus dem Namen nicht belegbar — Sammelentscheid 2026-09-23,
"Schlüter, W.",person,"Schlüter, W.",privatperson,ja,christos,2026-09-23,Kategorie sicher; Identität (dieselbe Person?) aus dem Namen nicht belegbar — Sammelentscheid 2026-09-23,
"Schmidt, M.",person,"Schmidt, M.",privatperson,ja,christos,2026-09-23,Kategorie sicher; Identität (dieselbe Person?) aus dem Namen nicht belegbar — Sammelentscheid 2026-09-23,
"Schneider, A.",person,"Schneider, A.",privatperson,ja,christos,2026-09-23,Kategorie sicher; Identität (dieselbe Person?) aus dem Namen nicht belegbar — Sammelentscheid 2026-09-23,
"Schneider, P.",person,"Schneider, P.",privatperson,ja,christos,2026-09-23,Kategorie sicher; Identität (dieselbe Person?) aus dem Namen nicht belegbar — Sammelentscheid 2026-09-23,
"Scholten, J.",person,"Scholten, J.",privatperson,ja,christos,2026-09-23,Kategorie sicher; Identität (dieselbe Person?) aus dem Namen nicht belegbar — Sammelentscheid 2026-09-23,
"Schramm, H.",person,"Schramm, H.",privatperson,ja,christos,2026-09-23,Kategorie sicher; Identität (dieselbe Person?) aus dem Namen nicht belegbar — Sammelentscheid 2026-09-23,
"Schremmer, J.",person,"Schremmer, J.",privatperson,ja,christos,2026-09-23,Kategorie sicher; Identität (dieselbe Person?) aus dem Namen nicht belegbar — Sammelentscheid 2026-09-23,
"Schröder, J.",person,"Schröder, J.",privatperson,ja,christos,2026-09-23,Kategorie sicher; Identität (dieselbe Person?) aus dem Namen nicht belegbar — Sammelentscheid 2026-09-23,
"Schuld, J.",person,"Schuld, J.",privatperson,ja,christos,2026-09-23,Kategorie sicher; Identität (dieselbe Person?) aus dem Namen nicht belegbar — Sammelentscheid 2026-09-23,
Schulte,person,Schulte,privatperson,ja,christos,2026-09-23,Kategorie sicher; Identität (dieselbe Person?) aus dem Namen nicht belegbar — Sammelentscheid 2026-09-23,
"Schwerdter, W.",person,"Schwerdter, W.",privatperson,ja,christos,2026-09-23,Kategorie sicher; Identität (dieselbe Person?) aus dem Namen nicht belegbar — Sammelentscheid 2026-09-23,
"Schweres, J.",person,"Schweres, J.",privatperson,ja,christos,2026-09-23,Kategorie sicher; Identität (dieselbe Person?) aus dem Namen nicht belegbar — Sammelentscheid 2026-09-23,
Schäfer,person,Schäfer,privatperson,ja,christos,2026-09-23,Kategorie sicher; Identität (dieselbe Person?) aus dem Namen nicht belegbar — Sammelentscheid 2026-09-23,
"Schäfer, W.",person,"Schäfer, W.",privatperson,ja,christos,2026-09-23,Kategorie sicher; Identität (dieselbe Person?) aus dem Namen nicht belegbar — Sammelentscheid 2026-09-23,
"Siepmann, A.",person,"Siepmann, A.",privatperson,ja,christos,2026-09-23,Kategorie sicher; Identität (dieselbe Person?) aus dem Namen nicht belegbar — Sammelentscheid 2026-09-23,
"Siepmann, W.",person,"Siepmann, W.",privatperson,ja,christos,2026-09-23,Kategorie sicher; Identität (dieselbe Person?) aus dem Namen nicht belegbar — Sammelentscheid 2026-09-23,
"Sprenger, P.",person,"Sprenger, P.",privatperson,ja,christos,2026-09-23,Kategorie sicher; Identität (dieselbe Person?) aus dem Namen nicht belegbar — Sammelentscheid 2026-09-23,
"Sprungmann, A.",person,"Sprungmann, A.",privatperson,ja,christos,2026-09-23,Kategorie sicher; Identität (dieselbe Person?) aus dem Namen nicht belegbar — Sammelentscheid 2026-09-23,
Stein,person,Stein,privatperson,ja,christos,2026-09-23,Kategorie sicher; Identität (dieselbe Person?) aus dem Namen nicht belegbar — Sammelentscheid 2026-09-23,
"Stein, H.",person,"Stein, H.",privatperson,ja,christos,2026-09-23,Kategorie sicher; Identität (dieselbe Person?) aus dem Namen nicht belegbar — Sammelentscheid 2026-09-23,
"Steinforth, J.",person,"Steinforth, J.",privatperson,ja,christos,2026-09-23,Kategorie sicher; Identität (dieselbe Person?) aus dem Namen nicht belegbar — Sammelentscheid 2026-09-23,
"Teckentrup, H.",person,"Teckentrup, H.",privatperson,ja,christos,2026-09-23,Kategorie sicher; Identität (dieselbe Person?) aus dem Namen nicht belegbar — Sammelentscheid 2026-09-23,
"Thiel, A.",person,"Thiel, A.",privatperson,ja,christos,2026-09-23,Kategorie sicher; Identität (dieselbe Person?) aus dem Namen nicht belegbar — Sammelentscheid 2026-09-23,
"Tölle, J.",person,"Tölle, J.",privatperson,ja,christos,2026-09-23,Kategorie sicher; Identität (dieselbe Person?) aus dem Namen nicht belegbar — Sammelentscheid 2026-09-23,
"Tüllmann, H.",person,"Tüllmann, H.",privatperson,ja,christos,2026-09-23,Kategorie sicher; Identität (dieselbe Person?) aus dem Namen nicht belegbar — Sammelentscheid 2026-09-23,
"Vittinghoff-Schell, v. Freiherr",person,"Vittinghoff-Schell, v. Freiherr",privatperson,ja,christos,2026-09-23,Kategorie sicher; Identität (dieselbe Person?) aus dem Namen nicht belegbar — Sammelentscheid 2026-09-23,
"Vogt, A.",person,"Vogt, A.",privatperson,ja,christos,2026-09-23,Kategorie sicher; Identität (dieselbe Person?) aus dem Namen nicht belegbar — Sammelentscheid 2026-09-23,
"Voß, F.",person,"Voß, F.",privatperson,ja,christos,2026-09-23,Kategorie sicher; Identität (dieselbe Person?) aus dem Namen nicht belegbar — Sammelentscheid 2026-09-23,
"Walter, A.",person,"Walter, A.",privatperson,ja,christos,2026-09-23,Kategorie sicher; Identität (dieselbe Person?) aus dem Namen nicht belegbar — Sammelentscheid 2026-09-23,
"Weber, L.",person,"Weber, L.",privatperson,ja,christos,2026-09-23,Kategorie sicher; Identität (dieselbe Person?) aus dem Namen nicht belegbar — Sammelentscheid 2026-09-23,
"Wertheim, A.",person,"Wertheim, A.",privatperson,ja,christos,2026-09-23,Kategorie sicher; Identität (dieselbe Person?) aus dem Namen nicht belegbar — Sammelentscheid 2026-09-23,
"Winkelmann, H.",person,"Winkelmann, H.",privatperson,ja,christos,2026-09-23,Kategorie sicher; Identität (dieselbe Person?) aus dem Namen nicht belegbar — Sammelentscheid 2026-09-23,
"Witte, H.",person,"Witte, H.",privatperson,ja,christos,2026-09-23,Kategorie sicher; Identität (dieselbe Person?) aus dem Namen nicht belegbar — Sammelentscheid 2026-09-23,
"Allbau, Essen",koerperschaft,Allgemeiner Bauverein Essen (Allbau),genossenschaft_siedlung,ja,christos,2026-09-23,,
Allbau Essen,koerperschaft,Allgemeiner Bauverein Essen (Allbau),genossenschaft_siedlung,ja,christos,2026-09-23,,
Allgem. Bauver. A. G.,koerperschaft,Allgemeiner Bauverein Essen (Allbau),genossenschaft_siedlung,ja,christos,2026-09-23,,
Allgem. Bauver. A.G.,koerperschaft,Allgemeiner Bauverein Essen (Allbau),genossenschaft_siedlung,ja,christos,2026-09-23,,
"Bau- und Sparverein Eintracht, E. G. M. b. H.",koerperschaft,"""Eintracht"" Bau- u. Sparverein eGmbH",genossenschaft_siedlung,ja,christos,2026-09-23,"Wikipedia: ""Die Straßenbezeichnung geht auf die am 4. Dezember 1904 durch Eisenbahner gegründete Eintracht Bau- und Sparverein eGmbH zurück. Sie baute nahe dem damaligen Eisenbahnbetriebswerk Essen Hbf 160 Wohnungen. 1941 verschmolz die Eintracht mit der Wohnungsgesellschaft Ruhr-Niederrhein mbH Essen, einem Unternehmen der Deutschen Reichsbahn. Die Eintrachtstraße verbindet die Krampestraße mit der Gerhard-Stötzel-Straße. Am Westende der Straße führt eine Treppe zur Krampestraße."", URL: https://de.wikipedia.org/wiki/Liste_der_Stra%C3%9Fen_in_Essen-S%C3%BCdostviertel, abgerufen am: 23.9.2026",
"Bau- u. Sparverein ""Eintracht"" e.G. m. b. H.",koerperschaft,"""Eintracht"" Bau- u. Sparverein eGmbH",genossenschaft_siedlung,ja,christos,2026-09-23,"Wikipedia: ""Die Straßenbezeichnung geht auf die am 4. Dezember 1904 durch Eisenbahner gegründete Eintracht Bau- und Sparverein eGmbH zurück. Sie baute nahe dem damaligen Eisenbahnbetriebswerk Essen Hbf 160 Wohnungen. 1941 verschmolz die Eintracht mit der Wohnungsgesellschaft Ruhr-Niederrhein mbH Essen, einem Unternehmen der Deutschen Reichsbahn. Die Eintrachtstraße verbindet die Krampestraße mit der Gerhard-Stötzel-Straße. Am Westende der Straße führt eine Treppe zur Krampestraße."", URL: https://de.wikipedia.org/wiki/Liste_der_Stra%C3%9Fen_in_Essen-S%C3%BCdostviertel, abgerufen am: 23.9.2026",
"Bau- u. Sparverein Eintracht, e.G.m.b.H.",koerperschaft,"""Eintracht"" Bau- u. Sparverein eGmbH",genossenschaft_siedlung,ja,christos,2026-09-23,"Wikipedia: ""Die Straßenbezeichnung geht auf die am 4. Dezember 1904 durch Eisenbahner gegründete Eintracht Bau- und Sparverein eGmbH zurück. Sie baute nahe dem damaligen Eisenbahnbetriebswerk Essen Hbf 160 Wohnungen. 1941 verschmolz die Eintracht mit der Wohnungsgesellschaft Ruhr-Niederrhein mbH Essen, einem Unternehmen der Deutschen Reichsbahn. Die Eintrachtstraße verbindet die Krampestraße mit der Gerhard-Stötzel-Straße. Am Westende der Straße führt eine Treppe zur Krampestraße."", URL: https://de.wikipedia.org/wiki/Liste_der_Stra%C3%9Fen_in_Essen-S%C3%BCdostviertel, abgerufen am: 23.9.2026",
Baugen. d. Vereins Krupp. Beamt.,koerperschaft,Baugenossenschaft des Vereins Kruppscher Beamter,genossenschaft_siedlung,ja,christos,2026-09-23,,
Baugen. d. Vereins Krupp. Beamten,koerperschaft,Baugenossenschaft des Vereins Kruppscher Beamter,genossenschaft_siedlung,ja,christos,2026-09-23,,
Baugen. d. Vereins Krupp. Beamter,koerperschaft,Baugenossenschaft des Vereins Kruppscher Beamter,genossenschaft_siedlung,ja,christos,2026-09-23,,
Baugen. des Vereins Krupp. Beamt.,koerperschaft,Baugenossenschaft des Vereins Kruppscher Beamter,genossenschaft_siedlung,ja,christos,2026-09-23,,
Bergm. Siedlg. E. Süd,koerperschaft,Bergm.-Siedlung E.-Süd,genossenschaft_siedlung,ja,christos,2026-09-26,,
Bergm. Siedl. E. Süd,koerperschaft,Bergm.-Siedlung E.-Süd,genossenschaft_siedlung,ja,christos,2026-09-26,,
Bergm. Siedlg. Essen-Süd,koerperschaft,Bergm.-Siedlung E.-Süd,genossenschaft_siedlung,ja,christos,2026-09-26,,
Bergm. Siedlung (Essen-Süd),koerperschaft,Bergm.-Siedlung E.-Süd,genossenschaft_siedlung,ja,christos,2026-09-26,,
Bergmanns-Siedl. Ess.-Nord,koerperschaft,Bergm. Siedlung Essen Nord,genossenschaft_siedlung,ja,christos,2026-09-26,,
Bergmannssiedl. Ess.-Nord,koerperschaft,Bergm. Siedlung Essen Nord,genossenschaft_siedlung,ja,christos,2026-09-26,,
Essen-Rüttenscheider Baugesellsch. m.b.H.,koerperschaft,Ess. Rüttenscheider Bauges.,genossenschaft_siedlung,ja,christos,2026-09-22,,
Essen-Rüttenscheider Baugesellsch. G. M. b. H.,koerperschaft,Ess. Rüttenscheider Bauges.,genossenschaft_siedlung,ja,christos,2026-09-22,,
"Essen-Rüttenscheider, Baugesellsch. m.b.H.",koerperschaft,Ess. Rüttenscheider Bauges.,genossenschaft_siedlung,ja,christos,2026-09-22,,
Ev. Kirchengem.,koerperschaft,Ev. Kirchengem.,,,eigentuemer_cluster,2026-09-22,,
Evang. Kirchengem. Essen-Altstadt,koerperschaft,Evang. Kirchengem. Essen-Altstadt,kirche_stiftung,ja,christos,2026-09-23,,
Evang. Kirchengemeinde Essen-Altstadt,koerperschaft,Evang. Kirchengem. Essen-Altstadt,kirche_stiftung,ja,christos,2026-09-23,,
Evang. Kirchengem. (Essen-Altstadt),koerperschaft,Evang. Kirchengem. Essen-Altstadt,kirche_stiftung,ja,christos,2026-09-23,,
Evang. Kirchengemeinde,koerperschaft,Evang. Kirchengemeinde,,,eigentuemer_cluster,2026-09-22,,
Evgl. Kirchengemeinde,koerperschaft,Evgl. Kirchengemeinde,,,eigentuemer_cluster,2026-09-22,,
Frau Margarethe-Krupp-Stiftung,koerperschaft,Margarethe Krupp-Stiftung für Wohnungsfürsorge,kirche_stiftung,ja,christos,2026-09-26,,
Frau Margarete-Krupp-Stiftung,koerperschaft,Margarethe Krupp-Stiftung für Wohnungsfürsorge,kirche_stiftung,ja,christos,2026-09-26,,
Gelsenk. Bergw. Verein,koerperschaft,Gelsenkirchener Bergwerks-AG (GBAG),bergbau,ja,christos,2026-09-26,,
Gelsenk. Bergwerksver. A.G.,koerperschaft,Gelsenkirchener Bergwerks-AG (GBAG),bergbau,ja,christos,2026-09-26,,
"Girardet & Schmemann, Grundstücks-Ges.",koerperschaft,"Girardet & Schmemann, Grundstücks-Ges.",sonstige,ja,christos,2026-09-22,,
"Girardet & Schmemann, Grundstücksges.",koerperschaft,"Girardet & Schmemann, Grundstücks-Ges.",sonstige,ja,christos,2026-09-22,,
Marienhospital,koerperschaft,Marienhospital,sonstige,ja,christos,2026-09-22,,
Mühlh. Bergwerksverein,koerperschaft,Mühlheimer Bergwerks-Verein,bergbau,ja,christos,2026-09-23,,
Mühlh. Bergw. Verein,koerperschaft,Mühlheimer Bergwerks-Verein,bergbau,ja,christos,2026-09-23,,
Phönix-Brauerei G. M. b. H.,koerperschaft,Phönix Brauerei GmbH,industrie,ja,christos,2026-09-22,,
Phönix-Brauerei G. m. b. H.,koerperschaft,Phönix Brauerei GmbH,industrie,ja,christos,2026-09-22,,
Phönix-Brauerei G.m.b.H.,koerperschaft,Phönix Brauerei GmbH,industrie,ja,christos,2026-09-22,,
Phönix-Brauerei G.m.b.h.,koerperschaft,Phönix Brauerei GmbH,industrie,ja,christos,2026-09-22,,
"Phönix-Brauerei, G.m.b.H.",koerperschaft,Phönix Brauerei GmbH,industrie,ja,christos,2026-09-22,,
Rhein. Westf. gem. Baugen. e. G. m. b. H.,koerperschaft,Rheinisch-Westfälische gem. Baugenossenschaft,genossenschaft_siedlung,ja,christos,2026-09-23,keine einschlägigen Informationen gefunden,
Rhein. Westf. Baugen. E. G.m.b.h.,koerperschaft,Rheinisch-Westfälische gem. Baugenossenschaft,genossenschaft_siedlung,ja,christos,2026-09-23,keine einschlägigen Informationen gefunden,
Rhein. Westf. Gem. Baugen. e. G. m. b. H.,koerperschaft,Rheinisch-Westfälische gem. Baugenossenschaft,genossenschaft_siedlung,ja,christos,2026-09-23,keine einschlägigen Informationen gefunden,
Rhein. Westf. gem. Baugen. e.G.m.b.H.,koerperschaft,Rheinisch-Westfälische gem. Baugenossenschaft,genossenschaft_siedlung,ja,christos,2026-09-23,keine einschlägigen Informationen gefunden,
Rhein.-Westf. gem. Baugenossensch. e.G.m.bH.,koerperschaft,Rheinisch-Westfälische gem. Baugenossenschaft,genossenschaft_siedlung,ja,christos,2026-09-23,keine einschlägigen Informationen gefunden,
Siedlungsverband Ruhrkohlenbezirk,koerperschaft,Siedlungsverband Ruhrkohlenbezirk,sonstige,ja,christos,2026-09-22,,
Siedlungsverband Ruhrkohlenbez.,koerperschaft,Siedlungsverband Ruhrkohlenbezirk,sonstige,ja,christos,2026-09-22,,
"Spar- u. Bauver. Eintracht, e. G.m.b.H.",koerperschaft,"""Eintracht"" Bau- u. Sparverein eGmbH",genossenschaft_siedlung,ja,christos,2026-09-23,"Wikipedia: ""Die Straßenbezeichnung geht auf die am 4. Dezember 1904 durch Eisenbahner gegründete Eintracht Bau- und Sparverein eGmbH zurück. Sie baute nahe dem damaligen Eisenbahnbetriebswerk Essen Hbf 160 Wohnungen. 1941 verschmolz die Eintracht mit der Wohnungsgesellschaft Ruhr-Niederrhein mbH Essen, einem Unternehmen der Deutschen Reichsbahn. Die Eintrachtstraße verbindet die Krampestraße mit der Gerhard-Stötzel-Straße. Am Westende der Straße führt eine Treppe zur Krampestraße."", URL: https://de.wikipedia.org/wiki/Liste_der_Stra%C3%9Fen_in_Essen-S%C3%BCdostviertel, abgerufen am: 23.9.2026",
Spar- u. Bauverein Eintracht e.G.m.b.H,koerperschaft,"""Eintracht"" Bau- u. Sparverein eGmbH",genossenschaft_siedlung,ja,christos,2026-09-23,"Wikipedia: ""Die Straßenbezeichnung geht auf die am 4. Dezember 1904 durch Eisenbahner gegründete Eintracht Bau- und Sparverein eGmbH zurück. Sie baute nahe dem damaligen Eisenbahnbetriebswerk Essen Hbf 160 Wohnungen. 1941 verschmolz die Eintracht mit der Wohnungsgesellschaft Ruhr-Niederrhein mbH Essen, einem Unternehmen der Deutschen Reichsbahn. Die Eintrachtstraße verbindet die Krampestraße mit der Gerhard-Stötzel-Straße. Am Westende der Straße führt eine Treppe zur Krampestraße."", URL: https://de.wikipedia.org/wiki/Liste_der_Stra%C3%9Fen_in_Essen-S%C3%BCdostviertel, abgerufen am: 23.9.2026",
"Spar- u. Bauverein Eintracht, e. G. m. b. H.",koerperschaft,"""Eintracht"" Bau- u. Sparverein eGmbH",genossenschaft_siedlung,ja,christos,2026-09-23,"Wikipedia: ""Die Straßenbezeichnung geht auf die am 4. Dezember 1904 durch Eisenbahner gegründete Eintracht Bau- und Sparverein eGmbH zurück. Sie baute nahe dem damaligen Eisenbahnbetriebswerk Essen Hbf 160 Wohnungen. 1941 verschmolz die Eintracht mit der Wohnungsgesellschaft Ruhr-Niederrhein mbH Essen, einem Unternehmen der Deutschen Reichsbahn. Die Eintrachtstraße verbindet die Krampestraße mit der Gerhard-Stötzel-Straße. Am Westende der Straße führt eine Treppe zur Krampestraße."", URL: https://de.wikipedia.org/wiki/Liste_der_Stra%C3%9Fen_in_Essen-S%C3%BCdostviertel, abgerufen am: 23.9.2026",
"Spar- und Bauverein ""Eintracht"", e. G. m. b. H.",koerperschaft,"""Eintracht"" Bau- u. Sparverein eGmbH",genossenschaft_siedlung,ja,christos,2026-09-23,"Wikipedia: ""Die Straßenbezeichnung geht auf die am 4. Dezember 1904 durch Eisenbahner gegründete Eintracht Bau- und Sparverein eGmbH zurück. Sie baute nahe dem damaligen Eisenbahnbetriebswerk Essen Hbf 160 Wohnungen. 1941 verschmolz die Eintracht mit der Wohnungsgesellschaft Ruhr-Niederrhein mbH Essen, einem Unternehmen der Deutschen Reichsbahn. Die Eintrachtstraße verbindet die Krampestraße mit der Gerhard-Stötzel-Straße. Am Westende der Straße führt eine Treppe zur Krampestraße."", URL: https://de.wikipedia.org/wiki/Liste_der_Stra%C3%9Fen_in_Essen-S%C3%BCdostviertel, abgerufen am: 23.9.2026",
Süddeutsche Eisenb. Ges.,koerperschaft,Süddeutsche Eisenbahn-Gesellschaft (SEG),genossenschaft_siedlung,ja,christos,2026-09-26,https://de.wikipedia.org/wiki/S%C3%BCddeutsche_Eisenbahn-Gesellschaft,
Süddeutsche Eisenbahn Ges.,koerperschaft,Süddeutsche Eisenbahn-Gesellschaft (SEG),genossenschaft_siedlung,ja,christos,2026-09-26,https://de.wikipedia.org/wiki/S%C3%BCddeutsche_Eisenbahn-Gesellschaft,
Süddeutsche Eisenbahn Gesellsch.,koerperschaft,Süddeutsche Eisenbahn-Gesellschaft (SEG),genossenschaft_siedlung,ja,christos,2026-09-26,https://de.wikipedia.org/wiki/S%C3%BCddeutsche_Eisenbahn-Gesellschaft,
Süddeutsche Eisenbahn-Gesellsch.,koerperschaft,Süddeutsche Eisenbahn-Gesellschaft (SEG),genossenschaft_siedlung,ja,christos,2026-09-26,https://de.wikipedia.org/wiki/S%C3%BCddeutsche_Eisenbahn-Gesellschaft,
Süddeutsche Eisenbahngesellsch.,koerperschaft,Süddeutsche Eisenbahn-Gesellschaft (SEG),genossenschaft_siedlung,ja,christos,2026-09-26,https://de.wikipedia.org/wiki/S%C3%BCddeutsche_Eisenbahn-Gesellschaft,
Verbrauchergenossensch. Ruhrgebiet E.g.m. b. H.,koerperschaft,Verbrauchergenossenschaft Ruhrgebiet,genossenschaft_siedlung,ja,christos,2026-09-23,hierzu konnten bislang keine einschlägigen Informationen ermittelt werden,
Verbrauchergenossensch. Ruhrgebiet E.g.m.h.,koerperschaft,Verbrauchergenossenschaft Ruhrgebiet,genossenschaft_siedlung,ja,christos,2026-09-23,hierzu konnten bislang keine einschlägigen Informationen ermittelt werden,
Verbrauchergenossensch. Ruhrgebiet G. M. b. H.,koerperschaft,Verbrauchergenossenschaft Ruhrgebiet,genossenschaft_siedlung,ja,christos,2026-09-23,hierzu konnten bislang keine einschlägigen Informationen ermittelt werden,
Verbrauchergenossensch. Ruhrgebiet e. G. M. b. H.,koerperschaft,Verbrauchergenossenschaft Ruhrgebiet,genossenschaft_siedlung,ja,christos,2026-09-23,hierzu konnten bislang keine einschlägigen Informationen ermittelt werden,
Verbrauchergenossensch. Ruhrgebiet e.G.m.b.H.,koerperschaft,Verbrauchergenossenschaft Ruhrgebiet,genossenschaft_siedlung,ja,christos,2026-09-23,hierzu konnten bislang keine einschlägigen Informationen ermittelt werden,
Verbrauchergenossenschaft Ruhrgeb. e.G.m.b.H.,koerperschaft,Verbrauchergenossenschaft Ruhrgebiet,genossenschaft_siedlung,ja,christos,2026-09-23,hierzu konnten bislang keine einschlägigen Informationen ermittelt werden,
Verbrauchergenossenschaft Ruhrgebiet e. G. m. b. H.,koerperschaft,Verbrauchergenossenschaft Ruhrgebiet,genossenschaft_siedlung,ja,christos,2026-09-23,hierzu konnten bislang keine einschlägigen Informationen ermittelt werden,
Verbrauchergenossenschaft Ruhrgebiet e.G. m. b. H.,koerperschaft,Verbrauchergenossenschaft Ruhrgebiet,genossenschaft_siedlung,ja,christos,2026-09-23,hierzu konnten bislang keine einschlägigen Informationen ermittelt werden,
Verbrauchergenossenschaft Ruhrgebiet e.G.m.b.H,koerperschaft,Verbrauchergenossenschaft Ruhrgebiet,genossenschaft_siedlung,ja,christos,2026-09-23,hierzu konnten bislang keine einschlägigen Informationen ermittelt werden,
Verbrauchergenossenschaft Ruhrgebiet e.G.m.b.H.,koerperschaft,Verbrauchergenossenschaft Ruhrgebiet,genossenschaft_siedlung,ja,christos,2026-09-23,hierzu konnten bislang keine einschlägigen Informationen ermittelt werden,
Vereinigte Spar- u. Baugenossenschaft,koerperschaft,Vereinigte Spar- u. Baugenossenschaft,genossenschaft_siedlung,ja,christos,2026-09-26,,
Vereinigte Spar- und Baugenossenschaft,koerperschaft,Vereinigte Spar- u. Baugenossenschaft,genossenschaft_siedlung,ja,christos,2026-09-26,,
"Albers, H.",person,"Albers, H.",privatperson,ja,christos,2026-09-23,Kategorie sicher; Identität (dieselbe Person?) aus dem Namen nicht belegbar — Sammelentscheid 2026-09-23,
"Aron, J.",person,"Aron, J.",privatperson,ja,christos,2026-09-23,Kategorie sicher; Identität (dieselbe Person?) aus dem Namen nicht belegbar — Sammelentscheid 2026-09-23,
"Artz, J.",person,"Artz, J.",privatperson,ja,christos,2026-09-23,Kategorie sicher; Identität (dieselbe Person?) aus dem Namen nicht belegbar — Sammelentscheid 2026-09-23,
"Barkhoff, M.",person,"Barkhoff, M.",privatperson,ja,christos,2026-09-23,Kategorie sicher; Identität (dieselbe Person?) aus dem Namen nicht belegbar — Sammelentscheid 2026-09-23,
"Beitelsmann, L.",person,"Beitelsmann, L.",privatperson,ja,christos,2026-09-23,Kategorie sicher; Identität (dieselbe Person?) aus dem Namen nicht belegbar — Sammelentscheid 2026-09-23,
"Bergmann, J.",person,"Bergmann, J.",privatperson,ja,christos,2026-09-23,Kategorie sicher; Identität (dieselbe Person?) aus dem Namen nicht belegbar — Sammelentscheid 2026-09-23,
"Blau, O.",person,"Blau, O.",privatperson,ja,christos,2026-09-23,Kategorie sicher; Identität (dieselbe Person?) aus dem Namen nicht belegbar — Sammelentscheid 2026-09-23,
"Block, A.",person,"Block, A.",privatperson,ja,christos,2026-09-23,Kategorie sicher; Identität (dieselbe Person?) aus dem Namen nicht belegbar — Sammelentscheid 2026-09-23,
"Bock, O.",person,"Bock, O.",privatperson,ja,christos,2026-09-23,Kategorie sicher; Identität (dieselbe Person?) aus dem Namen nicht belegbar — Sammelentscheid 2026-09-23,
"Bodtenberg, R.",person,"Bodtenberg, R.",privatperson,ja,christos,2026-09-23,Kategorie sicher; Identität (dieselbe Person?) aus dem Namen nicht belegbar — Sammelentscheid 2026-09-23,
"Bohnekamp, J.",person,"Bohnekamp, J.",privatperson,ja,christos,2026-09-23,Kategorie sicher; Identität (dieselbe Person?) aus dem Namen nicht belegbar — Sammelentscheid 2026-09-23,
"Bohnenkamp, H.",person,"Bohnenkamp, H.",privatperson,ja,christos,2026-09-23,Kategorie sicher; Identität (dieselbe Person?) aus dem Namen nicht belegbar — Sammelentscheid 2026-09-23,
"Bosch, J.",person,"Bosch, J.",privatperson,ja,christos,2026-09-23,Kategorie sicher; Identität (dieselbe Person?) aus dem Namen nicht belegbar — Sammelentscheid 2026-09-23,
Bramkamp,person,Bramkamp,privatperson,ja,christos,2026-09-23,Kategorie sicher; Identität (dieselbe Person?) aus dem Namen nicht belegbar — Sammelentscheid 2026-09-23,
"Brandenbusch, H.",person,"Brandenbusch, H.",privatperson,ja,christos,2026-09-23,Kategorie sicher; Identität (dieselbe Person?) aus dem Namen nicht belegbar — Sammelentscheid 2026-09-23,
"Braun, F.",person,"Braun, F.",privatperson,ja,christos,2026-09-23,Kategorie sicher; Identität (dieselbe Person?) aus dem Namen nicht belegbar — Sammelentscheid 2026-09-23,
"Brecklinghaus, J.",person,"Brecklinghaus, J.",privatperson,ja,christos,2026-09-23,Kategorie sicher; Identität (dieselbe Person?) aus dem Namen nicht belegbar — Sammelentscheid 2026-09-23,
"Breyl, H.",person,"Breyl, H.",privatperson,ja,christos,2026-09-23,Kategorie sicher; Identität (dieselbe Person?) aus dem Namen nicht belegbar — Sammelentscheid 2026-09-23,
"Brächter, J.",person,"Brächter, J.",privatperson,ja,christos,2026-09-23,Kategorie sicher; Identität (dieselbe Person?) aus dem Namen nicht belegbar — Sammelentscheid 2026-09-23,
"Bär, A.",person,"Bär, A.",privatperson,ja,christos,2026-09-23,Kategorie sicher; Identität (dieselbe Person?) aus dem Namen nicht belegbar — Sammelentscheid 2026-09-23,
"Bücking, F.",person,"Bücking, F.",privatperson,ja,christos,2026-09-23,Kategorie sicher; Identität (dieselbe Person?) aus dem Namen nicht belegbar — Sammelentscheid 2026-09-23,
"Bücking, H.",person,"Bücking, H.",privatperson,ja,christos,2026-09-23,Kategorie sicher; Identität (dieselbe Person?) aus dem Namen nicht belegbar — Sammelentscheid 2026-09-23,
"Bürger, J.",person,"Bürger, J.",privatperson,ja,christos,2026-09-23,Kategorie sicher; Identität (dieselbe Person?) aus dem Namen nicht belegbar — Sammelentscheid 2026-09-23,
Classen,person,Classen,privatperson,ja,christos,2026-09-23,Kategorie sicher; Identität (dieselbe Person?) aus dem Namen nicht belegbar — Sammelentscheid 2026-09-23,
Colsmann,person,Colsmann,privatperson,ja,christos,2026-09-23,Kategorie sicher; Identität (dieselbe Person?) aus dem Namen nicht belegbar — Sammelentscheid 2026-09-23,
"Danz, K.",person,"Danz, K.",privatperson,ja,christos,2026-09-23,Kategorie sicher; Identität (dieselbe Person?) aus dem Namen nicht belegbar — Sammelentscheid 2026-09-23,
"Denkhaus, H.",person,"Denkhaus, H.",privatperson,ja,christos,2026-09-23,Kategorie sicher; Identität (dieselbe Person?) aus dem Namen nicht belegbar — Sammelentscheid 2026-09-23,
"Dickmann, F.",person,"Dickmann, F.",privatperson,ja,christos,2026-09-23,Kategorie sicher; Identität (dieselbe Person?) aus dem Namen nicht belegbar — Sammelentscheid 2026-09-23,
"Dickmann, H.",person,"Dickmann, H.",privatperson,ja,christos,2026-09-23,Kategorie sicher; Identität (dieselbe Person?) aus dem Namen nicht belegbar — Sammelentscheid 2026-09-23,
"Eickhoff, E.",person,"Eickhoff, E.",privatperson,ja,christos,2026-09-23,Kategorie sicher; Identität (dieselbe Person?) aus dem Namen nicht belegbar — Sammelentscheid 2026-09-23,
"Feldmann, H.",person,"Feldmann, H.",privatperson,ja,christos,2026-09-23,Kategorie sicher; Identität (dieselbe Person?) aus dem Namen nicht belegbar — Sammelentscheid 2026-09-23,
"Fischer, A.",person,"Fischer, A.",privatperson,ja,christos,2026-09-23,Kategorie sicher; Identität (dieselbe Person?) aus dem Namen nicht belegbar — Sammelentscheid 2026-09-23,
"Franke, H.",person,"Franke, H.",privatperson,ja,christos,2026-09-23,Kategorie sicher; Identität (dieselbe Person?) aus dem Namen nicht belegbar — Sammelentscheid 2026-09-23,
"Franz, H.",person,"Franz, H.",privatperson,ja,christos,2026-09-23,Kategorie sicher; Identität (dieselbe Person?) aus dem Namen nicht belegbar — Sammelentscheid 2026-09-23,
"Goldkuhle, J.",person,"Goldkuhle, J.",privatperson,ja,christos,2026-09-23,Kategorie sicher; Identität (dieselbe Person?) aus dem Namen nicht belegbar — Sammelentscheid 2026-09-23,
"Grolla, F.",person,"Grolla, F.",privatperson,ja,christos,2026-09-23,Kategorie sicher; Identität (dieselbe Person?) aus dem Namen nicht belegbar — Sammelentscheid 2026-09-23,
"Groote, W.",person,"Groote, W.",privatperson,ja,christos,2026-09-23,Kategorie sicher; Identität (dieselbe Person?) aus dem Namen nicht belegbar — Sammelentscheid 2026-09-23,
"Grotendorst, W.",person,"Grotendorst, W.",privatperson,ja,christos,2026-09-23,Kategorie sicher; Identität (dieselbe Person?) aus dem Namen nicht belegbar — Sammelentscheid 2026-09-23,
"Guyenz, F.",person,"Guyenz, F.",privatperson,ja,christos,2026-09-23,Kategorie sicher; Identität (dieselbe Person?) aus dem Namen nicht belegbar — Sammelentscheid 2026-09-23,
"Hagemann, W.",person,"Hagemann, W.",privatperson,ja,christos,2026-09-23,Kategorie sicher; Identität (dieselbe Person?) aus dem Namen nicht belegbar — Sammelentscheid 2026-09-23,
"Hahn, W.",person,"Hahn, W.",privatperson,ja,christos,2026-09-23,Kategorie sicher; Identität (dieselbe Person?) aus dem Namen nicht belegbar — Sammelentscheid 2026-09-23,
"Halfmann, H.",person,"Halfmann, H.",privatperson,ja,christos,2026-09-23,Kategorie sicher; Identität (dieselbe Person?) aus dem Namen nicht belegbar — Sammelentscheid 2026-09-23,
"Haltermann, H.",person,"Haltermann, H.",privatperson,ja,christos,2026-09-23,Kategorie sicher; Identität (dieselbe Person?) aus dem Namen nicht belegbar — Sammelentscheid 2026-09-23,
"Hartmann, A.",person,"Hartmann, A.",privatperson,ja,christos,2026-09-23,Kategorie sicher; Identität (dieselbe Person?) aus dem Namen nicht belegbar — Sammelentscheid 2026-09-23,
"Heger, G.",person,"Heger, G.",privatperson,ja,christos,2026-09-23,Kategorie sicher; Identität (dieselbe Person?) aus dem Namen nicht belegbar — Sammelentscheid 2026-09-23,
"Helmes, J.",person,"Helmes, J.",privatperson,ja,christos,2026-09-23,Kategorie sicher; Identität (dieselbe Person?) aus dem Namen nicht belegbar — Sammelentscheid 2026-09-23,
"Herrmann, A.",person,"Herrmann, A.",privatperson,ja,christos,2026-09-23,Kategorie sicher; Identität (dieselbe Person?) aus dem Namen nicht belegbar — Sammelentscheid 2026-09-23,
"Herskamp, F.",person,"Herskamp, F.",privatperson,ja,christos,2026-09-23,Kategorie sicher; Identität (dieselbe Person?) aus dem Namen nicht belegbar — Sammelentscheid 2026-09-23,
"Hertz, J.",person,"Hertz, J.",privatperson,ja,christos,2026-09-23,Kategorie sicher; Identität (dieselbe Person?) aus dem Namen nicht belegbar — Sammelentscheid 2026-09-23,
"Hinsenkamp, H.",person,"Hinsenkamp, H.",privatperson,ja,christos,2026-09-23,Kategorie sicher; Identität (dieselbe Person?) aus dem Namen nicht belegbar — Sammelentscheid 2026-09-23,
"Hoffmann, A.",person,"Hoffmann, A.",privatperson,ja,christos,2026-09-23,Kategorie sicher; Identität (dieselbe Person?) aus dem Namen nicht belegbar — Sammelentscheid 2026-09-23,
"Hoffstadt, H.",person,"Hoffstadt, H.",privatperson,ja,christos,2026-09-23,Kategorie sicher; Identität (dieselbe Person?) aus dem Namen nicht belegbar — Sammelentscheid 2026-09-23,
"Hohlmann, J.",person,"Hohlmann, J.",privatperson,ja,christos,2026-09-23,Kategorie sicher; Identität (dieselbe Person?) aus dem Namen nicht belegbar — Sammelentscheid 2026-09-23,
"Holl, M.",person,"Holl, M.",privatperson,ja,christos,2026-09-23,Kategorie sicher; Identität (dieselbe Person?) aus dem Namen nicht belegbar — Sammelentscheid 2026-09-23,
"Huff, H.",person,"Huff, H.",privatperson,ja,christos,2026-09-23,Kategorie sicher; Identität (dieselbe Person?) aus dem Namen nicht belegbar — Sammelentscheid 2026-09-23,
"Hupe, K.",person,"Hupe, K.",privatperson,ja,christos,2026-09-23,Kategorie sicher; Identität (dieselbe Person?) aus dem Namen nicht belegbar — Sammelentscheid 2026-09-23,
"Husmann, H.",person,Husmann,privatperson,ja,christos,2026-09-22,,
"Härzer, R.",person,"Härzer, R.",privatperson,ja,christos,2026-09-23,Kategorie sicher; Identität (dieselbe Person?) aus dem Namen nicht belegbar — Sammelentscheid 2026-09-23,
"Höing, J.",person,"Höing, J.",privatperson,ja,christos,2026-09-23,Kategorie sicher; Identität (dieselbe Person?) aus dem Namen nicht belegbar — Sammelentscheid 2026-09-23,
"Hörsken, H.",person,"Hörsken, H.",privatperson,ja,christos,2026-09-23,Kategorie sicher; Identität (dieselbe Person?) aus dem Namen nicht belegbar — Sammelentscheid 2026-09-23,
"Hülsebusch, F.",person,"Hülsebusch, F.",privatperson,ja,christos,2026-09-23,Kategorie sicher; Identität (dieselbe Person?) aus dem Namen nicht belegbar — Sammelentscheid 2026-09-23,
"Hülsmann, H.",person,"Hülsmann, H.",privatperson,ja,christos,2026-09-23,Kategorie sicher; Identität (dieselbe Person?) aus dem Namen nicht belegbar — Sammelentscheid 2026-09-23,
"Hülsmann, J.",person,"Hülsmann, J.",privatperson,ja,christos,2026-09-23,Kategorie sicher; Identität (dieselbe Person?) aus dem Namen nicht belegbar — Sammelentscheid 2026-09-23,
"Hüttemann, H.",person,"Hüttemann, H.",privatperson,ja,christos,2026-09-23,Kategorie sicher; Identität (dieselbe Person?) aus dem Namen nicht belegbar — Sammelentscheid 2026-09-23,
"Kahmann, J.",person,"Kahmann, J.",privatperson,ja,christos,2026-09-23,Kategorie sicher; Identität (dieselbe Person?) aus dem Namen nicht belegbar — Sammelentscheid 2026-09-23,
"Kaiser, E.",person,"Kaiser, E.",privatperson,ja,christos,2026-09-23,Kategorie sicher; Identität (dieselbe Person?) aus dem Namen nicht belegbar — Sammelentscheid 2026-09-23,
"Kaiser, J.",person,"Kaiser, J.",privatperson,ja,christos,2026-09-23,Kategorie sicher; Identität (dieselbe Person?) aus dem Namen nicht belegbar — Sammelentscheid 2026-09-23,
"Kappenberg, H.",person,"Kappenberg, H.",privatperson,ja,christos,2026-09-23,Kategorie sicher; Identität (dieselbe Person?) aus dem Namen nicht belegbar — Sammelentscheid 2026-09-23,
"Keienburg, H.",person,"Keienburg, H.",privatperson,ja,christos,2026-09-23,Kategorie sicher; Identität (dieselbe Person?) aus dem Namen nicht belegbar — Sammelentscheid 2026-09-23,
"Klein, H.",person,"Klein, H.",privatperson,ja,christos,2026-09-23,Kategorie sicher; Identität (dieselbe Person?) aus dem Namen nicht belegbar — Sammelentscheid 2026-09-23,
"Klein, W.",person,"Klein, W.",privatperson,ja,christos,2026-09-23,Kategorie sicher; Identität (dieselbe Person?) aus dem Namen nicht belegbar — Sammelentscheid 2026-09-23,
"Koch, E.",person,"Koch, E.",privatperson,ja,christos,2026-09-23,Kategorie sicher; Identität (dieselbe Person?) aus dem Namen nicht belegbar — Sammelentscheid 2026-09-23,
"Kramer, W.",person,"Kramer, W.",privatperson,ja,christos,2026-09-23,Kategorie sicher; Identität (dieselbe Person?) aus dem Namen nicht belegbar — Sammelentscheid 2026-09-23,
"Kratz, J.",person,"Kratz, J.",privatperson,ja,christos,2026-09-23,Kategorie sicher; Identität (dieselbe Person?) aus dem Namen nicht belegbar — Sammelentscheid 2026-09-23,
"Krause, H.",person,"Krause, H.",privatperson,ja,christos,2026-09-23,Kategorie sicher; Identität (dieselbe Person?) aus dem Namen nicht belegbar — Sammelentscheid 2026-09-23,
"Kremer, J.",person,"Kremer, J.",privatperson,ja,christos,2026-09-23,Kategorie sicher; Identität (dieselbe Person?) aus dem Namen nicht belegbar — Sammelentscheid 2026-09-23,
Krupp v. Bohlen u. Halbach,person,Krupp v. Bohlen u. Halbach,privatperson,ja,christos,2026-09-23,Kategorie sicher; Identität (dieselbe Person?) aus dem Namen nicht belegbar — Sammelentscheid 2026-09-23,
"Kruse, H.",person,"Kruse, H.",privatperson,ja,christos,2026-09-23,Kategorie sicher; Identität (dieselbe Person?) aus dem Namen nicht belegbar — Sammelentscheid 2026-09-23,
"Krämer, W.",person,"Krämer, W.",privatperson,ja,christos,2026-09-23,Kategorie sicher; Identität (dieselbe Person?) aus dem Namen nicht belegbar — Sammelentscheid 2026-09-23,
"Kuhlmann, W.",person,"Kuhlmann, W.",privatperson,ja,christos,2026-09-23,Kategorie sicher; Identität (dieselbe Person?) aus dem Namen nicht belegbar — Sammelentscheid 2026-09-23,
"Köning, W.",person,"Köning, W.",privatperson,ja,christos,2026-09-23,Kategorie sicher; Identität (dieselbe Person?) aus dem Namen nicht belegbar — Sammelentscheid 2026-09-23,
"Köster, A.",person,"Köster, A.",privatperson,ja,christos,2026-09-23,Kategorie sicher; Identität (dieselbe Person?) aus dem Namen nicht belegbar — Sammelentscheid 2026-09-23,
Küpper,person,Küpper,privatperson,ja,christos,2026-09-23,Kategorie sicher; Identität (dieselbe Person?) aus dem Namen nicht belegbar — Sammelentscheid 2026-09-23,
"Lappe, W.",person,"Lappe, W.",privatperson,ja,christos,2026-09-23,Kategorie sicher; Identität (dieselbe Person?) aus dem Namen nicht belegbar — Sammelentscheid 2026-09-23,
"Laudage, F.",person,"Laudage, F.",privatperson,ja,christos,2026-09-23,Kategorie sicher; Identität (dieselbe Person?) aus dem Namen nicht belegbar — Sammelentscheid 2026-09-23,
"Lewe, J.",person,"Lewe, J.",privatperson,ja,christos,2026-09-23,Kategorie sicher; Identität (dieselbe Person?) aus dem Namen nicht belegbar — Sammelentscheid 2026-09-23,
"Lindemann, J.",person,"Lindemann, J.",privatperson,ja,christos,2026-09-23,Kategorie sicher; Identität (dieselbe Person?) aus dem Namen nicht belegbar — Sammelentscheid 2026-09-23,
"Löbbert, W.",person,"Löbbert, W.",privatperson,ja,christos,2026-09-23,Kategorie sicher; Identität (dieselbe Person?) aus dem Namen nicht belegbar — Sammelentscheid 2026-09-23,
"Menninger, G.",person,"Menninger, G.",privatperson,ja,christos,2026-09-23,Kategorie sicher; Identität (dieselbe Person?) aus dem Namen nicht belegbar — Sammelentscheid 2026-09-23,
"Möller, E.",person,"Möller, E.",privatperson,ja,christos,2026-09-23,Kategorie sicher; Identität (dieselbe Person?) aus dem Namen nicht belegbar — Sammelentscheid 2026-09-23,
"Möller, J.",person,"Möller, J.",privatperson,ja,christos,2026-09-23,Kategorie sicher; Identität (dieselbe Person?) aus dem Namen nicht belegbar — Sammelentscheid 2026-09-23,
"Mühlen, v. u. zur",person,"Mühlen, v. u. zur",privatperson,ja,christos,2026-09-23,Kategorie sicher; Identität (dieselbe Person?) aus dem Namen nicht belegbar — Sammelentscheid 2026-09-23,
"Mühlen, von und zur",person,"Mühlen, von und zur",privatperson,ja,christos,2026-09-23,Kategorie sicher; Identität (dieselbe Person?) aus dem Namen nicht belegbar — Sammelentscheid 2026-09-23,
"Nassau, G.",person,"Nassau, G.",privatperson,ja,christos,2026-09-23,Kategorie sicher; Identität (dieselbe Person?) aus dem Namen nicht belegbar — Sammelentscheid 2026-09-23,
"Nassau, M.",person,"Nassau, M.",privatperson,ja,christos,2026-09-23,Kategorie sicher; Identität (dieselbe Person?) aus dem Namen nicht belegbar — Sammelentscheid 2026-09-23,
"Neuhaus, F.",person,"Neuhaus, F.",privatperson,ja,christos,2026-09-23,Kategorie sicher; Identität (dieselbe Person?) aus dem Namen nicht belegbar — Sammelentscheid 2026-09-23,
"Pegels, J.",person,"Pegels, J.",privatperson,ja,christos,2026-09-23,Kategorie sicher; Identität (dieselbe Person?) aus dem Namen nicht belegbar — Sammelentscheid 2026-09-23,
"Peters, A.",person,"Peters, A.",privatperson,ja,christos,2026-09-23,Kategorie sicher; Identität (dieselbe Person?) aus dem Namen nicht belegbar — Sammelentscheid 2026-09-23,
"Peters, H.",person,"Peters, H.",privatperson,ja,christos,2026-09-23,Kategorie sicher; Identität (dieselbe Person?) aus dem Namen nicht belegbar — Sammelentscheid 2026-09-23,
"Peters, P.",person,"Peters, P.",privatperson,ja,christos,2026-09-23,Kategorie sicher; Identität (dieselbe Person?) aus dem Namen nicht belegbar — Sammelentscheid 2026-09-23,
"Peters, Th.",person,"Peters, Th.",privatperson,ja,christos,2026-09-23,Kategorie sicher; Identität (dieselbe Person?) aus dem Namen nicht belegbar — Sammelentscheid 2026-09-23,
"Pfeil, W.",person,"Pfeil, W.",privatperson,ja,christos,2026-09-23,Kategorie sicher; Identität (dieselbe Person?) aus dem Namen nicht belegbar — Sammelentscheid 2026-09-23,
"Pfordte, G.",person,"Pfordte, G.",privatperson,ja,christos,2026-09-23,Kategorie sicher; Identität (dieselbe Person?) aus dem Namen nicht belegbar — Sammelentscheid 2026-09-23,
Pichler,person,Pichler,privatperson,ja,christos,2026-09-23,Kategorie sicher; Identität (dieselbe Person?) aus dem Namen nicht belegbar — Sammelentscheid 2026-09-23,
"Pollerberg, W.",person,"Pollerberg, W.",privatperson,ja,christos,2026-09-23,Kategorie sicher; Identität (dieselbe Person?) aus dem Namen nicht belegbar — Sammelentscheid 2026-09-23,
"Rahmacher, H.",person,"Rahmacher, H.",privatperson,ja,christos,2026-09-23,Kategorie sicher; Identität (dieselbe Person?) aus dem Namen nicht belegbar — Sammelentscheid 2026-09-23,
"Reismann-Grone, Dr. phil., Th.",person,"Reismann-Grone, Dr. phil., Theodor",privatperson,ja,christos,2026-09-23,"Hrsg. und Besitzer der ""Rheinisch-Westfälischen Zeitung"", OB der Stadt Essen, 1933--1937, https://de.wikipedia.org/wiki/Theodor_Reismann-Grone",sicher
"Rose, H.",person,"Rose, H.",privatperson,ja,christos,2026-09-23,Kategorie sicher; Identität (dieselbe Person?) aus dem Namen nicht belegbar — Sammelentscheid 2026-09-23,
"Rose, W.",person,"Rose, W.",privatperson,ja,christos,2026-09-23,Kategorie sicher; Identität (dieselbe Person?) aus dem Namen nicht belegbar — Sammelentscheid 2026-09-23,
"Röcken, B.",person,"Röcken, B.",privatperson,ja,christos,2026-09-23,Kategorie sicher; Identität (dieselbe Person?) aus dem Namen nicht belegbar — Sammelentscheid 2026-09-23,
"Sandgathe, H.",person,"Sandgathe, H.",privatperson,ja,christos,2026-09-23,Kategorie sicher; Identität (dieselbe Person?) aus dem Namen nicht belegbar — Sammelentscheid 2026-09-23,
"Schirrmacher, E.",person,"Schirrmacher, E.",privatperson,ja,christos,2026-09-23,Kategorie sicher; Identität (dieselbe Person?) aus dem Namen nicht belegbar — Sammelentscheid 2026-09-23,
"Schmidt, C.",person,"Schmidt, C.",privatperson,ja,christos,2026-09-23,Kategorie sicher; Identität (dieselbe Person?) aus dem Namen nicht belegbar — Sammelentscheid 2026-09-23,
"Schmitt, J.",person,"Schmitt, J.",privatperson,ja,christos,2026-09-23,Kategorie sicher; Identität (dieselbe Person?) aus dem Namen nicht belegbar — Sammelentscheid 2026-09-23,
"Schmitz, K.",person,"Schmitz, K.",privatperson,ja,christos,2026-09-23,Kategorie sicher; Identität (dieselbe Person?) aus dem Namen nicht belegbar — Sammelentscheid 2026-09-23,
"Schneider, F.",person,"Schneider, F.",privatperson,ja,christos,2026-09-23,Kategorie sicher; Identität (dieselbe Person?) aus dem Namen nicht belegbar — Sammelentscheid 2026-09-23,
"Schramm, W.",person,"Schramm, W.",privatperson,ja,christos,2026-09-23,Kategorie sicher; Identität (dieselbe Person?) aus dem Namen nicht belegbar — Sammelentscheid 2026-09-23,
"Schulte, P.",person,"Schulte, P.",privatperson,ja,christos,2026-09-23,Kategorie sicher; Identität (dieselbe Person?) aus dem Namen nicht belegbar — Sammelentscheid 2026-09-23,
"Schulz, H.",person,"Schulz, H.",privatperson,ja,christos,2026-09-23,Kategorie sicher; Identität (dieselbe Person?) aus dem Namen nicht belegbar — Sammelentscheid 2026-09-23,
"Schulz, J.",person,"Schulz, J.",privatperson,ja,christos,2026-09-23,Kategorie sicher; Identität (dieselbe Person?) aus dem Namen nicht belegbar — Sammelentscheid 2026-09-23,
"Schulz, K.",person,"Schulz, K.",privatperson,ja,christos,2026-09-23,Kategorie sicher; Identität (dieselbe Person?) aus dem Namen nicht belegbar — Sammelentscheid 2026-09-23,
Schumacher,person,Schumacher,privatperson,ja,christos,2026-09-23,Kategorie sicher; Identität (dieselbe Person?) aus dem Namen nicht belegbar — Sammelentscheid 2026-09-23,
"Schumacher, J.",person,"Schumacher, J.",privatperson,ja,christos,2026-09-23,Kategorie sicher; Identität (dieselbe Person?) aus dem Namen nicht belegbar — Sammelentscheid 2026-09-23,
"Schäfer, E.",person,"Schäfer, E.",privatperson,ja,christos,2026-09-23,Kategorie sicher; Identität (dieselbe Person?) aus dem Namen nicht belegbar — Sammelentscheid 2026-09-23,
"Schürmann, A.",person,"Schürmann, A.",privatperson,ja,christos,2026-09-23,Kategorie sicher; Identität (dieselbe Person?) aus dem Namen nicht belegbar — Sammelentscheid 2026-09-23,
Siepmann,person,Siepmann,privatperson,ja,christos,2026-09-23,Kategorie sicher; Identität (dieselbe Person?) aus dem Namen nicht belegbar — Sammelentscheid 2026-09-23,
"Siepmann, Th.",person,"Siepmann, Th.",privatperson,ja,christos,2026-09-23,Kategorie sicher; Identität (dieselbe Person?) aus dem Namen nicht belegbar — Sammelentscheid 2026-09-23,
"Silberkuhl, H.",person,"Silberkuhl, H.",privatperson,ja,christos,2026-09-23,Kategorie sicher; Identität (dieselbe Person?) aus dem Namen nicht belegbar — Sammelentscheid 2026-09-23,
"Silberkuhl, J.",person,"Silberkuhl, J.",privatperson,ja,christos,2026-09-23,Kategorie sicher; Identität (dieselbe Person?) aus dem Namen nicht belegbar — Sammelentscheid 2026-09-23,
"Sonnenschein, F.",person,"Sonnenschein, F.",privatperson,ja,christos,2026-09-23,Kategorie sicher; Identität (dieselbe Person?) aus dem Namen nicht belegbar — Sammelentscheid 2026-09-23,
"Sprenger, H.",person,"Sprenger, H.",privatperson,ja,christos,2026-09-23,Kategorie sicher; Identität (dieselbe Person?) aus dem Namen nicht belegbar — Sammelentscheid 2026-09-23,
"Sprünken, J.",person,"Sprünken, J.",privatperson,ja,christos,2026-09-23,Kategorie sicher; Identität (dieselbe Person?) aus dem Namen nicht belegbar — Sammelentscheid 2026-09-23,
"Stennes, J.",person,"Stennes, J.",privatperson,ja,christos,2026-09-23,Kategorie sicher; Identität (dieselbe Person?) aus dem Namen nicht belegbar — Sammelentscheid 2026-09-23,
"Stern, H.",person,"Stern, H.",privatperson,ja,christos,2026-09-23,Kategorie sicher; Identität (dieselbe Person?) aus dem Namen nicht belegbar — Sammelentscheid 2026-09-23,
"Stevens, J.",person,"Stevens, J.",privatperson,ja,christos,2026-09-23,Kategorie sicher; Identität (dieselbe Person?) aus dem Namen nicht belegbar — Sammelentscheid 2026-09-23,
"Storp, W.",person,"Storp, W.",privatperson,ja,christos,2026-09-23,Kategorie sicher; Identität (dieselbe Person?) aus dem Namen nicht belegbar — Sammelentscheid 2026-09-23,
"Strenger, F.",person,"Strenger, F.",privatperson,ja,christos,2026-09-23,Kategorie sicher; Identität (dieselbe Person?) aus dem Namen nicht belegbar — Sammelentscheid 2026-09-23,
"Stöckmann, W.",person,"Stöckmann, W.",privatperson,ja,christos,2026-09-23,Kategorie sicher; Identität (dieselbe Person?) aus dem Namen nicht belegbar — Sammelentscheid 2026-09-23,
"Teckentrupp, H.",person,"Teckentrupp, H.",privatperson,ja,christos,2026-09-23,Kategorie sicher; Identität (dieselbe Person?) aus dem Namen nicht belegbar — Sammelentscheid 2026-09-23,
"Tettenborn, L.",person,"Tettenborn, L.",privatperson,ja,christos,2026-09-23,Kategorie sicher; Identität (dieselbe Person?) aus dem Namen nicht belegbar — Sammelentscheid 2026-09-23,
Thanscheidt,person,Thanscheidt,privatperson,ja,christos,2026-09-23,Kategorie sicher; Identität (dieselbe Person?) aus dem Namen nicht belegbar — Sammelentscheid 2026-09-23,
"Thanscheidt, E.",person,"Thanscheidt, E.",privatperson,ja,christos,2026-09-23,Kategorie sicher; Identität (dieselbe Person?) aus dem Namen nicht belegbar — Sammelentscheid 2026-09-23,
"Vollmer, H.",person,"Vollmer, H.",privatperson,ja,christos,2026-09-23,Kategorie sicher; Identität (dieselbe Person?) aus dem Namen nicht belegbar — Sammelentscheid 2026-09-23,
"Voß, W.",person,"Voß, W.",privatperson,ja,christos,2026-09-23,Kategorie sicher; Identität (dieselbe Person?) aus dem Namen nicht belegbar — Sammelentscheid 2026-09-23,
"Voßkühler, W.",person,"Voßkühler, W.",privatperson,ja,christos,2026-09-23,Kategorie sicher; Identität (dieselbe Person?) aus dem Namen nicht belegbar — Sammelentscheid 2026-09-23,
"Voßwinkel, H.",person,"Voßwinkel, H.",privatperson,ja,christos,2026-09-23,Kategorie sicher; Identität (dieselbe Person?) aus dem Namen nicht belegbar — Sammelentscheid 2026-09-23,
"Walter, W.",person,"Walter, W.",privatperson,ja,christos,2026-09-23,Kategorie sicher; Identität (dieselbe Person?) aus dem Namen nicht belegbar — Sammelentscheid 2026-09-23,
"Weber, A.",person,"Weber, A.",privatperson,ja,christos,2026-09-23,Kategorie sicher; Identität (dieselbe Person?) aus dem Namen nicht belegbar — Sammelentscheid 2026-09-23,
"Weber, E.",person,"Weber, E.",privatperson,ja,christos,2026-09-23,Kategorie sicher; Identität (dieselbe Person?) aus dem Namen nicht belegbar — Sammelentscheid 2026-09-23,
"Werner, J.",person,"Werner, J.",privatperson,ja,christos,2026-09-23,Kategorie sicher; Identität (dieselbe Person?) aus dem Namen nicht belegbar — Sammelentscheid 2026-09-23,
"Wolf, A.",person,"Wolf, A.",privatperson,ja,christos,2026-09-23,Kategorie sicher; Identität (dieselbe Person?) aus dem Namen nicht belegbar — Sammelentscheid 2026-09-23,
"Wolf, W.",person,"Wolf, W.",privatperson,ja,christos,2026-09-23,Kategorie sicher; Identität (dieselbe Person?) aus dem Namen nicht belegbar — Sammelentscheid 2026-09-23,
"Wolff, A.",person,"Wolff, A.",privatperson,ja,christos,2026-09-23,Kategorie sicher; Identität (dieselbe Person?) aus dem Namen nicht belegbar — Sammelentscheid 2026-09-23,
"Wortberg, Cl.",person,"Wortberg, Cl.",privatperson,ja,christos,2026-09-23,Kategorie sicher; Identität (dieselbe Person?) aus dem Namen nicht belegbar — Sammelentscheid 2026-09-23,
Wusthoff,person,Wusthoff,privatperson,ja,christos,2026-09-23,Kategorie sicher; Identität (dieselbe Person?) aus dem Namen nicht belegbar — Sammelentscheid 2026-09-23,
"Zimmermann, J.",person,"Zimmermann, J.",privatperson,ja,christos,2026-09-23,Kategorie sicher; Identität (dieselbe Person?) aus dem Namen nicht belegbar — Sammelentscheid 2026-09-23,
"A. Eick Söhne, Möbeleinrichtungen",koerperschaft,"A. Eick Söhne, Möbeleinrichtungen",industrie,ja,christos,2026-09-26,,
Allg. Bauver. A. G.,koerperschaft,Allgemeiner Bauverein Essen (Allbau),genossenschaft_siedlung,ja,christos,2026-09-23,,
Allg. Bauver. A.-G.,koerperschaft,Allgemeiner Bauverein Essen (Allbau),genossenschaft_siedlung,ja,christos,2026-09-23,,
Altstadt-Bauges. M. b. H.,koerperschaft,Altstadt-Bauges. M. b. H.,genossenschaft_siedlung,ja,christos,2026-09-26,,
Altstadt-Bauges. M.b. H.,koerperschaft,Altstadt-Bauges. M. b. H.,genossenschaft_siedlung,ja,christos,2026-09-26,,
"Baugen. ""Friedl. Heim""",koerperschaft,"Baugen. ""Friedl. Heim""",genossenschaft_siedlung,ja,christos,2026-09-26,,
Baugen. Friedl. Heim.,koerperschaft,"Baugen. ""Friedl. Heim""",genossenschaft_siedlung,ja,christos,2026-09-26,,
Baugen. Eigene Scholle e.G.m.b.H.,koerperschaft,Baugenossenschaft Eigene Scholle,genossenschaft_siedlung,ja,christos,2026-09-23,,
"Baugen. Eigene Scholle, e. G. m. b. H.",koerperschaft,Baugenossenschaft Eigene Scholle,genossenschaft_siedlung,ja,christos,2026-09-23,,
Bauverein Kruppsch. Beamten e.G.m.b.H.,koerperschaft,Bauverein Kruppscher Beamten,genossenschaft_siedlung,ja,christos,2026-09-23,Bauverein und Baugenossenschaft: Namensänderung im Zeitverlauf oder untersch. Genoss.? Vgl. Bestand HAK WA 153,
Bauverein Kruppscher Beamten e.G.m.b.H.,koerperschaft,Bauverein Kruppscher Beamten,genossenschaft_siedlung,ja,christos,2026-09-23,Bauverein und Baugenossenschaft: Namensänderung im Zeitverlauf oder untersch. Genoss.? Vgl. Bestand HAK WA 153,
"Bauverein Kruppscher Beamten, e. G. m. b. H.",koerperschaft,Bauverein Kruppscher Beamten,genossenschaft_siedlung,ja,christos,2026-09-23,Bauverein und Baugenossenschaft: Namensänderung im Zeitverlauf oder untersch. Genoss.? Vgl. Bestand HAK WA 153,
Bergmanns Siedl. Essen Süd,koerperschaft,Bergm.-Siedlung E.-Süd,genossenschaft_siedlung,ja,christos,2026-09-26,,
Bergmanns Siedlung Essen Süd,koerperschaft,Bergm.-Siedlung E.-Süd,genossenschaft_siedlung,ja,christos,2026-09-26,,
Bergmannssiedl. Essen Süd,koerperschaft,Bergm.-Siedlung E.-Süd,genossenschaft_siedlung,ja,christos,2026-09-26,,
Bergmannssiedlung Mülheim-Borbeck,koerperschaft,Bergmannssiedlung Mülheim-Borbeck,genossenschaft_siedlung,ja,christos,2026-09-23,,
Bergmannssiedlung Mühlheim-Borbeck,koerperschaft,Bergmannssiedlung Mülheim-Borbeck,genossenschaft_siedlung,ja,christos,2026-09-23,,
"Bürger-Bauverein, E. G. M. b. H.",koerperschaft,Bürger-Bauverein eGmbH,genossenschaft_siedlung,ja,christos,2026-09-26,,
"Bürgerbauverein, e.G.m.b.H.",koerperschaft,Bürger-Bauverein eGmbH,genossenschaft_siedlung,ja,christos,2026-09-26,,
Dtsche Reichsb. Ges.,koerperschaft,Deutsche Reichsbahn,stadt_staat,ja,christos,2026-09-26,,
Dtsche Reichsbahn Ges.,koerperschaft,Deutsche Reichsbahn,stadt_staat,ja,christos,2026-09-26,,
Essen-Bredeneyer Terrain- u. Baugesellschaft Gartenstadt m. b. H.,koerperschaft,Essen-Bredeneyer Terrain- u. Baugesellschaft Gartenstadt m. b. H.,,,eigentuemer_cluster,2026-09-22,,
Essener Steinkohlen A. G.,koerperschaft,Essener Steinkohlenbergwerke AG,bergbau,ja,christos,2026-09-26,,
Ess. Steinkohlen A. G.,koerperschaft,Essener Steinkohlenbergwerke AG,bergbau,ja,christos,2026-09-26,,
Essener Steinkohlen A.G.,koerperschaft,Essener Steinkohlenbergwerke AG,bergbau,ja,christos,2026-09-26,,
Evangel. Gemeinde,koerperschaft,Evangel. Gemeinde,,,eigentuemer_cluster,2026-09-22,,
Evangel. Kirchengemeinde,koerperschaft,Evangel. Kirchengemeinde,,,eigentuemer_cluster,2026-09-22,,
Franz-Sales-Haus,koerperschaft,Franz-Sales-Haus,,,eigentuemer_cluster,2026-09-22,,
"Franz-Sales-Haus, Heil-, Erziehungs- und Pflegeanstlt. f. Kinder",koerperschaft,"Franz-Sales-Haus, Heil-, Erziehungs- und Pflegeanstlt. f. Kinder",,,eigentuemer_cluster,2026-09-22,,
"Franz-Sales-Haus, Heil-, Erziehungs- u. Pflegeanst. f. Kinder",koerperschaft,"Franz-Sales-Haus, Heil-, Erziehungs- und Pflegeanstlt. f. Kinder",,,eigentuemer_cluster,2026-09-22,,
"Franz-Sales-Haus, Heil-, Erziehungs- und Pflegeanstalt f. Kinder",koerperschaft,"Franz-Sales-Haus, Heil-, Erziehungs- und Pflegeanstlt. f. Kinder",,,eigentuemer_cluster,2026-09-22,,
"""Gagfah"" Gemeinnützige A. G.",koerperschaft,Gemeinnützige Aktien-Gesellschaft für Angestellten-Heimstätten (GAGfAH),genossenschaft_siedlung,ja,christos,2026-09-23,https://de.wikipedia.org/wiki/Gagfah,
"Gagfah, Gemeinnützige A.G.",koerperschaft,Gemeinnützige Aktien-Gesellschaft für Angestellten-Heimstätten (GAGfAH),genossenschaft_siedlung,ja,christos,2026-09-23,https://de.wikipedia.org/wiki/Gagfah,
"Gebr. Hilgenberg, Eisenwrhdlg.",koerperschaft,"Gebr. Hilgenberg, Eisenwrhdlg.",,,eigentuemer_cluster,2026-09-22,,
"Gebr. Hilgenberg K.-G., Eisenwrhdlg.",koerperschaft,"Gebr. Hilgenberg, Eisenwrhdlg.",,,eigentuemer_cluster,2026-09-22,,
Gelsenkirchener Bergwerksverein,koerperschaft,Gelsenkirchener Bergwerks-AG (GBAG),bergbau,ja,christos,2026-09-26,,
Gelsenkirchener Bergwerks Verein A.G.,koerperschaft,Gelsenkirchener Bergwerks-AG (GBAG),bergbau,ja,christos,2026-09-26,,
Gelsenkirchener Bergwerksver.,koerperschaft,Gelsenkirchener Bergwerks-AG (GBAG),bergbau,ja,christos,2026-09-26,,
Gewersch. Carolus Magnus,koerperschaft,Gewerkschft Zeche Carolus Magnus,bergbau,ja,christos,2026-09-22,,
"Haarmann & Langhoff, Papierfabrk.",koerperschaft,"Haarmann & Langhoff, Papierfabrk.",,,eigentuemer_cluster,2026-09-22,,
Kath. Kirchengem. St. Johann,koerperschaft,Kath. Kirchengem. St. Johann,kirche_stiftung,ja,christos,2026-09-26,,
Kathol. Kirchengemeinde,koerperschaft,Kathol. Kirchengemeinde,,,eigentuemer_cluster,2026-09-22,,
Kleinhaussiedlung e.G.m.b.H.,koerperschaft,Kleinhaussiedlung Essen-Altendorf,genossenschaft_siedlung,ja,christos,2026-09-23,,
"Kleinwohnungsbau, Gem. Ges. M. b. H.",koerperschaft,Kleinwohnungsbau gGmbH,genossenschaft_siedlung,ja,christos,2026-09-23,"recherchieren: später auch ""Kleinwohnungsbau Krupp gGmbH""?",
Kleinwohnungsbau Ges. M. b. H.,koerperschaft,Kleinwohnungsbau gGmbH,genossenschaft_siedlung,ja,christos,2026-09-23,"recherchieren: später auch ""Kleinwohnungsbau Krupp gGmbH""?",
Krupp v. Bohlen u. Halbach,koerperschaft,Krupp v. Bohlen u. Halbach,privatperson,ja,christos,2026-09-26,Familie Krupp,
Krupp v. Bohlenu. Halbach,koerperschaft,Krupp v. Bohlen u. Halbach,privatperson,ja,christos,2026-09-26,Familie Krupp,
Mannesmannröhrenwerke Abtlg. Königin Elisabeth,koerperschaft,"Mannesmannröhrenwerke, Abteil. Königin Elisabeth",industrie,ja,christos,2026-09-26,,
"Mannesmannröhrenwerke, Abt. Königin Elisabeth",koerperschaft,"Mannesmannröhrenwerke, Abteil. Königin Elisabeth",industrie,ja,christos,2026-09-26,,
"Mannesmannröhrenwerke, Abteil. Königin Elisabeth",koerperschaft,"Mannesmannröhrenwerke, Abteil. Königin Elisabeth",industrie,ja,christos,2026-09-26,,
"Mannesmannröhrenwerke, Abteilung Königin Elisabeth",koerperschaft,"Mannesmannröhrenwerke, Abteil. Königin Elisabeth",industrie,ja,christos,2026-09-26,,
Margarete-Krupp-Stiftung,koerperschaft,Margarethe Krupp-Stiftung für Wohnungsfürsorge,kirche_stiftung,ja,christos,2026-09-26,,
"Narjes & Bender, Zementfabrik",koerperschaft,Narjes & Bender GmbH,industrie,ja,christos,2026-09-26,,
"Narjes & Bender, Zementfabrk.",koerperschaft,Narjes & Bender GmbH,industrie,ja,christos,2026-09-26,,
Nat.-Bank A. G.,koerperschaft,National-Bank AG,bank_versicherung,ja,christos,2026-09-26,,
Reichsfiskus,koerperschaft,Reichsfiskus,stadt_staat,ja,christos,2026-09-26,,
Rhein.-Westf. Werkswohnung A.G.,koerperschaft,Rhein.-Westf. Werkswohnung AG,,,eigentuemer_cluster,2026-09-22,,
"Schrepper & Co., Buchdruckerei",koerperschaft,"Schrepper & Co., Buchdruckerei",,,eigentuemer_cluster,2026-09-22,,
"Spar- u. Baugen. ""Familienwohl""",koerperschaft,"Baugenossenschaft ""Familienwohl""",genossenschaft_siedlung,ja,christos,2026-09-23,,
Spar- und Baugen. Familienwohl,koerperschaft,"Baugenossenschaft ""Familienwohl""",genossenschaft_siedlung,ja,christos,2026-09-23,,
Spar- u. Baugenossensch. Familienwohl,koerperschaft,"Baugenossenschaft ""Familienwohl""",genossenschaft_siedlung,ja,christos,2026-09-23,,
"Spar- u. Baugenossenschaft ""Familienwohl""",koerperschaft,"Baugenossenschaft ""Familienwohl""",genossenschaft_siedlung,ja,christos,2026-09-23,,
Th. Goldschmidt A. G.,koerperschaft,Th. Goldschmidt AG,industrie,ja,christos,2026-09-23,,
Th. Goldschmidt A.G.,koerperschaft,Th. Goldschmidt AG,industrie,ja,christos,2026-09-23,,
"Th. Goldschmidt, A. G.",koerperschaft,Th. Goldschmidt AG,industrie,ja,christos,2026-09-23,,
"Th. Goldschmidt, A.G.",koerperschaft,Th. Goldschmidt AG,industrie,ja,christos,2026-09-23,,
Wasserwerk f. d. Nördl. Westf. Kohlenrevier,koerperschaft,Wasserwerk f. d. nördl. westf. Kohlenrevier,stadt_staat,ja,christos,2026-09-26,,
Wasserwerk f. d. nördl. westf. Kohlenrevier,koerperschaft,Wasserwerk f. d. nördl. westf. Kohlenrevier,stadt_staat,ja,christos,2026-09-26,,
Westf. Bergb. u. Kohlenverw. A. G.,koerperschaft,Westf. Bergbau- u. Kohlenverwert. AG,bergbau,ja,christos,2026-09-26,,
Westf. Bergb. u. Kohlenverw. A.-G.,koerperschaft,Westf. Bergbau- u. Kohlenverwert. AG,bergbau,ja,christos,2026-09-26,,
Westf. Bergb. u. Kohlenverw. A.G.,koerperschaft,Westf. Bergbau- u. Kohlenverwert. AG,bergbau,ja,christos,2026-09-26,,
Westf. Bergbau u. Kohlenverw. A.G.,koerperschaft,Westf. Bergbau- u. Kohlenverwert. AG,bergbau,ja,christos,2026-09-26,,
"Wisthoff & Co., Glashütte",koerperschaft,"Wisthoff & Co., Glashütte",industrie,ja,christos,2026-09-26,,
"Wisthoff & Co, Glashütte",koerperschaft,"Wisthoff & Co., Glashütte",industrie,ja,christos,2026-09-26,,
Zwangsverwaltg.,koerperschaft,Zwangsverwaltung,sonstige,ja,christos,2026-09-23,,
"""Eintracht"", Bau- u. Sparverein",koerperschaft,"""Eintracht"" Bau- u. Sparverein eGmbH",genossenschaft_siedlung,ja,christos,2026-09-23,"Wikipedia: ""Die Straßenbezeichnung geht auf die am 4. Dezember 1904 durch Eisenbahner gegründete Eintracht Bau- und Sparverein eGmbH zurück. Sie baute nahe dem damaligen Eisenbahnbetriebswerk Essen Hbf 160 Wohnungen. 1941 verschmolz die Eintracht mit der Wohnungsgesellschaft Ruhr-Niederrhein mbH Essen, einem Unternehmen der Deutschen Reichsbahn. Die Eintrachtstraße verbindet die Krampestraße mit der Gerhard-Stötzel-Straße. Am Westende der Straße führt eine Treppe zur Krampestraße."", URL: https://de.wikipedia.org/wiki/Liste_der_Stra%C3%9Fen_in_Essen-S%C3%BCdostviertel, abgerufen am: 23.9.2026",
"Eintracht, Bau- u. Sparverein",koerperschaft,"""Eintracht"" Bau- u. Sparverein eGmbH",genossenschaft_siedlung,ja,christos,2026-09-23,"Wikipedia: ""Die Straßenbezeichnung geht auf die am 4. Dezember 1904 durch Eisenbahner gegründete Eintracht Bau- und Sparverein eGmbH zurück. Sie baute nahe dem damaligen Eisenbahnbetriebswerk Essen Hbf 160 Wohnungen. 1941 verschmolz die Eintracht mit der Wohnungsgesellschaft Ruhr-Niederrhein mbH Essen, einem Unternehmen der Deutschen Reichsbahn. Die Eintrachtstraße verbindet die Krampestraße mit der Gerhard-Stötzel-Straße. Am Westende der Straße führt eine Treppe zur Krampestraße."", URL: https://de.wikipedia.org/wiki/Liste_der_Stra%C3%9Fen_in_Essen-S%C3%BCdostviertel, abgerufen am: 23.9.2026",
Actien-Bierbrauerei,koerperschaft,Actien Bierbrauerei,industrie,ja,christos,2026-09-26,,
Aktien-Bierbrauerei,koerperschaft,Actien Bierbrauerei,industrie,ja,christos,2026-09-26,,
Aktienbierbrauerei,koerperschaft,Actien Bierbrauerei,industrie,ja,christos,2026-09-26,,
Allgem. Bauver.,koerperschaft,Allgemeiner Bauverein Essen (Allbau),genossenschaft_siedlung,ja,christos,2026-09-23,,
Allgem. Grundbes. G.m.b.h,koerperschaft,Allgem. Grundbes. GmbH,,,eigentuemer_cluster,2026-09-22,,
Allgem. Grundbes. G.m.b.H.,koerperschaft,Allgem. Grundbes. GmbH,,,eigentuemer_cluster,2026-09-22,,
Allgem. Ortskrankenkasse,koerperschaft,Allgem. Ortskrankenkasse,bank_versicherung,ja,christos,2026-09-26,,
Allgemeiner Bauverein Essen,koerperschaft,Allgemeiner Bauverein Essen (Allbau),genossenschaft_siedlung,ja,christos,2026-09-23,,
"Allgemeiner Bauverein Essen, A.-G.",koerperschaft,Allgemeiner Bauverein Essen (Allbau),genossenschaft_siedlung,ja,christos,2026-09-23,,
Alteness. gemeinnütz. Spar- u. Bauver.,koerperschaft,Alteness. gemeinnütz. Spar- u. Bauver.,genossenschaft_siedlung,ja,christos,2026-09-26,,
Alteness. gemeinnütz. Spar- u. Bauverein,koerperschaft,Alteness. gemeinnütz. Spar- u. Bauver.,genossenschaft_siedlung,ja,christos,2026-09-26,,
Arenbergsche AG f. Bergbau- u. Hüttenbetrieb,koerperschaft,Arenbergsche AG f. Bergbau- u. Hüttenbetrieb,industrie,ja,christos,2026-09-26,,
Arenbergsche A.G. f. Bergbau u. Hüttenbetr.,koerperschaft,Arenbergsche AG f. Bergbau- u. Hüttenbetrieb,industrie,ja,christos,2026-09-26,,
Arenbergsche Akt. Ges. f. Bergbau- u. Hüttenbetrieb,koerperschaft,Arenbergsche AG f. Bergbau- u. Hüttenbetrieb,industrie,ja,christos,2026-09-26,,
Baptistengemeinde,koerperschaft,Baptistengemeinde,,,eigentuemer_cluster,2026-09-22,,
"Baugen. ""Eigene Tat""",koerperschaft,"Siedlung ""Eigene Tat"" eGmbH",genossenschaft_siedlung,ja,christos,2026-09-26,,
Baugen. Eigene Tat,koerperschaft,"Siedlung ""Eigene Tat"" eGmbH",genossenschaft_siedlung,ja,christos,2026-09-26,,
Baugen. des Vereins der Krupp. Beamten,koerperschaft,Baugenossenschaft des Vereins Kruppscher Beamter,genossenschaft_siedlung,ja,christos,2026-09-23,,
"Baugen. des ""Vereins der Kruppschen Beamten""",koerperschaft,Baugenossenschaft des Vereins Kruppscher Beamter,genossenschaft_siedlung,ja,christos,2026-09-23,,
Baugenossensch. Eigene Scholle,koerperschaft,Baugenossenschaft Eigene Scholle,genossenschaft_siedlung,ja,christos,2026-09-23,,
"Baugenossensch. ""Eigene Scholle""",koerperschaft,Baugenossenschaft Eigene Scholle,genossenschaft_siedlung,ja,christos,2026-09-23,,
Baugenossenschaft Eigene Tat,koerperschaft,"Siedlung ""Eigene Tat"" eGmbH",genossenschaft_siedlung,ja,christos,2026-09-26,,
"Bauverein Eigenheim, e.G.m.b.H.",koerperschaft,Bauverein Eigenheim eGmbH,genossenschaft_siedlung,ja,christos,2026-09-26,,
"Bauverein ""Eigenheim"" e.G.m.b.H.",koerperschaft,Bauverein Eigenheim eGmbH,genossenschaft_siedlung,ja,christos,2026-09-26,,
Ber. Stahlwerke A.-G.,koerperschaft,Ber. Stahlwerke AG,,,eigentuemer_cluster,2026-09-22,,
Ber. Stahlw. A.-G.,koerperschaft,Ber. Stahlwerke AG,,,eigentuemer_cluster,2026-09-22,,
Bergm. Siedlg. Mülh.-Borbeck,koerperschaft,Bergm. Siedlg. Mülh.-Borbeck,genossenschaft_siedlung,ja,christos,2026-09-26,,
Bergm. Siedlgung Mülh.-Borbeck,koerperschaft,Bergm. Siedlg. Mülh.-Borbeck,genossenschaft_siedlung,ja,christos,2026-09-26,,
Bergm.-Siedl. Essen Süd,koerperschaft,Bergm.-Siedlung E.-Süd,genossenschaft_siedlung,ja,christos,2026-09-26,,
Bergm.-Siedl. Essen-Süd,koerperschaft,Bergm.-Siedlung E.-Süd,genossenschaft_siedlung,ja,christos,2026-09-26,,
Bergmanns-Siedl. Mülh. Borbeck,koerperschaft,Bergmanns-Siedl. Mülh. Borbeck,genossenschaft_siedlung,ja,christos,2026-09-26,,
Bergmannssiedlg. Ess. Nord,koerperschaft,Bergm. Siedlung Essen Nord,genossenschaft_siedlung,ja,christos,2026-09-26,,
Bergmannssiedlg. Essen Nord,koerperschaft,Bergm. Siedlung Essen Nord,genossenschaft_siedlung,ja,christos,2026-09-26,,
Bergmannssiedlg. Essen-Nord,koerperschaft,Bergm. Siedlung Essen Nord,genossenschaft_siedlung,ja,christos,2026-09-26,,
Bergmannssiedlg. Treuhandstelle,koerperschaft,Bergmannssiedlg. Treuhandstelle,,,eigentuemer_cluster,2026-09-22,,
Bergmannssiedlung Treuhandstelle,koerperschaft,Bergmannssiedlung Treuhandstelle,genossenschaft_siedlung,ja,christos,2026-09-26,,
Bergw. Ges. Hibernia,koerperschaft,Bergw.-Gesellsch. Hibernia,bergbau,ja,christos,2026-09-26,,
Bergw. Gesellsch. Hibernia,koerperschaft,Bergw.-Gesellsch. Hibernia,bergbau,ja,christos,2026-09-26,,
Bergwerks Gesellsch. Hibernia,koerperschaft,Bergw.-Gesellsch. Hibernia,bergbau,ja,christos,2026-09-26,,
"Brune & Kappesser, G.m.b.H., Schraubenfabrk",koerperschaft,"Brune & Kappesser GmbH , Schraubenfabrk.",industrie,ja,christos,2026-09-26,,
"Brune & Kappesser, G.m.b.H., Schraubenfabrk.",koerperschaft,"Brune & Kappesser GmbH , Schraubenfabrk.",industrie,ja,christos,2026-09-26,,
"Brune & Kappesser, Schraubenfabrk.",koerperschaft,"Brune & Kappesser GmbH , Schraubenfabrk.",industrie,ja,christos,2026-09-26,,
Buderus'sche Eisenwerke A. G.,koerperschaft,Buderussche Eisenwerke,industrie,ja,christos,2026-09-26,,
Buderus`sche Eisenwerke,koerperschaft,Buderussche Eisenwerke,industrie,ja,christos,2026-09-26,,
Buderussche Eisenwerke,koerperschaft,Buderussche Eisenwerke,industrie,ja,christos,2026-09-26,,
Commerz- u. Privatbk A. G.,koerperschaft,Commerz- u. Privatbk AG,,,eigentuemer_cluster,2026-09-22,,
Commerz- u. Privatbk. A.,koerperschaft,Commerz- u. Privatbk AG,,,eigentuemer_cluster,2026-09-22,,
Deutscher Arbeiterbund,koerperschaft,Deutscher Arbeiterbund,genossenschaft_siedlung,,christos,2026-09-26,,
Eigene Scholle e.G.m.b.H,koerperschaft,Eigene Scholle eGmbH,genossenschaft_siedlung,ja,christos,2026-09-26,,
Eigene Scholle e.g.m.b.h,koerperschaft,Eigene Scholle eGmbH,genossenschaft_siedlung,ja,christos,2026-09-26,,
"Eigene Scholle, e.G.m.b.H.",koerperschaft,Eigene Scholle eGmbH,genossenschaft_siedlung,ja,christos,2026-09-26,,
Emschergenossensch.,koerperschaft,Emschergenossschaft,genossenschaft_siedlung,ja,christos,2026-09-22,,
Emscher-Genossensch.,koerperschaft,Emschergenossschaft,genossenschaft_siedlung,ja,christos,2026-09-22,,
Ess. Steinkohlen Bergwerks-Ver. A. G.,koerperschaft,Essener Steinkohlenbergwerke AG,bergbau,ja,christos,2026-09-26,,
Essener Steinkohlen Bergwerks-Ver. A: -G.,koerperschaft,Essener Steinkohlenbergwerke AG,bergbau,ja,christos,2026-09-26,,
Ess. Bergschulverein e.V.,koerperschaft,Essener Bergschulverein,,,eigentuemer_cluster,2026-09-22,,
Essener Bergschulverein,koerperschaft,Essener Bergschulverein,,,eigentuemer_cluster,2026-09-22,,
Essener Bergschulverein e. V.,koerperschaft,Essener Bergschulverein,,,eigentuemer_cluster,2026-09-22,,
"Familie Spindler G.m.b.H., Vermögensverwaltg.",koerperschaft,"Familie Spindler GmbH , Vermögensverwaltg.",,,eigentuemer_cluster,2026-09-22,,
"Familie Spindler, G. m. b. H., Vermögensverwaltung",koerperschaft,"Familie Spindler GmbH , Vermögensverwaltg.",,,eigentuemer_cluster,2026-09-22,,
"Familie Spindler, G.m. b. H., Vermögensverwaltung",koerperschaft,"Familie Spindler GmbH , Vermögensverwaltg.",,,eigentuemer_cluster,2026-09-22,,
"Fredebeul & Koenen, Buchdruckerei",koerperschaft,"Fredebeul & Koenen, Buchdruckerei",industrie,ja,christos,2026-09-26,,
"Fredebeul & Koenen,  Buchdruckerei",koerperschaft,"Fredebeul & Koenen, Buchdruckerei",industrie,ja,christos,2026-09-26,,
"Gebr. Becker, Zwiebackfbrk.",koerperschaft,"Gebr. Becker, Zwiebackfbrk.",,,eigentuemer_cluster,2026-09-22,,
"Gebr. Giebel, Baugesch.",koerperschaft,"Gebr. Giebel, Baugesch.",,,eigentuemer_cluster,2026-09-22,,
"Gebr. van Eupen, Spediteure",koerperschaft,"Gebr. van Eupen, Speditionsgeschäft",industrie,ja,christos,2026-09-26,,
"Gebr. van Eupen, Großspediteure",koerperschaft,"Gebr. van Eupen, Speditionsgeschäft",industrie,ja,christos,2026-09-26,,
Gelsenk Bergw A. G.,koerperschaft,Gelsenkirchener Bergwerks-AG (GBAG),bergbau,ja,christos,2026-09-26,,
Gelsenk. Bergm. AG,koerperschaft,Gelsenkirchener Bergwerks-AG (GBAG),bergbau,ja,christos,2026-09-26,,
Gelsenk. Bergw.-A.-G.,koerperschaft,Gelsenkirchener Bergwerks-AG (GBAG),bergbau,ja,christos,2026-09-26,,
Gelsenk. Bergw. A. =G.,koerperschaft,Gelsenkirchener Bergwerks-AG (GBAG),bergbau,ja,christos,2026-09-26,,
Gemeinnütziger Bauverein,koerperschaft,Gemeinnütziger Bauverein,genossenschaft_siedlung,ja,christos,2026-09-26,,
Gew. Constantin,koerperschaft,Gew. Constantin,,,eigentuemer_cluster,2026-09-22,,
Gewerksch. Constantin,koerperschaft,Gew. Constantin,,,eigentuemer_cluster,2026-09-22,,
"Goldschmidt, A. G., Chem. Fabrik",koerperschaft,Th. Goldschmidt AG,industrie,ja,christos,2026-09-23,,
"Goldschmidt, AG., Chem. Fabrik",koerperschaft,Th. Goldschmidt AG,industrie,ja,christos,2026-09-23,,
"Goldschmidt, AG., Chem. Fabrk",koerperschaft,Th. Goldschmidt AG,industrie,ja,christos,2026-09-23,,
Hoesch Köln-Neuessen A.-G.,koerperschaft,Hoesch Köln-Neuessen AG,industrie,ja,christos,2026-09-26,,
"Industrie für Holzverwertung A.G., Sperrholzfbrk., Telephonzellenbau",koerperschaft,"Industrie für Holzverwertung AG , Sperrholzfbrk., Telephonzellenbau",,,eigentuemer_cluster,2026-09-22,,
Justizfiskus,koerperschaft,Justizfiskus,,,eigentuemer_cluster,2026-09-22,,
"Kath. Gemeindeschule XIX, Stadt Essen",koerperschaft,"Kath. Gemeindeschule XXIII., Stadt Essen",,,eigentuemer_cluster,2026-09-26,,
"Kath. Gemeindeschule XXIII., Stadt Essen",koerperschaft,"Kath. Gemeindeschule XXIII., Stadt Essen",,,eigentuemer_cluster,2026-09-26,,
"Kath. Gemeindeschule XXIV, Stadt Essen",koerperschaft,"Kath. Gemeindeschule XXIII., Stadt Essen",,,eigentuemer_cluster,2026-09-26,,
Kath. Kirchengem. St. Andreas,koerperschaft,Kath. Kirchengem. St. Andreas,kirche_stiftung,ja,christos,2026-09-23,,
Kath. Kirchengem. St. Barbara,koerperschaft,Kath. Kirchengem. St. Barbara,kirche_stiftung,ja,christos,2026-09-26,,
Kath. Kirchengem. St. Josef,koerperschaft,Kath. Kirchengem. St. Josef,kirche_stiftung,ja,christos,2026-09-26,scheinen drei sehr unterschiedliche Orte und damit wahrscheinlich auch kath. Kirchengemeinden zu sein.,
Kath. Kirchengem. St. Joseph,koerperschaft,Kath. Kirchengem. St. Joseph,kirche_stiftung,ja,christos,2026-09-26,scheinen drei sehr unterschiedliche Orte und damit wahrscheinlich auch kath. Kirchengemeinden zu sein.,
Kath. Kirchengemeinde St. Dionysius,koerperschaft,Kath. Kirchengemeinde St. Dionysius,kirche_stiftung,ja,christos,2026-09-23,,
Kath. Kirchengemeinde St.-Mariä-Empfängnis,koerperschaft,Kath. Kirchengemeinde St.-Mariä-Empfängnis,,,eigentuemer_cluster,2026-09-22,,
Kathol. Kirchengem. St. Marien,koerperschaft,Pfarre St. Marien,kirche_stiftung,ja,christos,2026-09-23,,
Kleinhaussiedlung Essen-Altendorf,koerperschaft,Kleinhaussiedlung Essen-Altendorf,genossenschaft_siedlung,ja,christos,2026-09-23,,
Kleinwohnungsbau Gemeinnützige Gesellschaft m. b. H.,koerperschaft,Kleinwohnungsbau gGmbH,genossenschaft_siedlung,ja,christos,2026-09-23,"recherchieren: später auch ""Kleinwohnungsbau Krupp gGmbH""?",
"Kleinwohnungsbau, gemeinnütz. Ges. m. b. H.",koerperschaft,Kleinwohnungsbau gGmbH,genossenschaft_siedlung,ja,christos,2026-09-23,"recherchieren: später auch ""Kleinwohnungsbau Krupp gGmbH""?",
"Konsumverein ""Eintracht""",koerperschaft,"Konsumverein ""Eintracht""",genossenschaft_siedlung,ja,christos,2026-09-26,,
Konsum-Verein Eintracht,koerperschaft,"Konsumverein ""Eintracht""",genossenschaft_siedlung,ja,christos,2026-09-26,,
Krankenhaus Ruhrknappschaft Bochum,koerperschaft,Krankenhaus Ruhrknappschaft Bochum,genossenschaft_siedlung,ja,christos,2026-09-26,,
"Köster & Co., G. M. b. H.",koerperschaft,Köster & Co. GmbH,industrie,ja,christos,2026-09-26,,
"Köster & Co., G.m.b.H.",koerperschaft,Köster & Co. GmbH,industrie,ja,christos,2026-09-26,,
"Köster & Co., G.m.b.h.",koerperschaft,Köster & Co. GmbH,industrie,ja,christos,2026-09-26,,
Mühlheimer Bergwerksverein,koerperschaft,Mühlheimer Bergwerksverein,bergbau,ja,christos,2026-09-26,,
Mülh. Bergwverein,koerperschaft,Mühlheimer Bergwerks-Verein,bergbau,ja,christos,2026-09-23,,
Mülheimer Bergw.-Verein,koerperschaft,Mühlheimer Bergwerks-Verein,bergbau,ja,christos,2026-09-23,,
"Mülheimer Bergw.-Verein, A. G.",koerperschaft,Mühlheimer Bergwerks-Verein,bergbau,ja,christos,2026-09-23,,
Preuß. Staat,koerperschaft,Preuß. Staat,,,eigentuemer_cluster,2026-09-22,,
Preuß. Staatsfiskus,koerperschaft,Preuß. Staatsfiskus,,,eigentuemer_cluster,2026-09-22,,
"Reeke & Walger, Kolonialwrgroßhdlg.",koerperschaft,"Reeke & Walger, Kolonialwrgroßhdlg.",,,eigentuemer_cluster,2026-09-22,,
"Reeke & Walger, Kolonialwarengroßhdlg.",koerperschaft,"Reeke & Walger, Kolonialwrgroßhdlg.",,,eigentuemer_cluster,2026-09-22,,
Reichspost,koerperschaft,Deutsche Reichspost,stadt_staat,ja,christos,2026-09-23,,
Rhein. Westf. Kohlensyndikat,koerperschaft,Rhein. Westf. Kohlensyndikat,,,eigentuemer_cluster,2026-09-22,,
Rhein. -Westf. Kohlen-Syndikat,koerperschaft,Rhein. Westf. Kohlensyndikat,,,eigentuemer_cluster,2026-09-22,,
"Rhein. Westf. Packungs- u. Gummi-Werke Ing. P. Barry, G. m. b. H.",koerperschaft,Rhein. Westf. Packungs- u. Gummi-Werke Ing. P. Barry GmbH,,,eigentuemer_cluster,2026-09-22,,
Rhein. Wohnungsbau-Ges. m. b. H.,koerperschaft,Rhein. Wohnungsbau GmbH,genossenschaft_siedlung,ja,christos,2026-09-26,,
Rhein. Wohnungsbauges. m. b. H.,koerperschaft,Rhein. Wohnungsbau GmbH,genossenschaft_siedlung,ja,christos,2026-09-26,,
Rhein. Wohnungsbauges. m.b.H.,koerperschaft,Rhein. Wohnungsbau GmbH,genossenschaft_siedlung,ja,christos,2026-09-26,,
Rhein.-Westf. Baugen. e. G.m.b.H.,koerperschaft,Rheinisch-Westfälische gem. Baugenossenschaft,genossenschaft_siedlung,ja,christos,2026-09-23,keine einschlägigen Informationen gefunden,
Rhein.-Westf. gem. Baugen. e.G.m.b.H.,koerperschaft,Rheinisch-Westfälische gem. Baugenossenschaft,genossenschaft_siedlung,ja,christos,2026-09-23,keine einschlägigen Informationen gefunden,
"Rhein.-Westf. gem. Baugen., e. G.m.b.H.",koerperschaft,Rheinisch-Westfälische gem. Baugenossenschaft,genossenschaft_siedlung,ja,christos,2026-09-23,keine einschlägigen Informationen gefunden,
Rhein.-Westf. Elektrizitätswerk A.G.,koerperschaft,Rheinisch-Westflisches Elektrizitätswerk AG (RWE),industrie,ja,christos,2026-09-23,,
"Rhein.-Westf. Elektrizitätswerk, A. G.",koerperschaft,Rheinisch-Westflisches Elektrizitätswerk AG (RWE),industrie,ja,christos,2026-09-23,,
"Rhein.-Westf. Elektrizitätswerk, A.-G.",koerperschaft,Rheinisch-Westflisches Elektrizitätswerk AG (RWE),industrie,ja,christos,2026-09-23,,
Rheinische Stahlwerke,koerperschaft,Rheinische Stahlwerke AG,industrie,ja,christos,2026-09-23,,
Rheinische Stahlwerke A. G.,koerperschaft,Rheinische Stahlwerke AG,industrie,ja,christos,2026-09-23,,
Ritterbrauerei,koerperschaft,Ritterbrauerei,,,eigentuemer_cluster,2026-09-22,,
Ritter-Brauerei,koerperschaft,Ritterbrauerei,,,eigentuemer_cluster,2026-09-22,,
Rüttenscheider Baugenossenschaft,koerperschaft,Rüttenscheider Baugenossenschaft,,,eigentuemer_cluster,2026-09-22,,
"Schiesen & Flothmann G.m.b.H., Kolonialwarenhdlg.",koerperschaft,"Schiesen & Flothmann GmbH , Kolonialwrhdlg.",,,eigentuemer_cluster,2026-09-22,,
"Schiesen & Flothmann G.m.b.h., Kolonialwrhdlg.",koerperschaft,"Schiesen & Flothmann GmbH , Kolonialwrhdlg.",,,eigentuemer_cluster,2026-09-22,,
"Schiesen & Flothmann, G.m.b.H., Kolonialwrhdlg.",koerperschaft,"Schiesen & Flothmann GmbH , Kolonialwrhdlg.",,,eigentuemer_cluster,2026-09-22,,
"Schlanstein, G. M. b. H., W., Bauunternehm.",koerperschaft,"Schlanstein GmbH , W., Bauunternehm.",,,eigentuemer_cluster,2026-09-22,,
Spar- u. Baugenossensch.,koerperschaft,Spar- u. Baugenossenschaft,genossenschaft_siedlung,ja,christos,2026-09-26,,
Spar- u. Baugenossenschaft,koerperschaft,Spar- u. Baugenossenschaft,genossenschaft_siedlung,ja,christos,2026-09-26,,
Spar- u. Bauver. Eintracht,koerperschaft,"""Eintracht"" Bau- u. Sparverein eGmbH",genossenschaft_siedlung,ja,christos,2026-09-23,"Wikipedia: ""Die Straßenbezeichnung geht auf die am 4. Dezember 1904 durch Eisenbahner gegründete Eintracht Bau- und Sparverein eGmbH zurück. Sie baute nahe dem damaligen Eisenbahnbetriebswerk Essen Hbf 160 Wohnungen. 1941 verschmolz die Eintracht mit der Wohnungsgesellschaft Ruhr-Niederrhein mbH Essen, einem Unternehmen der Deutschen Reichsbahn. Die Eintrachtstraße verbindet die Krampestraße mit der Gerhard-Stötzel-Straße. Am Westende der Straße führt eine Treppe zur Krampestraße."", URL: https://de.wikipedia.org/wiki/Liste_der_Stra%C3%9Fen_in_Essen-S%C3%BCdostviertel, abgerufen am: 23.9.2026",
"Spar- und Bauver. ""Eintracht""",koerperschaft,"""Eintracht"" Bau- u. Sparverein eGmbH",genossenschaft_siedlung,ja,christos,2026-09-23,"Wikipedia: ""Die Straßenbezeichnung geht auf die am 4. Dezember 1904 durch Eisenbahner gegründete Eintracht Bau- und Sparverein eGmbH zurück. Sie baute nahe dem damaligen Eisenbahnbetriebswerk Essen Hbf 160 Wohnungen. 1941 verschmolz die Eintracht mit der Wohnungsgesellschaft Ruhr-Niederrhein mbH Essen, einem Unternehmen der Deutschen Reichsbahn. Die Eintrachtstraße verbindet die Krampestraße mit der Gerhard-Stötzel-Straße. Am Westende der Straße führt eine Treppe zur Krampestraße."", URL: https://de.wikipedia.org/wiki/Liste_der_Stra%C3%9Fen_in_Essen-S%C3%BCdostviertel, abgerufen am: 23.9.2026",
Stauder-Brauerei,koerperschaft,Stauder-Brauerei,,,eigentuemer_cluster,2026-09-22,,
"Stein- u. Marmor-Werke, G. M. b. H.",koerperschaft,Stein- u. Marmor-Werke GmbH,,,eigentuemer_cluster,2026-09-22,,
"Ver. Spar- und Baugenoss.,  E.g.m.b.h.",koerperschaft,Vereinigte Spar- u. Baugenossenschaft,genossenschaft_siedlung,ja,christos,2026-09-26,,
"Ver. Spar- und Baugenoss., e.G.m.b.H.",koerperschaft,Vereinigte Spar- u. Baugenossenschaft,genossenschaft_siedlung,ja,christos,2026-09-26,,
"Wohnungsgenossenschaft ""Feldhaushof"" e.G.m.b.H.",koerperschaft,Kleinwohnungsgenossenschaft Feldhaushof eGmbH,genossenschaft_siedlung,ja,christos,2026-09-23,,
"Zander & Co., J. W., Metallgroßhdlg.",koerperschaft,"Zander & Co., J. W., Metallgroßhdlg.",,,eigentuemer_cluster,2026-09-22,,
Zeche Königin Eliisabeth,koerperschaft,Zeche Königin Eliisabeth,bergbau,ja,christos,2026-09-26,,
Zeche Köningin Elisabeth,koerperschaft,Zeche Königin Eliisabeth,bergbau,ja,christos,2026-09-26,,
"""Gagfah"", Gem. A.-G. f. Angest. Heimstätt.",koerperschaft,Gemeinnützige Aktien-Gesellschaft für Angestellten-Heimstätten (GAGfAH),genossenschaft_siedlung,ja,christos,2026-09-23,https://de.wikipedia.org/wiki/Gagfah,
"""Gagfah"", Gemein. A.-G. f. Angest. Heimstätt.",koerperschaft,Gemeinnützige Aktien-Gesellschaft für Angestellten-Heimstätten (GAGfAH),genossenschaft_siedlung,ja,christos,2026-09-23,https://de.wikipedia.org/wiki/Gagfah,
"A. Comberg, G.m.b.H., Lederfabrk.",koerperschaft,"A. Comberg GmbH , Lederfabrk.",,,eigentuemer_cluster,2026-09-22,,
"A. Grundmann, G. m. b. H., Damenbekleidung",koerperschaft,"A. Grundmann GmbH , Damenbekleidung",,,eigentuemer_cluster,2026-09-22,,
Actien-Bierbrauerei Essen,koerperschaft,Actien Bierbrauerei,industrie,ja,christos,2026-09-26,,
Adolf-Hitler-Straße  81,koerperschaft,Adolf-Hitler-Straße 81,,,eigentuemer_cluster,2026-09-22,,
Adolf-Hitler-Straße 19,koerperschaft,Adolf-Hitler-Straße 19,,,eigentuemer_cluster,2026-09-22,,
Aktien-Bierbrauerei Essen,koerperschaft,Actien Bierbrauerei,industrie,ja,christos,2026-09-26,,
"Alfred z. Linde, Ordensgr. nat. christl. Orden Friedrich d. Große",koerperschaft,"Alfred z. Linde, Ordensgr. nat. christl. Orden Friedrich d. Große",,,eigentuemer_cluster,2026-09-22,,
Allgem. Grundbes. -Ges. M. b. H.,koerperschaft,Allgem. Grundbes. -Ges. M. b. H.,,,eigentuemer_cluster,2026-09-26,,
Allgem. Grundbes. Ges. M. b. H.,koerperschaft,Allgem. Grundbes. -Ges. M. b. H.,,,eigentuemer_cluster,2026-09-26,,
Allgemein. Bauverein A.G.,koerperschaft,Allgemeiner Bauverein Essen (Allbau),genossenschaft_siedlung,ja,christos,2026-09-23,,
Alteness. gemeinn. Spar- u. Bauverein e.G.m.b.H.,koerperschaft,Alteness. gemeinn. Spar- u. Bauverein eGmbH,genossenschaft_siedlung,ja,christos,2026-09-26,,
Alteness. gemeinnütz. Spar- u. Bauverein e.G.m.b.H.,koerperschaft,Alteness. gemeinn. Spar- u. Bauverein eGmbH,genossenschaft_siedlung,ja,christos,2026-09-26,,
Altstadt Bauges. M. b. H.,koerperschaft,Altstadt Bauges. M. b. H.,,,eigentuemer_cluster,2026-09-22,,
Altstadt Bauges. m. b. H.,koerperschaft,Altstadt Bauges. M. b. H.,,,eigentuemer_cluster,2026-09-22,,
Arbeiter-Spar- u. Bauverein,koerperschaft,Arbeiter-Spar- u. Bauverein,genossenschaft_siedlung,ja,christos,2026-09-26,,
Autogarage der Vereinigten Stahlwerke A. G.,koerperschaft,Autogarage der Vereinigten Stahlwerke AG,industrie,ja,christos,2026-09-26,,
"Bau- u. Spar-Verein ""Eintracht"" Essen",koerperschaft,"""Eintracht"" Bau- u. Sparverein eGmbH",genossenschaft_siedlung,ja,christos,2026-09-23,"Wikipedia: ""Die Straßenbezeichnung geht auf die am 4. Dezember 1904 durch Eisenbahner gegründete Eintracht Bau- und Sparverein eGmbH zurück. Sie baute nahe dem damaligen Eisenbahnbetriebswerk Essen Hbf 160 Wohnungen. 1941 verschmolz die Eintracht mit der Wohnungsgesellschaft Ruhr-Niederrhein mbH Essen, einem Unternehmen der Deutschen Reichsbahn. Die Eintrachtstraße verbindet die Krampestraße mit der Gerhard-Stötzel-Straße. Am Westende der Straße führt eine Treppe zur Krampestraße."", URL: https://de.wikipedia.org/wiki/Liste_der_Stra%C3%9Fen_in_Essen-S%C3%BCdostviertel, abgerufen am: 23.9.2026",
"Baug. ""Friedl. Heim""",koerperschaft,"Baug. ""Friedl. Heim""",,,eigentuemer_cluster,2026-09-22,,
Baugen. Eigene Scholle,koerperschaft,Baugenossenschaft Eigene Scholle,genossenschaft_siedlung,ja,christos,2026-09-23,,
"Baugen. Heimatbank, e. G. m. b. H.",koerperschaft,Siedlungsgenossenschaft Heimatdank,genossenschaft_siedlung,ja,christos,2026-09-26,,
"Baugen. Heimatdank, e. G. m. b. H.",koerperschaft,Siedlungsgenossenschaft Heimatdank,genossenschaft_siedlung,ja,christos,2026-09-26,,
Baugen. Heimstätte,koerperschaft,Baugen. Heimstätte,,,eigentuemer_cluster,2026-09-22,,
Baugen. d. Vereins Krupp. Beamten G.m.b.H.,koerperschaft,Bauverein Kruppscher Beamten,genossenschaft_siedlung,ja,christos,2026-09-23,Bauverein und Baugenossenschaft: Namensänderung im Zeitverlauf oder untersch. Genoss.? Vgl. Bestand HAK WA 153,
"Baugen. d. Vereins Kruppsch. Beamten, e.G.m.b.H.",koerperschaft,Bauverein Kruppscher Beamten,genossenschaft_siedlung,ja,christos,2026-09-23,Bauverein und Baugenossenschaft: Namensänderung im Zeitverlauf oder untersch. Genoss.? Vgl. Bestand HAK WA 153,
Baugen. d. Vereins Kruppscher Beamten,koerperschaft,Bauverein Kruppscher Beamten,genossenschaft_siedlung,ja,christos,2026-09-23,Bauverein und Baugenossenschaft: Namensänderung im Zeitverlauf oder untersch. Genoss.? Vgl. Bestand HAK WA 153,
Baugen. des Vereins Kruppscher Beamten,koerperschaft,Bauverein Kruppscher Beamten,genossenschaft_siedlung,ja,christos,2026-09-23,Bauverein und Baugenossenschaft: Namensänderung im Zeitverlauf oder untersch. Genoss.? Vgl. Bestand HAK WA 153,
Baugen. d. Vereins d. Kruppsch. Beamten,koerperschaft,Bauverein Kruppscher Beamten,genossenschaft_siedlung,ja,christos,2026-09-23,Bauverein und Baugenossenschaft: Namensänderung im Zeitverlauf oder untersch. Genoss.? Vgl. Bestand HAK WA 153,
"Baugenossensch. ""Eigene Scholle"" Essen, e.G.m.b.H.",koerperschaft,Baugenossenschaft Eigene Scholle,genossenschaft_siedlung,ja,christos,2026-09-23,,
Baugenossensch. Eigene Scholle e. G. m. b. H.,koerperschaft,Baugenossenschaft Eigene Scholle,genossenschaft_siedlung,ja,christos,2026-09-23,,
Baugenossenschaft Familienwohl,koerperschaft,"Baugenossenschaft ""Familienwohl""",genossenschaft_siedlung,ja,christos,2026-09-23,,
Baugenossenschaft Heimatdank,koerperschaft,Siedlungsgenossenschaft Heimatdank,genossenschaft_siedlung,ja,christos,2026-09-26,,
Baugenossenschaft Heimatdank e. G. m. b. H.,koerperschaft,Siedlungsgenossenschaft Heimatdank,genossenschaft_siedlung,ja,christos,2026-09-26,,
Baugenossenschaft Siepen e.G.m.b.H.,koerperschaft,Baugenossenschaft Siepen eGmbH,,,eigentuemer_cluster,2026-09-22,,
Baugenossenschaft Siepen e.g.m.b.h.,koerperschaft,Baugenossenschaft Siepen eGmbH,,,eigentuemer_cluster,2026-09-22,,
Bauges. Essen-Ost,koerperschaft,Bauges. Essen-Ost,,,eigentuemer_cluster,2026-09-22,,
Bauhütte,koerperschaft,Bauhütte,,,eigentuemer_cluster,2026-09-22,,
Bauverein Kruppscher Geamten e.G.m.b.H.,koerperschaft,Bauverein Kruppscher Beamten,genossenschaft_siedlung,ja,christos,2026-09-23,Bauverein und Baugenossenschaft: Namensänderung im Zeitverlauf oder untersch. Genoss.? Vgl. Bestand HAK WA 153,
Belecker Spar- und Darlehenskassenverein,koerperschaft,Belecker Spar- und Darlehenskassenverein,,,eigentuemer_cluster,2026-09-22,,
Bergische Elektrizitätsges. M. b. H.,koerperschaft,Bergische Elektrizitätsges. M. b. H.,,,eigentuemer_cluster,2026-09-22,,
Bergische Elektrizitätswerke,koerperschaft,Bergische Elektrizitätswerke,,,eigentuemer_cluster,2026-09-22,,
"Bergm. Siedl. Mülh.-Borbeck, G.m.b.h.",koerperschaft,Bergmannssiedlung Mülheim-Borbeck,genossenschaft_siedlung,ja,christos,2026-09-23,,
Bergm. Siedl. Mülheim-Borbeck G.m.b.h.,koerperschaft,Bergmannssiedlung Mülheim-Borbeck,genossenschaft_siedlung,ja,christos,2026-09-23,,
Bergm. Siedlg.,koerperschaft,Bergm. Siedlg.,genossenschaft_siedlung,ja,christos,2026-09-26,,
Bergm. Siedlung,koerperschaft,Bergm. Siedlg.,genossenschaft_siedlung,ja,christos,2026-09-26,,
Bergm. Siedlung E.-Nord,koerperschaft,Bergm. Siedlung Essen Nord,genossenschaft_siedlung,ja,christos,2026-09-26,,
Bergm.-Siedl. E.-Süd,koerperschaft,Bergm.-Siedlung E.-Süd,genossenschaft_siedlung,ja,christos,2026-09-26,,
Bergm.-Siedlg. Essen Nord,koerperschaft,Bergm. Siedlung Essen Nord,genossenschaft_siedlung,ja,christos,2026-09-26,,
Bergm.-Siedlg. Essen-Nord,koerperschaft,Bergm. Siedlung Essen Nord,genossenschaft_siedlung,ja,christos,2026-09-26,,
Bergmanns Siedl. Ess. - Nord,koerperschaft,Bergmanns Siedlung Essen-Nord,genossenschaft_siedlung,ja,christos,2026-09-26,,
Bergmanns Siedl. Ess. Nord,koerperschaft,Bergmanns Siedlung Essen-Nord,genossenschaft_siedlung,ja,christos,2026-09-26,,
"Bergmanns-Siedlung Essen-Süd, e.G.m.b.H.",koerperschaft,Bergm.-Siedlung E.-Süd,genossenschaft_siedlung,ja,christos,2026-09-26,,
Bergmannsiedlg. Essen Süd,koerperschaft,Bergm.-Siedlung E.-Süd,genossenschaft_siedlung,ja,christos,2026-09-26,,
Bergmannss. Ess. Nord,koerperschaft,Bergmannss. Ess. Nord,genossenschaft_siedlung,ja,christos,2026-09-26,,
Bergmannssiedlg. Ess. Süd G.m.b.H.,koerperschaft,Bergm.-Siedlung E.-Süd,genossenschaft_siedlung,ja,christos,2026-09-26,,
Bergmannssiedlg. Ess. Süd G.m.b.h.,koerperschaft,Bergm.-Siedlung E.-Süd,genossenschaft_siedlung,ja,christos,2026-09-26,,
Bergmannssiedlg. Mühlheim-Borbeck,koerperschaft,Bergmannssiedlg. Mühlheim-Borbeck,,,eigentuemer_cluster,2026-09-22,,
Bergmannssiedlung Gr. Essen,koerperschaft,Bergmannssiedlung Gr. Essen,,,eigentuemer_cluster,2026-09-22,,
Bergw.-Ges. Hibernia,koerperschaft,Bergw.-Gesellsch. Hibernia,bergbau,ja,christos,2026-09-26,,
Bergw.-Gesellsch. Hibernia,koerperschaft,Bergw.-Gesellsch. Hibernia,bergbau,ja,christos,2026-09-26,,
"Bermannssiedlung Essen-Süd, G.m.b.H.",koerperschaft,Bergm.-Siedlung E.-Süd,genossenschaft_siedlung,ja,christos,2026-09-26,,
"Bicker & Co., Akt.-Ges. Eisenerze",koerperschaft,"Bicker & Co., Akt.-Ges. Eisenerze",,,eigentuemer_cluster,2026-09-22,,
"Boland, Herrmann & Hinsenkamp, Modellbau u. Holzbearbeitung, G. m. b. H.",koerperschaft,"Boland, Herrmann & Hinsenkamp, Modellbau u. Holzbearbeitung GmbH",,,eigentuemer_cluster,2026-09-22,,
"Bonato & Rehse, G. m. b. H., Zentralheizung",koerperschaft,"Bonato & Rehse GmbH , Zentralheizung",,,eigentuemer_cluster,2026-09-22,,
Bredeneyer Terrain- und Bauges. m. b. H.,koerperschaft,Bredeneyer Terrain- und Bauges. m. b. H.,,,eigentuemer_cluster,2026-09-22,,
"Burmeister & Horn, G.m.b.H., Eisengroßhdlg.",koerperschaft,"Burmeister & Horn GmbH , Eisengroßhdlg.",,,eigentuemer_cluster,2026-09-26,,
"Burmeister & Horn, G.m.b.H., Eisenhdlg.",koerperschaft,"Burmeister & Horn GmbH , Eisengroßhdlg.",,,eigentuemer_cluster,2026-09-26,,
Chem. Fabrik Th. Goldschmidt,koerperschaft,Th. Goldschmidt AG,industrie,ja,christos,2026-09-23,,
Commerz- u. Privatbank,koerperschaft,Commerz- u. Privatbank,,,eigentuemer_cluster,2026-09-22,,
Commerz- u. Privatbank A.G.,koerperschaft,Commerz- u. Privatbank,,,eigentuemer_cluster,2026-09-22,,
Congregatio B. M. V.,koerperschaft,Congregatio B. M. V.,,,eigentuemer_cluster,2026-09-22,,
"Daniel, A. Baugesch.",koerperschaft,"Daniel, A. Baugesch.",,,eigentuemer_cluster,2026-09-22,,
Deutsche Bank,koerperschaft,Deutsche Bank,,,eigentuemer_cluster,2026-09-22,,
Deutsche Bau-Akt.-Ges.,koerperschaft,Deutsche Bau-Aktienges.,,,eigentuemer_cluster,2026-09-26,,
Deutsche Bau-Aktienges.,koerperschaft,Deutsche Bau-Aktienges.,,,eigentuemer_cluster,2026-09-26,,
"Deutscher Herold, Volks- u. Lebensvers. A.G.",koerperschaft,"Deutscher Herold, Volks- u. Lebensvers. AG",,,eigentuemer_cluster,2026-09-22,,
"Deutscher Herold, Volks- u. Lebensversichgs. A.-G.",koerperschaft,"Deutscher Herold, Volks- u. Lebensvers. AG",,,eigentuemer_cluster,2026-09-22,,
Dresdner Bank,koerperschaft,Dresdner Bank,,,eigentuemer_cluster,2026-09-22,,
"Drägerwerk, Heinr. u. Bernh. Dräger, Zweigbüro Essen",koerperschaft,"Drägerwerk, Heinr. u. Bernh. Dräger, Zweigbüro Essen",,,eigentuemer_cluster,2026-09-22,,
Dtsche. Bau-A.G.,koerperschaft,Dtsche. Bau- AG,,,eigentuemer_cluster,2026-09-22,,
"Elberskirch & Co., G.m.b.H.",koerperschaft,Elberskirch & Co. GmbH,,,eigentuemer_cluster,2026-09-22,,
Ess. Bank e.G.m.g.H.,koerperschaft,Essener Bank eGmbH in Liqu.,bank_versicherung,ja,christos,2026-09-23,,
Essener Bank e.G.m.b.H.,koerperschaft,Essener Bank eGmbH in Liqu.,bank_versicherung,ja,christos,2026-09-23,,
Ess. Beamten-Konsumverein,koerperschaft,Ess. Beamten-Konsumverein,,,eigentuemer_cluster,2026-09-22,,
Ess. Bergw. Verein,koerperschaft,Essener Bergw. Verein,bergbau,ja,christos,2026-09-26,,
Essener Bergw. Verein,koerperschaft,Essener Bergw. Verein,bergbau,ja,christos,2026-09-26,,
Ess. Bergwerksverein König Wilh.,koerperschaft,Essener Bergwerks-Verein König Wilhelm,bergbau,ja,christos,2026-09-26,,
Essener Bergwerksverein König Wilh.,koerperschaft,Essener Bergwerks-Verein König Wilhelm,bergbau,ja,christos,2026-09-26,,
Ess. Eisenwerke,koerperschaft,Ess. Eisenwerke,,,eigentuemer_cluster,2026-09-22,,
Ess. Steink. Bergw. AG.,koerperschaft,Essener Steinkohlenbergwerke AG,bergbau,ja,christos,2026-09-26,,
Essen Bergwerksverein König Wilhelm,koerperschaft,Essen. Bergwerksverein König Wilhelm,bergbau,ja,christos,2026-09-26,,
Essen. Bergwerksverein König Wilhelm,koerperschaft,Essen. Bergwerksverein König Wilhelm,bergbau,ja,christos,2026-09-26,,
"Essen-Bredeneyer Terrain- u. Bauges. ""Gartenstadt"", G.m.b.h.",koerperschaft,Essen-Bredeneyer Terrain- u. Bauges. Gartenstadt,,,eigentuemer_cluster,2026-09-22,,
Essen-Bredeneyer Terrain- u. Bauges. Gartenstadt,koerperschaft,Essen-Bredeneyer Terrain- u. Bauges. Gartenstadt,,,eigentuemer_cluster,2026-09-22,,
Essener Sportverein 1899 E. V.,koerperschaft,Essener Sportverein 1899 e. V.,,,eigentuemer_cluster,2026-09-22,,
Essener Sportverein 1899 e. V.,koerperschaft,Essener Sportverein 1899 e. V.,,,eigentuemer_cluster,2026-09-22,,
Ev. Kirchengem.  Altendorf,koerperschaft,Ev. Kirchengem. Altendorf,kirche_stiftung,ja,christos,2026-09-23,,
Ev. Kirchengemeinde Ess.-Altstadt,koerperschaft,Evang. Kirchengem. Essen-Altstadt,kirche_stiftung,ja,christos,2026-09-23,,
Ev. Kirchengemeinde Essen-Altstadt,koerperschaft,Evang. Kirchengem. Essen-Altstadt,kirche_stiftung,ja,christos,2026-09-23,,
"Ev. Schule II, Stadt Essen",koerperschaft,"Ev. Schule II, Stadt Essen",,,eigentuemer_cluster,2026-09-22,,
"Ev. Schule, Stadt Essen",koerperschaft,"Ev. Schule, Stadt Essen",,,eigentuemer_cluster,2026-09-22,,
Evang. Gemeinde,koerperschaft,Evang. Gemeinde,,,eigentuemer_cluster,2026-09-22,,
Evg. Kirchengemeinde Essen-Rüttenscheid,koerperschaft,Evg. Kirchengemeinde Essen-Rüttenscheid,,,eigentuemer_cluster,2026-09-22,,
Evgl. Kirchengem. Altendorf,koerperschaft,Ev. Kirchengem. Altendorf,kirche_stiftung,ja,christos,2026-09-23,,
Evgl. Kirchengem. E.-Altendorf,koerperschaft,Ev. Kirchengem. Altendorf,kirche_stiftung,ja,christos,2026-09-23,,
Evgl. Kirchengem. Altstadt,koerperschaft,Evang. Kirchengem. Essen-Altstadt,kirche_stiftung,ja,christos,2026-09-23,,
Evgl. Kirchengem. E.-Altstadt,koerperschaft,Evang. Kirchengem. Essen-Altstadt,kirche_stiftung,ja,christos,2026-09-23,,
Evgl. Kirchengem. Rellinghausen,koerperschaft,Evgl. Kirchengemeinde Rellinghausen,,,eigentuemer_cluster,2026-09-26,,
Evgl. Kirchengemeinde Rellinghausen,koerperschaft,Evgl. Kirchengemeinde Rellinghausen,,,eigentuemer_cluster,2026-09-26,,
Evgl. Männer- u. Jünglings-Ver. E. V.,koerperschaft,Evgl. Männer- u. Jünglings-Ver. e. V.,,,eigentuemer_cluster,2026-09-22,,
"F. Klapdor, G.m.b.h., Baumaterialienhdlg.",koerperschaft,"F. Klapdor GmbH , Baumaterialienhdlg.",,,eigentuemer_cluster,2026-09-22,,
Familie Spindler G. m. b. H,koerperschaft,Familie Spindler GmbH,,,eigentuemer_cluster,2026-09-22,,
Fiskus,koerperschaft,Fiskus,,,eigentuemer_cluster,2026-09-22,,
"Flothmann, G. M. b. H., F., Bürobedarf",koerperschaft,"Flothmann GmbH , F., Bürobedarf",,,eigentuemer_cluster,2026-09-22,,
Frau-Marg.-Krupp-Stiftung,koerperschaft,Margarethe Krupp-Stiftung für Wohnungsfürsorge,kirche_stiftung,ja,christos,2026-09-26,,
Freie evang. Gemeinde,koerperschaft,Freie evang. Gemeinde,,,eigentuemer_cluster,2026-09-26,,
Freie evgl. Gemeinde,koerperschaft,Freie evang. Gemeinde,,,eigentuemer_cluster,2026-09-26,,
"G. Moellmann K.G., Metallwr.",koerperschaft,"G. Moellmann KG , Metallwr.",,,eigentuemer_cluster,2026-09-22,,
"Gagfa, Gemeinn. Akt. Ges. f. Angestellte",koerperschaft,Gemeinnützige Aktien-Gesellschaft für Angestellten-Heimstätten (GAGfAH),genossenschaft_siedlung,ja,christos,2026-09-23,https://de.wikipedia.org/wiki/Gagfah,
"""Gagfah"", Gem. A.G.",koerperschaft,Gemeinnützige Aktien-Gesellschaft für Angestellten-Heimstätten (GAGfAH),genossenschaft_siedlung,ja,christos,2026-09-23,https://de.wikipedia.org/wiki/Gagfah,
"Gagfah, Gem. A. G.",koerperschaft,Gemeinnützige Aktien-Gesellschaft für Angestellten-Heimstätten (GAGfAH),genossenschaft_siedlung,ja,christos,2026-09-23,https://de.wikipedia.org/wiki/Gagfah,
"Gagfah, Gemein. A. G.",koerperschaft,Gemeinnützige Aktien-Gesellschaft für Angestellten-Heimstätten (GAGfAH),genossenschaft_siedlung,ja,christos,2026-09-23,https://de.wikipedia.org/wiki/Gagfah,
"Gagfah, Gemeinn. A. G.",koerperschaft,Gemeinnützige Aktien-Gesellschaft für Angestellten-Heimstätten (GAGfAH),genossenschaft_siedlung,ja,christos,2026-09-23,https://de.wikipedia.org/wiki/Gagfah,
"Gans & Salomon, Darmhdlg.",koerperschaft,"Gans & Salomon, Darmhdlg.",,,eigentuemer_cluster,2026-09-22,,
"Gebr. Colsmann, Seidenfbrk.",koerperschaft,"Gebr. Colsmann, off. Handelsges.",industrie,ja,christos,2026-09-26,,
"Gebr. Colsmann, Seifenfabrk.",koerperschaft,"Gebr. Colsmann, off. Handelsges.",industrie,ja,christos,2026-09-26,,
"Gebr. Füth, Eisenwrhdlg.",koerperschaft,"Gebr. Füth, Eisenwrhdlg.",,,eigentuemer_cluster,2026-09-22,,
"Gebr. Kamp, G.m.b.H., Darmimport",koerperschaft,"Gebr. Kamp GmbH , Darmimport",,,eigentuemer_cluster,2026-09-22,,
"Gebr. Kamp, Darmimport",koerperschaft,"Gebr. Kamp, Darmimport",,,eigentuemer_cluster,2026-09-22,,
"Gebr. Schürmann A.G., Möbelfabrk",koerperschaft,"Gebr. Schürmann AG , Möbelfabrk",,,eigentuemer_cluster,2026-09-26,,
"Gebr. Schürmann, Möbelfabr.",koerperschaft,"Gebr. Schürmann AG , Möbelfabrk",,,eigentuemer_cluster,2026-09-26,,
"Gebr. van Eupen, Speditionsgesch.",koerperschaft,"Gebr. van Eupen, Speditionsgeschäft",industrie,ja,christos,2026-09-26,,
"Gebr. van Eupen, Speditionsgeschäft",koerperschaft,"Gebr. van Eupen, Speditionsgeschäft",industrie,ja,christos,2026-09-26,,
Gelsenk. Bergw. Akt. Ges.,koerperschaft,Gelsenk. Bergw. Ges.,,,eigentuemer_cluster,2026-09-22,,
Gelsenk. Bergw. Ges.,koerperschaft,Gelsenk. Bergw. Ges.,,,eigentuemer_cluster,2026-09-22,,
Gelsenkirch. Bergw. A.G.,koerperschaft,Gelsenkirchener Bergwerks-AG (GBAG),bergbau,ja,christos,2026-09-26,,
Gelsenkirch. Bergwerks AG.,koerperschaft,Gelsenkirchener Bergwerks-AG (GBAG),bergbau,ja,christos,2026-09-26,,
Gelsenkirchener Bergwerks Ver. AG.,koerperschaft,Gelsenkirchener Bergwerks-AG (GBAG),bergbau,ja,christos,2026-09-26,,
"Gem. Baug. ""Hilfe""",koerperschaft,"Gem. Baug. ""Hilfe""",,,eigentuemer_cluster,2026-09-22,,
"Gem. Baugen. Volkswohl, e. G. m. b. H.",koerperschaft,Gem. Baugen. Volkswohl eGmbH,genossenschaft_siedlung,ja,christos,2026-09-26,,
Gem. Bauverein,koerperschaft,"Gem. Bauverein, Essen",genossenschaft_siedlung,ja,christos,2026-09-26,,
"Gem. Siedlgsgen. ""Eigene Tat"" e.G.m.b.H.",koerperschaft,"Siedlung ""Eigene Tat"" eGmbH",genossenschaft_siedlung,ja,christos,2026-09-26,,
Gem. Siedlgsgen. Eigene Tat e.G.m.b.h.,koerperschaft,"Siedlung ""Eigene Tat"" eGmbH",genossenschaft_siedlung,ja,christos,2026-09-26,,
Gemein. Bauver. Stoppenberg,koerperschaft,Gemein. Bauver. Stoppenberg,genossenschaft_siedlung,ja,christos,2026-09-26,,
Gemein. Bauverein Stoppenberg,koerperschaft,Gemein. Bauver. Stoppenberg,genossenschaft_siedlung,ja,christos,2026-09-26,,
Gemeinn. A. G. Ang.-Heimstätten,koerperschaft,Gemeinn. A. G. Ang.-Heimstätten,genossenschaft_siedlung,ja,christos,2026-09-26,,
Gemeinn. Bauverein,koerperschaft,Gemeinn. Bauverein,genossenschaft_siedlung,ja,christos,2026-09-26,,
Gemeinn. Spar- u. Bauver.,koerperschaft,Gemeinn. Spar- u. Bauver.,,,eigentuemer_cluster,2026-09-22,,
Gemeinn. Spar- u. Bauver. A.-G.,koerperschaft,Gemeinn. Spar- u. Bauver.,,,eigentuemer_cluster,2026-09-22,,
Gemeinnütziger Bauverein Essen Stadtwald A. G.,koerperschaft,"Gemeinnütziger Bauverein, Essen-Stadtwald AG",genossenschaft_siedlung,ja,christos,2026-09-26,,
Gerling-Konzern Lebens-Vers.-A.-G.,koerperschaft,"Gerling-Konzern, Lebensvers. Köln",bank_versicherung,ja,christos,2026-09-26,,
"Gerling-Konzern, Lebensvers. A. G.",koerperschaft,"Gerling-Konzern, Lebensvers. Köln",bank_versicherung,ja,christos,2026-09-26,,
"Gerling-Konzern, Lebensvers. A.G. Köln",koerperschaft,"Gerling-Konzern, Lebensvers. Köln",bank_versicherung,ja,christos,2026-09-26,,
"Gerling-Konzern, Lebensvers. Köln",koerperschaft,"Gerling-Konzern, Lebensvers. Köln",bank_versicherung,ja,christos,2026-09-26,,
Gesellsch. Erholung. e.V.,koerperschaft,"Gesellsch. „Erholung""",,,eigentuemer_cluster,2026-09-22,,
"Gesellsch. „Erholung""",koerperschaft,"Gesellsch. „Erholung""",,,eigentuemer_cluster,2026-09-22,,
Gesellschaft Verein,koerperschaft,Gesellschaft Verein,,,eigentuemer_cluster,2026-09-22,,
"Gesellschaft ""Vereinshaus"" G.m.b.h.",koerperschaft,"Gesellschaft ""Vereinshaus"" GmbH",,,eigentuemer_cluster,2026-09-26,,
"Gesellschaft Vereinshaus, G.m.b.H.",koerperschaft,"Gesellschaft ""Vereinshaus"" GmbH",,,eigentuemer_cluster,2026-09-26,,
Gew. Constantin d. Große,koerperschaft,Gew. Constantin d. Große,,,eigentuemer_cluster,2026-09-22,,
Gewerksch. Constantin d. Große,koerperschaft,Gew. Constantin d. Große,,,eigentuemer_cluster,2026-09-22,,
Gew. Mathias-Stinnes,koerperschaft,Gew. Matthias Stinnes,,,eigentuemer_cluster,2026-09-26,,
Gew. Matthias Stinnes,koerperschaft,Gew. Matthias Stinnes,,,eigentuemer_cluster,2026-09-26,,
"Gew. Ver. Constantin, Bochum",koerperschaft,"Gew. Ver. Constantin, Bochum",bergbau,ja,christos,2026-09-26,,
Gewerksch. Ver. Constantin (Bochum),koerperschaft,"Gew. Ver. Constantin, Bochum",bergbau,ja,christos,2026-09-26,,
Gew. Viktoria Math.,koerperschaft,Gew. Viktoria Math.,,,eigentuemer_cluster,2026-09-22,,
Gew. Viktoria Matth.,koerperschaft,Gew. Viktoria Math.,,,eigentuemer_cluster,2026-09-22,,
Gewekschaft Viktoria Mathias,koerperschaft,Gewekschaft Viktoria Mathias,,,eigentuemer_cluster,2026-09-22,,
"Gewerksch. Grafbeust. Bätz,",koerperschaft,"Gewerksch. Grafbeust. Bätz,",,,eigentuemer_cluster,2026-09-22,,
Gewerksch. Heinrich,koerperschaft,Zeche Heinrich,bergbau,ja,christos,2026-09-22,,
Gewerkschaft Heinrich,koerperschaft,Zeche Heinrich,bergbau,ja,christos,2026-09-22,,
Gewerksch. Stollberg,koerperschaft,Gewerksch. Stollberg,bergbau,ja,christos,2026-09-26,,
Gewerksch. d. Zeche Eintracht Tiefb. (Bochum),koerperschaft,Gewerksch. d. Zeche Eintracht Tiefb. (Bochum),bergbau,ja,christos,2026-09-26,,
Gewerkschaft Hibernia,koerperschaft,Bergw.-Gesellsch. Hibernia,bergbau,ja,christos,2026-09-26,,
Gewerkschaft d. Steinkohlenbergw.,koerperschaft,Gewerkschaft d. Steinkohlenbergw.,bergbau,ja,christos,2026-09-26,,
"Giebel, Gebr. Baugesch.",koerperschaft,"Giebel, Gebr. Baugesch.",,,eigentuemer_cluster,2026-09-22,,
"Giebel, Gebr., Baugeschäft",koerperschaft,"Giebel, Gebr. Baugesch.",,,eigentuemer_cluster,2026-09-22,,
Glückauf Brauerei,koerperschaft,Glückauf Brauerei,,,eigentuemer_cluster,2026-09-22,,
"""Groga"" Großgaragen",koerperschaft,"""Groga"" Großgaragen",industrie,ja,christos,2026-09-26,,
Groga Großgaragen,koerperschaft,"""Groga"" Großgaragen",industrie,ja,christos,2026-09-26,,
"Groga Großgaragen, H. Scharpenberg",koerperschaft,"Groga Großgaragen, H. Scharpenberg",,,eigentuemer_cluster,2026-09-22,,
"Gutehoffnungshütte, Akt. Ver. f. Bergbau u. Hüttenbetrieb (Oberhausen)",koerperschaft,Gutehoffnungshütte (GHH),industrie,ja,christos,2026-09-23,,
"Gutehoffnungshütte, Akt. Verein f. Bergb. u. Hüttenbetr.",koerperschaft,Gutehoffnungshütte (GHH),industrie,ja,christos,2026-09-23,,
"Günther & Schwan, Buchhdlg.",koerperschaft,"Günther & Schwan, Buchhdlg.",,,eigentuemer_cluster,2026-09-22,,
"Haferfeldschule, Stadt Essen",koerperschaft,"Haferfeldschule, Stadt Essen",stadt_staat,ja,christos,2026-09-26,,
"Hageda, Aktiengesellschaft, Fil. Essen",koerperschaft,"Hageda, Aktiengesellschaft, Fil. Essen",,,eigentuemer_cluster,2026-09-22,,
"Hansabank, G. M. b. H.",koerperschaft,Hansabank GmbH,,,eigentuemer_cluster,2026-09-22,,
"Hirschland, S., Bankhaus",koerperschaft,"Hirschland, S., Bankhaus",,,eigentuemer_cluster,2026-09-22,,
Hütten- u. Walzwerk-Berufsgenossensch.,koerperschaft,Hütten- u. Walzwerkberufsgenoss.,,,eigentuemer_cluster,2026-09-22,,
Hütten- u. Walzwerkberufsgenoss.,koerperschaft,Hütten- u. Walzwerkberufsgenoss.,,,eigentuemer_cluster,2026-09-22,,
"Industrie für Holzverwertung, A. G., Sperrholzfabrk.",koerperschaft,"Industrie für Holzverwertung AG , Sperrholzfabrk.",,,eigentuemer_cluster,2026-09-22,,
Industrie- u. Handelskammer,koerperschaft,Industrie- u. Handelskammer,,,eigentuemer_cluster,2026-09-22,,
"J. Kloh, G.m.b.h., Bahnbau",koerperschaft,"J. Kloh GmbH , Bahnbau",,,eigentuemer_cluster,2026-09-22,,
"Jansen & Jung, Schwemmsteinfbrk.",koerperschaft,"Jansen & Jung, Schwemmsteinfbrk.",,,eigentuemer_cluster,2026-09-22,,
Jüdische Gemeinde,koerperschaft,Jüdische Gemeinde,,,eigentuemer_cluster,2026-09-22,,
Kanalbaudirektion,koerperschaft,Kanalbaudirektion,stadt_staat,ja,christos,2026-09-26,,
Kath. Fronleichnamsrektorat,koerperschaft,Kath. Fronleichnamsrektorat,,,eigentuemer_cluster,2026-09-22,,
Kath. Fürsorgeverein,koerperschaft,Kath. Fürsorgeverein,,,eigentuemer_cluster,2026-09-22,,
"Kath. Fürsorgeverein f. Mädchen, Frauen u. Kinder",koerperschaft,"Kath. Fürsorgeverein f. Mädchen, Frauen u. Kinder",,,eigentuemer_cluster,2026-09-22,,
Kath. Gesellenhaus,koerperschaft,Kath. Gesellenhaus,kirche_stiftung,ja,christos,2026-09-26,,
Kath. KIrchengem. St. Ludgerus,koerperschaft,Kath. Kirchengemeinde St. Ludgerus,kirche_stiftung,ja,christos,2026-09-26,,
Kath. Kirchengem. St. Ludgerus,koerperschaft,Kath. Kirchengemeinde St. Ludgerus,kirche_stiftung,ja,christos,2026-09-26,,
Kath. Kirche,koerperschaft,Kath. Kircheng.,kirche_stiftung,ja,christos,2026-09-26,,
Kath. Kirchenamt,koerperschaft,Kath. Kirchenamt,,,eigentuemer_cluster,2026-09-22,,
Kath. Kirchengem. Herz Jesu,koerperschaft,Kath. Kirchengem. Herz-Jesu,kirche_stiftung,ja,christos,2026-09-26,,
Kath. Kirchengem. Herz-Jesu,koerperschaft,Kath. Kirchengem. Herz-Jesu,kirche_stiftung,ja,christos,2026-09-26,,
Kath. Kirchengem. St. Dionysius,koerperschaft,Kath. Kirchengemeinde St. Dionysius,kirche_stiftung,ja,christos,2026-09-23,,
Kath. Kirchengem. St. Johann(Altenessen),koerperschaft,Kath. Kirchengemeinde St. Johann(Altenessen),,,eigentuemer_cluster,2026-09-26,,
Kath. Kirchengemeinde St. Johann(Altenessen),koerperschaft,Kath. Kirchengemeinde St. Johann(Altenessen),,,eigentuemer_cluster,2026-09-26,,
Kath. Kirchengem. St. Maria Empfängnis,koerperschaft,Kath. Kirchengemeinde St. Maria Empfängnis,,,eigentuemer_cluster,2026-09-26,,
Kath. Kirchengemeinde St. Maria Empfängnis,koerperschaft,Kath. Kirchengemeinde St. Maria Empfängnis,,,eigentuemer_cluster,2026-09-26,,
Kath. Kirchengem. St. Marien,koerperschaft,Pfarre St. Marien,kirche_stiftung,ja,christos,2026-09-23,,
Kath. Kirchengem. St. Mariä Geburt,koerperschaft,Kath. Kirchengem. St. Mariä Geburt,kirche_stiftung,ja,christos,2026-09-26,,
Kath. Kirchengemeinde St. Mariä Geburt,koerperschaft,Kath. Kirchengem. St. Mariä Geburt,kirche_stiftung,ja,christos,2026-09-26,,
Kath. Kirchengem. St. Peter,koerperschaft,Kath. Kirchengem. St. Peter,kirche_stiftung,ja,christos,2026-09-23,,
Kath. Kirchengem. St.Gertrudis,koerperschaft,Kath. Kirchengem. St.Gertrudis,,,eigentuemer_cluster,2026-09-22,,
Kath. Kirchengemeinde Schönebeck,koerperschaft,Kath. Kirchengemeinde Schönebeck,kirche_stiftung,ja,christos,2026-09-23,,
Kath. Kirchengemeinde St. Andreas,koerperschaft,Kath. Kirchengem. St. Andreas,kirche_stiftung,ja,christos,2026-09-23,,
Kath. Kirchengemeinde St. Gertrudis-Damenheim,koerperschaft,Kath. Kirchengemeinde St. Gertrudis-Damenheim,,,eigentuemer_cluster,2026-09-22,,
Kath. Kirchengemeinde St. Josef,koerperschaft,Kath. Kirchengemeinde St. Josef,kirche_stiftung,ja,christos,2026-09-26,scheinen drei sehr unterschiedliche Orte und damit wahrscheinlich auch kath. Kirchengemeinden zu sein.,
Kath. Kirchengemeinde St. Ludgerus,koerperschaft,Kath. Kirchengemeinde St. Ludgerus,kirche_stiftung,ja,christos,2026-09-26,,
Kath. Pfarrgemeinde zur hl. Familie,koerperschaft,Kath. Pfarrgemeinde zur hl. Familie,,,eigentuemer_cluster,2026-09-22,,
Kath. St. Johannes-Pfarrgemeinde,koerperschaft,Kath. St. Johannes-Pfarrgemeinde,,,eigentuemer_cluster,2026-09-22,,
Kath. Waisenhaus-Bau-Verein,koerperschaft,Kath. Waisenhausverein,,,eigentuemer_cluster,2026-09-22,,
Kath. Waisenhausverein,koerperschaft,Kath. Waisenhausverein,,,eigentuemer_cluster,2026-09-22,,
"Kircher & Osterhoff, G.m.b.H., Baustoffgroßhdl.",koerperschaft,"Kircher & Osterhoff GmbH , Baustoffgroßhdl.",,,eigentuemer_cluster,2026-09-22,,
Kleinhaussiedlung,koerperschaft,Kleinhaussiedlung Essen-Altendorf,genossenschaft_siedlung,ja,christos,2026-09-23,,
Kleinhaussiedlung E. Altendorf,koerperschaft,Kleinhaussiedlung Essen-Altendorf,genossenschaft_siedlung,ja,christos,2026-09-23,,
Kleinhaussiedlung E.-Altendorf,koerperschaft,Kleinhaussiedlung Essen-Altendorf,genossenschaft_siedlung,ja,christos,2026-09-23,,
"Kleinwohnungsbau d. Kinderreichen, Kray",koerperschaft,Kleinwohnungsbau der Kinderreichen Kray,genossenschaft_siedlung,ja,christos,2026-09-26,,
Kleinwohnungsbau der Kinderreichen Kray,koerperschaft,Kleinwohnungsbau der Kinderreichen Kray,genossenschaft_siedlung,ja,christos,2026-09-26,,
Kleinwohnungsbau gemeinnützige Gesellschaft m.b.H.,koerperschaft,Kleinwohnungsbau gGmbH,genossenschaft_siedlung,ja,christos,2026-09-23,"recherchieren: später auch ""Kleinwohnungsbau Krupp gGmbH""?",
"Kleinwohnungsbau, Gemeinnütz. Ges. m.b.H.",koerperschaft,Kleinwohnungsbau gGmbH,genossenschaft_siedlung,ja,christos,2026-09-23,"recherchieren: später auch ""Kleinwohnungsbau Krupp gGmbH""?",
Kloster der Barmherzigen Schwestern,koerperschaft,Kloster der Barmherzigen Schwestern,,,eigentuemer_cluster,2026-09-22,,
Kloster der barmherzigen Schwestern,koerperschaft,Kloster der Barmherzigen Schwestern,,,eigentuemer_cluster,2026-09-22,,
"Kohlensäurewerke C. G. Rommenhöller, G.m.b.H.",koerperschaft,Kohlensäurewerke C. G. Rommenhöller GmbH,,,eigentuemer_cluster,2026-09-22,,
"Konsumverein ""Eintracht"" e.G.m.b.H.",koerperschaft,"Konsumverein ""Eintracht""",genossenschaft_siedlung,ja,christos,2026-09-26,,
Konsumverein Eintracht E. G.m.b.h.,koerperschaft,"Konsumverein ""Eintracht""",genossenschaft_siedlung,ja,christos,2026-09-26,,
Krupp v. Bohlen u. Halbachsche Verwaltung,koerperschaft,Krupp von Bohlen u. Halbachsche Verw.,privatperson,ja,christos,2026-09-26,Familie Krupp,
Köln-Neuess. Bergw. Verein,koerperschaft,Hoesch Köln-Neuessen AG,industrie,ja,christos,2026-09-26,,
Köln-Neuess. Bergwerksverein,koerperschaft,Hoesch Köln-Neuessen AG,industrie,ja,christos,2026-09-26,,
Land u. Eigenheim G.m.b.H.,koerperschaft,Land- u. Eigenheim GmbH,genossenschaft_siedlung,ja,christos,2026-09-26,,
Land- u. Eigenheim G.m.b.H.,koerperschaft,Land- u. Eigenheim GmbH,genossenschaft_siedlung,ja,christos,2026-09-26,,
Landesvers. d. Rhpr.,koerperschaft,Landesvers. d. Rhpr.,,,eigentuemer_cluster,2026-09-22,,
Leysieffer & Lietzmann A.G.,koerperschaft,Leysieffer & Lietzmann AG,,,eigentuemer_cluster,2026-09-22,,
Löwenbrauerei,koerperschaft,Löwenbrauerei,industrie,ja,christos,2026-09-26,,
Magarete-Krupp-Stiftung f. Wohnungsfürsorge,koerperschaft,Margarethe Krupp-Stiftung für Wohnungsfürsorge,kirche_stiftung,ja,christos,2026-09-26,,
Mannesmann-Röhren Werke,koerperschaft,Mannesmann-Röhren Werke,,,eigentuemer_cluster,2026-09-22,,
Mannesmann=röhren Werke,koerperschaft,Mannesmann-Röhren Werke,,,eigentuemer_cluster,2026-09-22,,
Marg.-Krupp-Stiftg.,koerperschaft,Marg.-Krupp-Stiftg.,,,eigentuemer_cluster,2026-09-22,,
Marg.-Krupp-Stiftung,koerperschaft,Margarethe Krupp-Stiftung für Wohnungsfürsorge,kirche_stiftung,ja,christos,2026-09-26,,
Margarete-Krupp-Stiftung f. Wohnungsfürsorge,koerperschaft,Margarethe Krupp-Stiftung für Wohnungsfürsorge,kirche_stiftung,ja,christos,2026-09-26,,
Margarethe-Krupp-Stiftung,koerperschaft,Margarethe Krupp-Stiftung für Wohnungsfürsorge,kirche_stiftung,ja,christos,2026-09-26,,
Metallwr.-Fabr. Holzwickede,koerperschaft,Metallwr.-Fabr. Holzwickede,,,eigentuemer_cluster,2026-09-22,,
Montana Transport A. G.,koerperschaft,Montana Transport AG,,,eigentuemer_cluster,2026-09-22,,
Mülheim. Bergw. Verein,koerperschaft,Mülheim. Bergw. Verein,,,eigentuemer_cluster,2026-09-22,,
Mülheim. Bergwerksverein,koerperschaft,Mülheim. Bergw. Verein,,,eigentuemer_cluster,2026-09-22,,
"Narjes & Bender, G.m.b.H.",koerperschaft,Narjes & Bender GmbH,industrie,ja,christos,2026-09-26,,
National-Bank A. -G.,koerperschaft,National-Bank AG,bank_versicherung,ja,christos,2026-09-26,,
National-Bank A.-G.,koerperschaft,National-Bank AG,bank_versicherung,ja,christos,2026-09-26,,
Neuapostolische Gemeinde,koerperschaft,Neuapostolische Gemeinde,,,eigentuemer_cluster,2026-09-22,,
"Neumann & Mendel, Kleiderfabrk.",koerperschaft,"Neumann & Mendel, Kleiderfabrk.",,,eigentuemer_cluster,2026-09-22,,
"Noelle & Co., H., Baugesch.",koerperschaft,"Noelle & Co., H., Baugesch.",,,eigentuemer_cluster,2026-09-22,,
"Nürnberger Bund, Großeinkaufsverband, e.G.m.b.H., Nürnberg, Essen-Berlin",koerperschaft,"Nürnberger Bund, Großeinkaufsverband eGmbH , Nürnberg, Essen-Berlin",,,eigentuemer_cluster,2026-09-22,,
"""Phönix"" Brauerei, G.m.b.h.",koerperschaft,Phönix Brauerei GmbH,industrie,ja,christos,2026-09-22,,
Phönix Brauerei G.m.b.H.,koerperschaft,Phönix Brauerei GmbH,industrie,ja,christos,2026-09-22,,
"Plaß & Co., Metallwrfabrk.",koerperschaft,"Plaß & Co., Metallwrfabrk.",,,eigentuemer_cluster,2026-09-22,,
Postfiskus,koerperschaft,Postfiskus,,,eigentuemer_cluster,2026-09-22,,
Pyrophor Metallges. A.-G.,koerperschaft,Pyrophor Metallges. AG,,,eigentuemer_cluster,2026-09-22,,
Pyrophor Metallgesell. A.G.,koerperschaft,Pyrophor Metallges. AG,,,eigentuemer_cluster,2026-09-22,,
"R.W. Dinnendahl A.G., Maschinenfbrk.",koerperschaft,"Dinnendahl AG , Maschinenfabrk.",industrie,ja,christos,2026-09-26,,
"Raeder & Co., Fernmeldeanlagen",koerperschaft,"Raeder & Co., Fernmeldeanlagen",,,eigentuemer_cluster,2026-09-22,,
Reichsbank,koerperschaft,Reichsbank,,,eigentuemer_cluster,2026-09-22,,
Rhein. Stahlwerke A.-G.,koerperschaft,Rheinische Stahlwerke AG,industrie,ja,christos,2026-09-23,,
Rhein. Stahlwerke A.G.,koerperschaft,Rheinische Stahlwerke AG,industrie,ja,christos,2026-09-23,,
Rhein. Westf. Baugenossensch. e. G.m.b.H.,koerperschaft,Rheinisch-Westfälische gem. Baugenossenschaft,genossenschaft_siedlung,ja,christos,2026-09-23,keine einschlägigen Informationen gefunden,
Rhein. Westf. Baugenossensch. e.G.m.b.H.,koerperschaft,Rheinisch-Westfälische gem. Baugenossenschaft,genossenschaft_siedlung,ja,christos,2026-09-23,keine einschlägigen Informationen gefunden,
Rhein. Westf. Kohlenverwertung A.G.,koerperschaft,Rhein. Westf. Kohlenverwertung AG,industrie,ja,christos,2026-09-26,,
Rhein. Westf. Kohlenverwertung AG,koerperschaft,Rhein. Westf. Kohlenverwertung AG,industrie,ja,christos,2026-09-26,,
Rhein. Wohnungsbau G. m. b. H.,koerperschaft,Rhein. Wohnungsbau GmbH,genossenschaft_siedlung,ja,christos,2026-09-26,,
Rhein. Wohnungsbau G.m.b.H.,koerperschaft,Rhein. Wohnungsbau GmbH,genossenschaft_siedlung,ja,christos,2026-09-26,,
Rhein.-Westf. Gemein. Baugenossenschaft,koerperschaft,Rheinisch-Westfälische gem. Baugenossenschaft,genossenschaft_siedlung,ja,christos,2026-09-23,keine einschlägigen Informationen gefunden,
Rhein.-Westf. Gemeinn. Baugenossenschaft,koerperschaft,Rheinisch-Westfälische gem. Baugenossenschaft,genossenschaft_siedlung,ja,christos,2026-09-23,keine einschlägigen Informationen gefunden,
Roheisen-Verband,koerperschaft,Roheisenverband,,,eigentuemer_cluster,2026-09-22,,
Roheisenverband,koerperschaft,Roheisenverband,,,eigentuemer_cluster,2026-09-22,,
"Rohstoff-Genossensch. d. Schuhmacher Essen, e.G.m.b.H.",koerperschaft,Rohstoff-Genossensch. d. Schuhmacher eGmbH,,,eigentuemer_cluster,2026-09-22,,
Rohstoff-Genossensch. d. Schuhmacher e. G. m. b. H.,koerperschaft,Rohstoff-Genossensch. d. Schuhmacher eGmbH,,,eigentuemer_cluster,2026-09-22,,
"Rosendahl & Bachrach, Möbelgroßhdlg.",koerperschaft,"Rosendahl & Bachrach, Möbelgroßhdlg.",,,eigentuemer_cluster,2026-09-22,,
"Ruhr Asphalt u. Bautenschutz G. m. b. H., Schu & Co., G.m.b.H.",koerperschaft,"Ruhr Asphalt u. Bautenschutz GmbH , Schu & Co. GmbH",,,eigentuemer_cluster,2026-09-22,,
Ruhr-Knappschaft,koerperschaft,Ruhrknappschaft,,,eigentuemer_cluster,2026-09-22,,
Ruhrknappschaft,koerperschaft,Ruhrknappschaft,,,eigentuemer_cluster,2026-09-22,,
Ruhrtaler Bauindustrie W. Holte,koerperschaft,Ruhrtaler Bauindustrie W. Holte,,,eigentuemer_cluster,2026-09-22,,
Ruhrtalsperren-Verein,koerperschaft,Ruhrtalsperren-Verein,,,eigentuemer_cluster,2026-09-22,,
Ruhrtalsperrenverein.,koerperschaft,Ruhrtalsperren-Verein,,,eigentuemer_cluster,2026-09-22,,
Ruhrwohnstätten Ges. m.b.H.,koerperschaft,Ruhrwohnstätten Ges. m.b.H.,,,eigentuemer_cluster,2026-09-22,,
Salamander A. G.,koerperschaft,Salamander AG,,,eigentuemer_cluster,2026-09-22,,
Salamander A.-G.,koerperschaft,Salamander AG,,,eigentuemer_cluster,2026-09-22,,
"Schiesen & Flothmann G.m.b.H., Kolonialwr.",koerperschaft,"Schiesen & Flothmann GmbH , Kolonialwr.",,,eigentuemer_cluster,2026-09-22,,
"Schiesen & Flothmann, G.m.b.H., Kolonialwr.",koerperschaft,"Schiesen & Flothmann GmbH , Kolonialwr.",,,eigentuemer_cluster,2026-09-22,,
"Schlabach, G. M.b. H., Möbelgesch.",koerperschaft,"Schlabach GmbH , Möbelgesch.",,,eigentuemer_cluster,2026-09-22,,
Spar- u. Baugen. d. Bundes d. Kinderreichen,koerperschaft,Spar- u. Baugen. d. Bundes d. Kinderreichen,genossenschaft_siedlung,ja,christos,2026-09-26,,
Spar- und Baugen. d. Bundes d. Kinderreichen,koerperschaft,Spar- u. Baugen. d. Bundes d. Kinderreichen,genossenschaft_siedlung,ja,christos,2026-09-26,,
Spar- u. Bauverein Essen Umgegend,koerperschaft,Spar- u. Bauverein Essen Umgegend,genossenschaft_siedlung,ja,christos,2026-09-26,,
Spar- u. Bauverein Essen u. Umgegend,koerperschaft,Spar- u. Bauverein Essen Umgegend,genossenschaft_siedlung,ja,christos,2026-09-26,,
Spar- u. Bauverein e. V.,koerperschaft,Spar- u. Bauverein,genossenschaft_siedlung,ja,christos,2026-09-26,,
Ss. Bergw. Verein König Wilhelm,koerperschaft,Ss. Bergw. Verein König Wilhelm,bergbau,ja,christos,2026-09-26,,
St.-Johannes-Pfarrgemeinde,koerperschaft,St.-Johannes-Pfarrgemeinde,,,eigentuemer_cluster,2026-09-22,,
Stadt Mülheim,koerperschaft,Stadt Mülheim,,,eigentuemer_cluster,2026-09-22,,
Stadtverwalt. Essen,koerperschaft,Stadtverwalt. Essen,,,eigentuemer_cluster,2026-09-22,,
"Stein & Feldhaus, Architekt",koerperschaft,"Stein & Feldhaus, Architekt",,,eigentuemer_cluster,2026-09-22,,
"Stein & Feldhaus, Architekten",koerperschaft,"Stein & Feldhaus, Architekt",,,eigentuemer_cluster,2026-09-22,,
Stoppenberg. Gemeinn. Bauverein e.g.b.m.h.,koerperschaft,Stoppenberg. Gemeinn. Bauverein e.g.b.m.h.,,,eigentuemer_cluster,2026-09-22,,
Stoppenberg. gemeinn. Bauverein e.G.b.m.H.,koerperschaft,Stoppenberg. Gemeinn. Bauverein e.g.b.m.h.,,,eigentuemer_cluster,2026-09-22,,
Stoppenberger Milchhandelsgen. e. G. m. b. H.,koerperschaft,Stoppenberger Milchhandelsgen. eGmbH,,,eigentuemer_cluster,2026-09-22,,
Städt. Spark.,koerperschaft,Stadtsparkasse,stadt_staat,ja,christos,2026-09-22,,
Südd. Boden-Credit-Bank,koerperschaft,Südd. Boden-Creditbk.,,,eigentuemer_cluster,2026-09-22,,
Südd. Boden-Creditbk.,koerperschaft,Südd. Boden-Creditbk.,,,eigentuemer_cluster,2026-09-22,,
Südd. Bodenkreditbk. (München),koerperschaft,Südd. Bodenkreditbk. (München),,,eigentuemer_cluster,2026-09-22,,
Südd. Bodenkreditbk. A.-G. München,koerperschaft,Südd. Bodenkreditbk. (München),,,eigentuemer_cluster,2026-09-22,,
Süddeutsche Bodenkreditbank,koerperschaft,Süddeutsche Bodenkreditbank,,,eigentuemer_cluster,2026-09-22,,
Theaterplatzbau A. G.,koerperschaft,Theaterplatzbau AG,,,eigentuemer_cluster,2026-09-22,,
Theaterplatzbau-A.-G.,koerperschaft,Theaterplatzbau AG,,,eigentuemer_cluster,2026-09-22,,
Total-Ges. m.b.H.,koerperschaft,Total-Ges. m.b.H.,,,eigentuemer_cluster,2026-09-22,,
Treuhandst. f. Bermannswohnst. i. rhein.-westf. Steinkohlenbez. G. m. b. H.,koerperschaft,Treuhandstelle für Bergmannswohnstätten im rheinisch-westfälischen Steinkohlenbezirk GmbH,genossenschaft_siedlung,ja,christos,2026-09-26,,
Treuhandstelle für Bergmannswohnstätt. G. M. b. H.,koerperschaft,Treuhandstelle für Bergmannswohnstätten im rheinisch-westfälischen Steinkohlenbezirk GmbH,genossenschaft_siedlung,ja,christos,2026-09-26,,
Treuhandstelle für Bergmannswohnstätt. G.m.b.H.,koerperschaft,Treuhandstelle für Bergmannswohnstätten im rheinisch-westfälischen Steinkohlenbezirk GmbH,genossenschaft_siedlung,ja,christos,2026-09-26,,
Ver. Bauhandwerker G. m. b. H.,koerperschaft,Ver. Bauhandwerker GmbH,,,eigentuemer_cluster,2026-09-22,,
Ver. Bauhandwerker G.m.b.H.,koerperschaft,Ver. Bauhandwerker GmbH,,,eigentuemer_cluster,2026-09-22,,
"Ver. Spar- u. Baugenossensch. , G.m.b.H.",koerperschaft,Vereinigte Spar- u. Baugenossenschaft,genossenschaft_siedlung,ja,christos,2026-09-26,,
Ver. Spar- u. Baugenossensch. e.G.m.b.H.,koerperschaft,Vereinigte Spar- u. Baugenossenschaft,genossenschaft_siedlung,ja,christos,2026-09-26,,
Ver. Stahlwerk A.G.,koerperschaft,Autogarage der Vereinigten Stahlwerke AG,industrie,ja,christos,2026-09-26,,
Verbrauchergen. Ruhrgebiet G. M. b. H.,koerperschaft,Verbrauchergenossenschaft Ruhrgebiet,genossenschaft_siedlung,ja,christos,2026-09-23,hierzu konnten bislang keine einschlägigen Informationen ermittelt werden,
Verbrauchergen. Ruhrgebiet e.G.m.b.H.,koerperschaft,Verbrauchergenossenschaft Ruhrgebiet,genossenschaft_siedlung,ja,christos,2026-09-23,hierzu konnten bislang keine einschlägigen Informationen ermittelt werden,
Verbrauchergenoss. Ruhrgeb.,koerperschaft,Verbrauchergenossenschaft Ruhrgebiet,genossenschaft_siedlung,ja,christos,2026-09-23,hierzu konnten bislang keine einschlägigen Informationen ermittelt werden,
Verbrauchergenoss. Ruhrgebiet,koerperschaft,Verbrauchergenossenschaft Ruhrgebiet,genossenschaft_siedlung,ja,christos,2026-09-23,hierzu konnten bislang keine einschlägigen Informationen ermittelt werden,
Verein Stahlwerke A.-G.,koerperschaft,Autogarage der Vereinigten Stahlwerke AG,industrie,ja,christos,2026-09-26,,
"Verein, Stahlwerke A.G.",koerperschaft,Autogarage der Vereinigten Stahlwerke AG,industrie,ja,christos,2026-09-26,,
Verein f. Bergbaul. Interessen,koerperschaft,Verein f. Bergbaul. Interessen,sonstige,ja,christos,2026-09-22,,
Verein f. d. bergbaul. Interessen,koerperschaft,Verein f. Bergbaul. Interessen,sonstige,ja,christos,2026-09-22,,
Vereinigte Essener Dampfziegeleiwerke,koerperschaft,Vereinigte Essener Dampfziegelwerke,,,eigentuemer_cluster,2026-09-22,,
Vereinigte Essener Dampfziegelwerke,koerperschaft,Vereinigte Essener Dampfziegelwerke,,,eigentuemer_cluster,2026-09-22,,
"Vereinigte Ess. Dampfziegelwerke, G. M. b. H.",koerperschaft,Vereinigte Essener Dampfziegelwerke GmbH,,,eigentuemer_cluster,2026-09-22,,
Vereinigte Essener Dampfziegelwerke G.m.b.H.,koerperschaft,Vereinigte Essener Dampfziegelwerke GmbH,,,eigentuemer_cluster,2026-09-22,,
Vereinigte Spar- u. Baugen.,koerperschaft,Vereinigte Spar- u. Baugenossenschaft,genossenschaft_siedlung,ja,christos,2026-09-26,,
"Vereinigte Spar- u. Baugenossenschaft zu Essen, e. G. m. b. H.",koerperschaft,Vereinigte Spar- u. Baugenossenschaft,genossenschaft_siedlung,ja,christos,2026-09-26,,
"Vereinigte Stahlwerke, Akt. -Ges.",koerperschaft,Autogarage der Vereinigten Stahlwerke AG,industrie,ja,christos,2026-09-26,,
"W. Voßkamp, G.m.b.H., Kapokfbrk.",koerperschaft,"W. Voßkamp GmbH , Kapokfbrk.",,,eigentuemer_cluster,2026-09-22,,
Werdener Bank e. G. m. b. H.,koerperschaft,Werdener Bank eGmbH,,,eigentuemer_cluster,2026-09-22,,
Werdener Bank e.G.m.b.H.,koerperschaft,Werdener Bank eGmbH,,,eigentuemer_cluster,2026-09-22,,
Werkstätten u. Wohnungen G. m. b. H.,koerperschaft,Werkstätten u. Wohnungen GmbH,,,eigentuemer_cluster,2026-09-22,,
"Werkstätten u. Wohnungen, G. M. b. H.",koerperschaft,Werkstätten u. Wohnungen GmbH,,,eigentuemer_cluster,2026-09-22,,
West. Bergbau- u. Kohlenverwertgs. =a.=g.,koerperschaft,West. Bergbau- u. Kohlenverwertgs. =a.=g.,,,eigentuemer_cluster,2026-09-26,,
West. Bergbau- u. Kohleverwert. A. G.,koerperschaft,West. Bergbau- u. Kohlenverwertgs. =a.=g.,,,eigentuemer_cluster,2026-09-26,,
Westd. Bauges. A.G.,koerperschaft,Westd. Bauges. AG,,,eigentuemer_cluster,2026-09-22,,
Westf. Bergb. u. Kohlenverwert. A.G.,koerperschaft,Westf. Bergbau- u. Kohlenverwert. AG,bergbau,ja,christos,2026-09-26,,
Westf. Bergb. u. Kohlenverwertg.,koerperschaft,Westf. Bergbau- u. Kohlenverwert. AG,bergbau,ja,christos,2026-09-26,,
Westf. Bergbau u. Kohlenverwertg.,koerperschaft,Westf. Bergbau- u. Kohlenverwert. AG,bergbau,ja,christos,2026-09-26,,
Westfalia-Dinnendahl A. G.,koerperschaft,"Dinnendahl AG , Maschinenfabrk.",industrie,ja,christos,2026-09-26,https://de.wikipedia.org/wiki/Westfalia_Dinnendahl_Gr%C3%B6ppel,
"Westfalia-Dinnendahl, A.-G., R. W. Maschinenfabrk.",koerperschaft,"Dinnendahl AG , Maschinenfabrk.",industrie,ja,christos,2026-09-26,,
"Wienhusen & Daniel, Baugesch.",koerperschaft,"Wienhusen & Daniel, Baugesch.",,,eigentuemer_cluster,2026-09-22,,
"Wienhusen & Fleuren, Holzgroßhdlg.",koerperschaft,"Wienhusen & Fleuren, Holzhdlg.",,,eigentuemer_cluster,2026-09-22,,
"Wienhusen & Fleuren, Holzhdlg.",koerperschaft,"Wienhusen & Fleuren, Holzhdlg.",,,eigentuemer_cluster,2026-09-22,,
"Wirtschaftsstelle f. Verselbständigung u. Seßhaftmachung, G.m.b.H.",koerperschaft,Wirtschaftsstelle f. Verselbständigung u. Seßhaftmachung GmbH,,,eigentuemer_cluster,2026-09-22,,
"Wirtschaftsstelle für Verselbständigung und Seßhaftmachung, G.m.b.H.",koerperschaft,Wirtschaftsstelle f. Verselbständigung u. Seßhaftmachung GmbH,,,eigentuemer_cluster,2026-09-22,,
"Wisthoff & Co., Glashüttenbes.",koerperschaft,"Wisthoff & Co., Glashütte",industrie,ja,christos,2026-09-26,,
"Wohnungsgenoss. ""Feldhaushof""",koerperschaft,Kleinwohnungsgenossenschaft Feldhaushof eGmbH,genossenschaft_siedlung,ja,christos,2026-09-23,,
"Wohnungsgenossenschaft ""Feldhaushof"" G.m.b.H.",koerperschaft,Kleinwohnungsgenossenschaft Feldhaushof eGmbH,genossenschaft_siedlung,ja,christos,2026-09-23,,
"Wohnungsgenossenschaft ""Feldhaushof"" G.m.b.h.",koerperschaft,Kleinwohnungsgenossenschaft Feldhaushof eGmbH,genossenschaft_siedlung,ja,christos,2026-09-23,,
"Wylick, van & Co.",koerperschaft,"Wylick, van & Co.",,,eigentuemer_cluster,2026-09-22,,
Zeche Graf Beust,koerperschaft,Zeche Graf Beust,,,eigentuemer_cluster,2026-09-22,,
"Zeche Heinrich, Ueb",koerperschaft,Zeche Heinrich,bergbau,ja,christos,2026-09-22,,
"Zeche Heinrich, Ueb.",koerperschaft,Zeche Heinrich,bergbau,ja,christos,2026-09-22,,
"vom Hagen & Lohbeck, Mehlgroßhdlg.",koerperschaft,"vom Hagen & Lohbeck, Mehlgroßhdlg.",,,eigentuemer_cluster,2026-09-22,,
"""Dewog"", Deutsche Wohnungsfürsorge für Beamte, Angest. u. Arbeiter",koerperschaft,"""Dewog"", Deutsche Wohnungsfürsorge für Beamte, Angest. u. Arbeiter",,,eigentuemer_cluster,2026-09-22,,
"""Edeka"" Einkaufsverein der Kolonialwrhdl., e. G.m.b.H.",koerperschaft,"""Edeka"" Einkaufsverein der Kolonialwrhdl. eGmbH",,,eigentuemer_cluster,2026-09-22,,
"""Eintracht"" Bau- u. Sparverein f. Beamte u. Arbeiter E.g.m.b.h.",koerperschaft,"""Eintracht"" Bau- u. Sparverein eGmbH",genossenschaft_siedlung,ja,christos,2026-09-23,"Wikipedia: ""Die Straßenbezeichnung geht auf die am 4. Dezember 1904 durch Eisenbahner gegründete Eintracht Bau- und Sparverein eGmbH zurück. Sie baute nahe dem damaligen Eisenbahnbetriebswerk Essen Hbf 160 Wohnungen. 1941 verschmolz die Eintracht mit der Wohnungsgesellschaft Ruhr-Niederrhein mbH Essen, einem Unternehmen der Deutschen Reichsbahn. Die Eintrachtstraße verbindet die Krampestraße mit der Gerhard-Stötzel-Straße. Am Westende der Straße führt eine Treppe zur Krampestraße."", URL: https://de.wikipedia.org/wiki/Liste_der_Stra%C3%9Fen_in_Essen-S%C3%BCdostviertel, abgerufen am: 23.9.2026",
"""Eintracht"", Spar- u. Bauverein e. G.m.b.H.",koerperschaft,"""Eintracht"" Bau- u. Sparverein eGmbH",genossenschaft_siedlung,ja,christos,2026-09-23,"Wikipedia: ""Die Straßenbezeichnung geht auf die am 4. Dezember 1904 durch Eisenbahner gegründete Eintracht Bau- und Sparverein eGmbH zurück. Sie baute nahe dem damaligen Eisenbahnbetriebswerk Essen Hbf 160 Wohnungen. 1941 verschmolz die Eintracht mit der Wohnungsgesellschaft Ruhr-Niederrhein mbH Essen, einem Unternehmen der Deutschen Reichsbahn. Die Eintrachtstraße verbindet die Krampestraße mit der Gerhard-Stötzel-Straße. Am Westende der Straße führt eine Treppe zur Krampestraße."", URL: https://de.wikipedia.org/wiki/Liste_der_Stra%C3%9Fen_in_Essen-S%C3%BCdostviertel, abgerufen am: 23.9.2026",
"""Gagfah""",koerperschaft,Gemeinnützige Aktien-Gesellschaft für Angestellten-Heimstätten (GAGfAH),genossenschaft_siedlung,ja,christos,2026-09-23,https://de.wikipedia.org/wiki/Gagfah,
"""Gagfah"" Gemeinnützige Akt. Ges. f. Angest. Heimstätten",koerperschaft,Gemeinnützige Aktien-Gesellschaft für Angestellten-Heimstätten (GAGfAH),genossenschaft_siedlung,ja,christos,2026-09-23,https://de.wikipedia.org/wiki/Gagfah,
"""Gagfah"", Gemeinn. A. -G. f. Angest.",koerperschaft,Gemeinnützige Aktien-Gesellschaft für Angestellten-Heimstätten (GAGfAH),genossenschaft_siedlung,ja,christos,2026-09-23,https://de.wikipedia.org/wiki/Gagfah,
"""Genobau"", genossenschaftl. Bauunternehmung e.G.m.b.H.",koerperschaft,"""Genobau"", genossenschaftl. Bauunternehmung eGmbH",,,eigentuemer_cluster,2026-09-22,,
"""Gilde"", Deutsche Versicherungs-Akt. Ges.",koerperschaft,"""Gilde"", Deutsche Versicherungs-Akt. Ges.",,,eigentuemer_cluster,2026-09-22,,
"""Grundeigentum"" Verwaltgs. G.m.b.H.",koerperschaft,"""Grundeigentum"" Verwaltgs. GmbH",,,eigentuemer_cluster,2026-09-22,,
"""Hauhinco"" Maschinenfabrk.",koerperschaft,"""Hauhinco"" Maschinenfabrk.",,,eigentuemer_cluster,2026-09-22,,
"""Kegel-Klubhaus"", e.G.m.b.H.",koerperschaft,"""Kegel-Klubhaus"" eGmbH",,,eigentuemer_cluster,2026-09-22,,
"""Nordstern"" Lebensversich. Bk. Akt. Ges.",koerperschaft,"""Nordstern"" Lebensversich. Bk. Akt. Ges.",,,eigentuemer_cluster,2026-09-22,,
"""Verbrauchergenossenschaft Ruhrgebit"", Bau- u. Sparverein",koerperschaft,"""Verbrauchergenossenschaft Ruhrgebit"", Bau- u. Sparverein",genossenschaft_siedlung,ja,christos,2026-09-26,,
15,koerperschaft,15,,,eigentuemer_cluster,2026-09-22,,
2,koerperschaft,2,,,eigentuemer_cluster,2026-09-22,,
"A. Diehl, Hoch-, Tief- u. Betonbau A.-G.",koerperschaft,"A. Diehl, Hoch-, Tief- u. Betonbau AG",,,eigentuemer_cluster,2026-09-22,,
"A. Eick Söhne, Wohnungseinrichtungen",koerperschaft,"A. Eick Söhne, Wohnungseinrichtungen",,,eigentuemer_cluster,2026-09-22,,
"A. Grundmann, G.m.b.h.",koerperschaft,A. Grundmann GmbH,,,eigentuemer_cluster,2026-09-22,,
Aachener Immobilien A. -G.,koerperschaft,Aachener Immobilien AG,,,eigentuemer_cluster,2026-09-22,,
"Abbe & Krakowski, Rohprodukten",koerperschaft,"Abbe & Krakowski, Rohprodukten",,,eigentuemer_cluster,2026-09-22,,
Acetylenwerk d. Ges. f. Lindes Eismach. A.G.,koerperschaft,Acetylenwerk d. Ges. f. Lindes Eismach. AG,,,eigentuemer_cluster,2026-09-22,,
Actien Bierbrauerei,koerperschaft,Actien Bierbrauerei,industrie,ja,christos,2026-09-26,,
Actiengesellschaft Bürgerheim,koerperschaft,Actiengesellschaft Bürgerheim,,,eigentuemer_cluster,2026-09-22,,
Actiengesellschaft Erholung,koerperschaft,Actiengesellschaft Erholung,,,eigentuemer_cluster,2026-09-22,,
Adler-Konzern,koerperschaft,Adler-Konzern,,,eigentuemer_cluster,2026-09-22,,
Akt. Brauerei,koerperschaft,Akt. Brauerei,,,eigentuemer_cluster,2026-09-22,,
Akt. Ges. d. Altenbergs f. Bergbau,koerperschaft,Aktiengesellschaft des Altenbergs für Bergbau und Zinkhüttenbetrieb,industrie,ja,christos,2026-09-23,,
Akt. Ges. des Altenbergs f. Bergbau- u. Zinkhüttenbetr.,koerperschaft,Aktiengesellschaft des Altenbergs für Bergbau und Zinkhüttenbetrieb,industrie,ja,christos,2026-09-23,,
Akt. Ges. f. Bergb. u. Zinkhütt. Betr.,koerperschaft,Aktiengesellschaft des Altenbergs für Bergbau und Zinkhüttenbetrieb,industrie,ja,christos,2026-09-23,,
Aktienges. d. Altenbergs f. Bergbau u. Zinkhüttenbetrieb,koerperschaft,Aktiengesellschaft des Altenbergs für Bergbau und Zinkhüttenbetrieb,industrie,ja,christos,2026-09-23,,
Allbau.,koerperschaft,Allgemeiner Bauverein Essen (Allbau),genossenschaft_siedlung,ja,christos,2026-09-23,,
"Allg. Bauverein Essen, A.G. (Allbauhaus)",koerperschaft,Allgemeiner Bauverein Essen (Allbau),genossenschaft_siedlung,ja,christos,2026-09-23,,
Allg. Ortskrankenk.,koerperschaft,Allg. Ortskrankenk.,,,eigentuemer_cluster,2026-09-22,,
Allg. Ortskrankenkasse,koerperschaft,Allg. Ortskrankenkasse,,,eigentuemer_cluster,2026-09-22,,
Allg. Ortskrankenkasse E.-Stoppenberg,koerperschaft,Allg. Ortskrankenkasse E.-Stoppenberg,,,eigentuemer_cluster,2026-09-22,,
Allg. Ortskrankenkasse Werden,koerperschaft,Allg. Ortskrankenkasse Werden,,,eigentuemer_cluster,2026-09-22,,
Allgem. Bürgerschützenverein Borbeck,koerperschaft,Allgem. Bürgerschützenverein Borbeck,,,eigentuemer_cluster,2026-09-22,,
Allgem. Grundbes.-Ges. m. b. H.,koerperschaft,Allgem. Grundbes.-Ges. m. b. H.,,,eigentuemer_cluster,2026-09-22,,
Allgem. Grundbes.-Ges.m.b.H.,koerperschaft,Allgem. Grundbes.-Ges.m.b.H.,,,eigentuemer_cluster,2026-09-22,,
Allgem. Grundbesitz Ges. m.b.H.,koerperschaft,Allgem. Grundbesitz Ges. m.b.H.,,,eigentuemer_cluster,2026-09-22,,
Allgem. Grundbesitzges.,koerperschaft,Allgem. Grundbesitzges.,,,eigentuemer_cluster,2026-09-22,,
Allgem. Grundbesitzges. m.b.H.,koerperschaft,Allgem. Grundbesitzges. m.b.H.,,,eigentuemer_cluster,2026-09-22,,
Allgem. Knappschafts Verein (Bochum),koerperschaft,Allgem. Knappschafts Verein (Bochum),,,eigentuemer_cluster,2026-09-22,,
Allgem. Ortskrankenkasse Altenessen,koerperschaft,Allgem. Ortskrankenkasse Altenessen,,,eigentuemer_cluster,2026-09-22,,
Allgem. Ortskrankenkasse E.-Stoppenberg,koerperschaft,Allgem. Ortskrankenkasse E.-Stoppenberg,,,eigentuemer_cluster,2026-09-22,,
Allgemeine Ortskrankenkasse,koerperschaft,Allgemeine Ortskrankenkasse,,,eigentuemer_cluster,2026-09-22,,
"Allgemeine Ortskrankenkasse, Essen",koerperschaft,"Allgemeine Ortskrankenkasse, Essen",,,eigentuemer_cluster,2026-09-22,,
Allianz u. Stuttgarter Verein,koerperschaft,Allianz u. Stuttgarter Verein,,,eigentuemer_cluster,2026-09-22,,
Allianz- u. Stuttg. Lebensvers. Bk. A.-G.,koerperschaft,Allianz- u. Stuttg. Lebensvers. Bk. AG,,,eigentuemer_cluster,2026-09-22,,
Altendorfer Creditbank,koerperschaft,Altendorfer Creditbank,,,eigentuemer_cluster,2026-09-22,,
Altendorfer Str. 58,koerperschaft,Altendorfer Str. 58,,,eigentuemer_cluster,2026-09-22,,
"Alteness. Gemeinde Spar- u. Bauverein, G.m.b.h.",koerperschaft,Alteness. gemeinnütz. Spar- u. Bauver.,genossenschaft_siedlung,ja,christos,2026-09-26,,
"Altenessener Credit-Anst., e. G. m. b. H.",koerperschaft,Altenessener Credit-Anst. eGmbH,,,eigentuemer_cluster,2026-09-22,,
Altenessener Gem. Spar- u. Bauver.,koerperschaft,Altenessener Gem. Spar- u. Bauver.,genossenschaft_siedlung,ja,christos,2026-09-26,,
Altkathol. Kirchengemeinde,koerperschaft,Altkathol. Kirchengemeinde,,,eigentuemer_cluster,2026-09-22,,
Altstadt Bauges. m.b.H.,koerperschaft,Altstadt Bauges. m.b.H.,,,eigentuemer_cluster,2026-09-22,,
"An- u. Verkaufsgen. Vereinigt. Milchproduzenten E. G. M. b. H., Donau=molkerei",koerperschaft,"An- u. Verkaufsgen. Vereinigt. Milchproduzenten eGmbH , Donau=molkerei",,,eigentuemer_cluster,2026-09-22,,
"An- u. Verkaufsgenossenschaft vereinigter Milchproduzenten, e.G.m.b.H.",koerperschaft,An- u. Verkaufsgenossenschaft vereinigter Milchproduzenten eGmbH,,,eigentuemer_cluster,2026-09-22,,
Arbeiter-Siedlung Frillendorf,koerperschaft,Arbeiter-Siedlung Frillendorf,,,eigentuemer_cluster,2026-09-22,,
"B. Grotkamp, Sohn, Eisenwr.",koerperschaft,"B. Grotkamp, Sohn, Eisenwr.",,,eigentuemer_cluster,2026-09-22,,
"Badische Kom. Landesbank, Mannheim",koerperschaft,"Badische Kom. Landesbank, Mannheim",,,eigentuemer_cluster,2026-09-22,,
"Bahnh. Katernberg Nord, Dtsche Reichsbahn",koerperschaft,"Bahnh. Katernberg Nord, Dtsche Reichsbahn",,,eigentuemer_cluster,2026-09-22,,
Baptistengem.,koerperschaft,Baptistengem.,,,eigentuemer_cluster,2026-09-22,,
"Barbaraschule, Stadt Essen",koerperschaft,"Barbaraschule, Stadt Essen",,,eigentuemer_cluster,2026-09-22,,
"Bau- u. Sparverein ""Eintracht"" G.m.b.H.",koerperschaft,"""Eintracht"" Bau- u. Sparverein eGmbH",genossenschaft_siedlung,ja,christos,2026-09-23,"Wikipedia: ""Die Straßenbezeichnung geht auf die am 4. Dezember 1904 durch Eisenbahner gegründete Eintracht Bau- und Sparverein eGmbH zurück. Sie baute nahe dem damaligen Eisenbahnbetriebswerk Essen Hbf 160 Wohnungen. 1941 verschmolz die Eintracht mit der Wohnungsgesellschaft Ruhr-Niederrhein mbH Essen, einem Unternehmen der Deutschen Reichsbahn. Die Eintrachtstraße verbindet die Krampestraße mit der Gerhard-Stötzel-Straße. Am Westende der Straße führt eine Treppe zur Krampestraße."", URL: https://de.wikipedia.org/wiki/Liste_der_Stra%C3%9Fen_in_Essen-S%C3%BCdostviertel, abgerufen am: 23.9.2026",
"Bau- u. Sparverein ""Eintracht"", e. G. b. H.",koerperschaft,"""Eintracht"" Bau- u. Sparverein eGmbH",genossenschaft_siedlung,ja,christos,2026-09-23,"Wikipedia: ""Die Straßenbezeichnung geht auf die am 4. Dezember 1904 durch Eisenbahner gegründete Eintracht Bau- und Sparverein eGmbH zurück. Sie baute nahe dem damaligen Eisenbahnbetriebswerk Essen Hbf 160 Wohnungen. 1941 verschmolz die Eintracht mit der Wohnungsgesellschaft Ruhr-Niederrhein mbH Essen, einem Unternehmen der Deutschen Reichsbahn. Die Eintrachtstraße verbindet die Krampestraße mit der Gerhard-Stötzel-Straße. Am Westende der Straße führt eine Treppe zur Krampestraße."", URL: https://de.wikipedia.org/wiki/Liste_der_Stra%C3%9Fen_in_Essen-S%C3%BCdostviertel, abgerufen am: 23.9.2026",
"Bauer, C., u. Sohn Klempnerei",koerperschaft,"Bauer, C., u. Sohn Klempnerei",,,eigentuemer_cluster,2026-09-22,,
"Baugen. ""Heimstätte"" A. G.",koerperschaft,"Baugen. ""Heimstätte"" AG",genossenschaft_siedlung,ja,christos,2026-09-26,,
"Baugen. ""Heimstätte"" Kray",koerperschaft,"Baugen. ""Heimstätte"" Kray",,,eigentuemer_cluster,2026-09-22,,
"Baugen. ""Volkswohl""",koerperschaft,"Baugen. ""Volkswohl""",,,eigentuemer_cluster,2026-09-22,,
Baugen. Bund der Kinderreichen,koerperschaft,Baugen. Bund der Kinderreichen,genossenschaft_siedlung,ja,christos,2026-09-26,,
"Baugen. Eigenheim, e. G. m. b. H.",koerperschaft,Baugen. Eigenheim eGmbH,genossenschaft_siedlung,ja,christos,2026-09-26,,
Baugen. Familienwohl e.G.m.b.H.,koerperschaft,"Baugenossenschaft ""Familienwohl""",genossenschaft_siedlung,ja,christos,2026-09-23,,
"Baugen. Gemeinwohl, e. G. m. {b.} H.",koerperschaft,"Baugen. Gemeinwohl, e. G. m. {b.} H.",,,eigentuemer_cluster,2026-09-22,,
Baugen. Gladbeck,koerperschaft,Baugen. Gladbeck,,,eigentuemer_cluster,2026-09-22,,
Baugen. Heimatdank,koerperschaft,Siedlungsgenossenschaft Heimatdank,genossenschaft_siedlung,ja,christos,2026-09-26,,
Baugen. Ostbund,koerperschaft,Baugen. Ostbund,,,eigentuemer_cluster,2026-09-22,,
Baugen. Siepen,koerperschaft,Baugen. Siepen,,,eigentuemer_cluster,2026-09-22,,
Baugen. Verein Kruppsch. Beamt.,koerperschaft,Baugenossenschaft des Vereins Kruppscher Beamter,genossenschaft_siedlung,ja,christos,2026-09-23,,
Baugen. d. Vereins d. Krupp-Beamt. e. G. m. b. H.,koerperschaft,Bauverein Kruppscher Beamten,genossenschaft_siedlung,ja,christos,2026-09-23,Bauverein und Baugenossenschaft: Namensänderung im Zeitverlauf oder untersch. Genoss.? Vgl. Bestand HAK WA 153,
Baugen. d. Vereins d.Kruppschen Beamten e.G.m.b.H.,koerperschaft,Bauverein Kruppscher Beamten,genossenschaft_siedlung,ja,christos,2026-09-23,Bauverein und Baugenossenschaft: Namensänderung im Zeitverlauf oder untersch. Genoss.? Vgl. Bestand HAK WA 153,
"Baugenoss. ""Familienwohl""",koerperschaft,"Baugenossenschaft ""Familienwohl""",genossenschaft_siedlung,ja,christos,2026-09-23,,
Baugenossensch. Bund der Kinderreich.,koerperschaft,Baugenossensch. Bund der Kinderreich.,genossenschaft_siedlung,ja,christos,2026-09-26,,
Baugenossensch. Eigene Scholle e. G. b. m. H,koerperschaft,Baugenossenschaft Eigene Scholle,genossenschaft_siedlung,ja,christos,2026-09-23,,
Baugenossensch. Eigenetat,koerperschaft,"Siedlung ""Eigene Tat"" eGmbH",genossenschaft_siedlung,ja,christos,2026-09-26,,
Baugenossensch. d. Beamtengruppe v. Nat. Arbeier-Vereins,koerperschaft,Baugenossensch. d. Beamtengruppe v. Nat. Arbeier-Vereins,genossenschaft_siedlung,ja,christos,2026-09-26,,
"Baugenossenschaft ""Friedl. Heim""",koerperschaft,"Baugenossenschaft ""Friedl. Heim""",genossenschaft_siedlung,ja,christos,2026-09-26,,
Baugenossenschaft Essen-Ost,koerperschaft,Baugenossenschaft Essen-Ost,,,eigentuemer_cluster,2026-09-22,,
Baugenossenschaft Verein Kruppscher Beamten E. G. M. b. H.,koerperschaft,Bauverein Kruppscher Beamten,genossenschaft_siedlung,ja,christos,2026-09-23,Bauverein und Baugenossenschaft: Namensänderung im Zeitverlauf oder untersch. Genoss.? Vgl. Bestand HAK WA 153,
"Baugenossenschaft Volkswohl, G. m. b. H.",koerperschaft,Baugenossenschaft Volkswohl GmbH,,,eigentuemer_cluster,2026-09-22,,
Baugenossenschaft d. Kruppschen Beamten,koerperschaft,Bauverein Kruppscher Beamten,genossenschaft_siedlung,ja,christos,2026-09-23,Bauverein und Baugenossenschaft: Namensänderung im Zeitverlauf oder untersch. Genoss.? Vgl. Bestand HAK WA 153,
Baugenossenschaft des Vereins d. Kruppschen Beamten,koerperschaft,Bauverein Kruppscher Beamten,genossenschaft_siedlung,ja,christos,2026-09-23,Bauverein und Baugenossenschaft: Namensänderung im Zeitverlauf oder untersch. Genoss.? Vgl. Bestand HAK WA 153,
"Bauges. ""Eigene Scholle""",koerperschaft,Baugenossenschaft Eigene Scholle,genossenschaft_siedlung,ja,christos,2026-09-23,,
Bauges. Ess. Ost G. M. b. H.,koerperschaft,Bauges. Ess. Ost GmbH,,,eigentuemer_cluster,2026-09-22,,
Baugesch.,koerperschaft,Baugesch.,,,eigentuemer_cluster,2026-09-22,,
"Baugesellsch. Geschw. Küllenberg, G. m. b. H.",koerperschaft,Baugesellsch. Geschw. Küllenberg GmbH,,,eigentuemer_cluster,2026-09-22,,
Baugesellschaft,koerperschaft,Baugesellschaft,,,eigentuemer_cluster,2026-09-22,,
Baugesellschaft Essen-Ost,koerperschaft,Baugesellschaft Essen-Ost,,,eigentuemer_cluster,2026-09-22,,
"Baugesellschaft Ost, G.m.b.H.",koerperschaft,Baugesellschaft Ost GmbH,,,eigentuemer_cluster,2026-09-22,,
Baugruppe Bund d. Kinderreichen,koerperschaft,Baugruppe Bund d. Kinderreichen,,,eigentuemer_cluster,2026-09-22,,
Bauhütte Essen,koerperschaft,Bauhütte Essen,,,eigentuemer_cluster,2026-09-22,,
"Bauhütte, Ruhrkohlenbez. G.m.b.H.",koerperschaft,"Bauhütte, Ruhrkohlenbez. GmbH",,,eigentuemer_cluster,2026-09-22,,
Bauinnungs-Krankenkasse,koerperschaft,Bauinnungs-Krankenkasse,,,eigentuemer_cluster,2026-09-22,,
Bauver. Kruppscher Beamten,koerperschaft,Bauverein Kruppscher Beamten,genossenschaft_siedlung,ja,christos,2026-09-23,Bauverein und Baugenossenschaft: Namensänderung im Zeitverlauf oder untersch. Genoss.? Vgl. Bestand HAK WA 153,
Bauverein,koerperschaft,Bauverein,,,eigentuemer_cluster,2026-09-22,,
"Bauverein ""Fr. Heim""",koerperschaft,"Bauverein ""Fr. Heim""",,,eigentuemer_cluster,2026-09-22,,
Bauverein Volkswohl,koerperschaft,Bauverein Volkswohl,,,eigentuemer_cluster,2026-09-22,,
Bauwerbeverband Groß-Essen e. V.,koerperschaft,Bauwerbeverband Groß-Essen e. V.,,,eigentuemer_cluster,2026-09-22,,
Bayr. Wechsel u. Hypotheken Bank,koerperschaft,Bayr. Wechsel u. Hypotheken Bank,,,eigentuemer_cluster,2026-09-22,,
Beamtenbank e.G.m.b.H.,koerperschaft,Beamtenbank eGmbH,,,eigentuemer_cluster,2026-09-22,,
"Bellwied, F. Konditorei",koerperschaft,"Bellwied, F. Konditorei",,,eigentuemer_cluster,2026-09-22,,
Benzol Verband G.m.b.h.,koerperschaft,Benzol Verband GmbH,,,eigentuemer_cluster,2026-09-22,,
"Benzol-Verband, G,m.b.H.",koerperschaft,"Benzol-Verband, G,m.b.H.",bergbau,ja,christos,2026-09-26,,
Berg-Siedel. Essen-Süd,koerperschaft,Bergm.-Siedlung E.-Süd,genossenschaft_siedlung,ja,christos,2026-09-26,,
Berg. Elektr. Versorg. G. m. b. H.,koerperschaft,Berg. Elektr. Versorgs. Ges.,industrie,ja,christos,2026-09-26,"gemischtwirtschaftliche GmbH (Stadt Elberfeld + private Seite, vermutlich RWE)",
Berg. Elektr. Versorgs. Ges.,koerperschaft,Berg. Elektr. Versorgs. Ges.,industrie,ja,christos,2026-09-26,"gemischtwirtschaftliche GmbH (Stadt Elberfeld + private Seite, vermutlich RWE)",
Berg. Kleinbahn,koerperschaft,Berg. Kleinbahn,,,eigentuemer_cluster,2026-09-22,,
"Bergbaul. Verein, Essen",koerperschaft,"Bergbaul. Verein, Essen",,,eigentuemer_cluster,2026-09-22,,
Bergbaulicher Verein,koerperschaft,Bergbaulicher Verein,,,eigentuemer_cluster,2026-09-22,,
Bergbauverein,koerperschaft,Bergbauverein,,,eigentuemer_cluster,2026-09-22,,
Bergm. Siedl. Ess.=süd,koerperschaft,Bergm.-Siedlung E.-Süd,genossenschaft_siedlung,ja,christos,2026-09-26,,
Bergm. Siedl. Mülh. Borbeck,koerperschaft,Bergm. Siedl. Mülh. Borbeck,,,eigentuemer_cluster,2026-09-22,,
Bergm. Siedlg. Hattingen,koerperschaft,Bergm. Siedlg. Hattingen,genossenschaft_siedlung,ja,christos,2026-09-26,,
"Bergm. Siedlg. d. Landk. Hattingen,bochum",koerperschaft,"Bergm. Siedlg. d. Landk. Hattingen,bochum",genossenschaft_siedlung,ja,christos,2026-09-26,,
Bergm.-Siedl. Essen Nord,koerperschaft,Bergm. Siedlung Essen Nord,genossenschaft_siedlung,ja,christos,2026-09-26,,
Bergm.-Siedlg. Essen Süd,koerperschaft,Bergm.-Siedlung E.-Süd,genossenschaft_siedlung,ja,christos,2026-09-26,,
Bergm.-Siedlung E.-Süd,koerperschaft,Bergm.-Siedlung E.-Süd,genossenschaft_siedlung,ja,christos,2026-09-26,,
Bergm.-Siedlung Essen Nord,koerperschaft,Bergm.-Siedlung Essen Nord,genossenschaft_siedlung,ja,christos,2026-09-26,,
Bergmann-Siedlung Mülh.-Borbeck,koerperschaft,Bergmann-Siedlung Mülh.-Borbeck,genossenschaft_siedlung,ja,christos,2026-09-26,,
Bergmanns Siedl. Mülheim-Borbeck,koerperschaft,Bergmanns Siedl. Mülheim-Borbeck,genossenschaft_siedlung,ja,christos,2026-09-26,,
Bergmanns Siedlung Essen-Nord,koerperschaft,Bergmanns Siedlung Essen-Nord,genossenschaft_siedlung,ja,christos,2026-09-26,,
Bergmanns-Siedl. E.-Süd,koerperschaft,Bergm.-Siedlung E.-Süd,genossenschaft_siedlung,ja,christos,2026-09-26,,
Bergmannsiedl. Essen-Süd,koerperschaft,Bergm.-Siedlung E.-Süd,genossenschaft_siedlung,ja,christos,2026-09-26,,
Bergmannsiedlung Essen Nord,koerperschaft,Bergm. Siedlung Essen Nord,genossenschaft_siedlung,ja,christos,2026-09-26,,
Bergmannsiedlung Essen-Süd,koerperschaft,Bergm.-Siedlung E.-Süd,genossenschaft_siedlung,ja,christos,2026-09-26,,
"Bergmannsruh, G.m.b.h.",koerperschaft,Bergmannsruh GmbH,,,eigentuemer_cluster,2026-09-22,,
Bergmannssiedelung Mülh.-Borbeck,koerperschaft,Bergmannssiedelung Mülh.-Borbeck,,,eigentuemer_cluster,2026-09-22,,
Bergmannssiedlg.,koerperschaft,Bergmannssiedlg.,,,eigentuemer_cluster,2026-09-22,,
Bergmannssiedlung,koerperschaft,Bergmannssiedlung,genossenschaft_siedlung,ja,christos,2026-09-26,,
"Bergmannssiedlung Essen Süd, G. M. b. H.",koerperschaft,Bergm.-Siedlung E.-Süd,genossenschaft_siedlung,ja,christos,2026-09-26,,
"Bergmannssiedlung Essen-Süd, G.m.b.H.",koerperschaft,Bergm.-Siedlung E.-Süd,genossenschaft_siedlung,ja,christos,2026-09-26,,
Bergmannssiedlungmülh. Borbeck,koerperschaft,Bergmannssiedlungmülh. Borbeck,genossenschaft_siedlung,ja,christos,2026-09-26,,
Bergwerksges. Hibernia,koerperschaft,Bergw.-Gesellsch. Hibernia,bergbau,ja,christos,2026-09-26,,
Bergwerksunternehm.,koerperschaft,Bergwerksunternehm.,,,eigentuemer_cluster,2026-09-22,,
Berm. Siedl. Essen Nord,koerperschaft,Bergmanns Siedlung Essen-Nord,genossenschaft_siedlung,ja,christos,2026-09-26,,
"Betriebsgemeinschaft Industriegelände Südost, e.G.m.b.H.",koerperschaft,Betriebsgemeinschaft Industriegelände Südost eGmbH,,,eigentuemer_cluster,2026-09-22,,
Bezugsverein d. Essener Lebensmittelhändl. e.G.m.b.H.,koerperschaft,Bezugsverein d. Essener Lebensmittelhändl. eGmbH,,,eigentuemer_cluster,2026-09-22,,
"Bicker & Co., A.G.",koerperschaft,Bicker & Co. AG,,,eigentuemer_cluster,2026-09-22,,
"Bicker & Co., R. G.",koerperschaft,"Bicker & Co., R. G.",,,eigentuemer_cluster,2026-09-22,,
"Bildhauerei, Stadt Essen",koerperschaft,"Bildhauerei, Stadt Essen",,,eigentuemer_cluster,2026-09-22,,
Bismarck-Verein,koerperschaft,Bismarck-Verein,,,eigentuemer_cluster,2026-09-22,,
"Bismarckschule, Stadt Essen",koerperschaft,"Bismarckschule, Stadt Essen",,,eigentuemer_cluster,2026-09-22,,
Blaukreuz-Verein,koerperschaft,Blaukreuz-Verein,,,eigentuemer_cluster,2026-09-22,,
"Blum G.m.b.H., Manufakturwr.",koerperschaft,"Blum GmbH , Manufakturwr.",,,eigentuemer_cluster,2026-09-22,,
Bodenverwertungsgesellschaft m.b.H.,koerperschaft,Bodenverwertungsgesellschaft m.b.H.,,,eigentuemer_cluster,2026-09-22,,
"Boer & Batz, Baugesch.",koerperschaft,"Boer & Batz, Baugesch.",,,eigentuemer_cluster,2026-09-22,,
"Boer & Batz, Bauunternehm.",koerperschaft,"Boer & Batz, Bauunternehm.",,,eigentuemer_cluster,2026-09-22,,
"Boer & Mennicken, Dörner, A., Ingen. A.-G., Baugesch.",koerperschaft,"Boer & Mennicken, Dörner, A., Ingen. AG , Baugesch.",,,eigentuemer_cluster,2026-09-22,,
Bootshaus d. Ess. Rudervereins E. V.,koerperschaft,Bootshaus d. Ess. Rudervereins e. V.,,,eigentuemer_cluster,2026-09-22,,
Bootshaus der Wassersportvereine Ess.,koerperschaft,Bootshaus der Wassersportvereine Ess.,,,eigentuemer_cluster,2026-09-22,,
Borb. Zinkhütte,koerperschaft,Aktiengesellschaft des Altenbergs für Bergbau und Zinkhüttenbetrieb,industrie,ja,christos,2026-09-23,,
Breuer & Hofstadt Walzenmühle (Neuß),koerperschaft,Breuer & Hofstadt Walzenmühle (Neuß),,,eigentuemer_cluster,2026-09-22,,
"Brown, Boverti & Cie., A.-G.",koerperschaft,"Brown, Boverti & Cie. AG",,,eigentuemer_cluster,2026-09-22,,
Bund der Kinderreichen,koerperschaft,Bund der Kinderreichen,,,eigentuemer_cluster,2026-09-22,,
"Bäckereieinkauf zu Essen-R., e.G.m.b.H.",koerperschaft,Bäckereieinkauf zu Essen-R. eGmbH,,,eigentuemer_cluster,2026-09-22,,
"Böckling & Müller, Kunstanst.",koerperschaft,"Böckling & Müller, Kunstanst.",,,eigentuemer_cluster,2026-09-22,,
"Böhmer, G. M. b. H.",koerperschaft,Böhmer GmbH,,,eigentuemer_cluster,2026-09-22,,
"Büllesbach & Windt, Sattlerei",koerperschaft,"Büllesbach & Windt, Sattlerei",,,eigentuemer_cluster,2026-09-22,,
"Bürgerbauverein in Essen, e. G. m. b. H.",koerperschaft,Bürger-Bauverein eGmbH,genossenschaft_siedlung,ja,christos,2026-09-26,,
"Bürgerheim, A.-G.",koerperschaft,Bürgerheim AG,,,eigentuemer_cluster,2026-09-22,,
"Bürohaus ""Burg""",koerperschaft,"Bürohaus ""Burg""",,,eigentuemer_cluster,2026-09-22,,
"C. & A. Brenninkmeyer, Konfektion",koerperschaft,"C. & A. Brenninkmeyer, Konfektion",,,eigentuemer_cluster,2026-09-22,,
"C. & A. Brenninkmeyer, Textilwr.",koerperschaft,"C. & A. Brenninkmeyer, Textilwr.",,,eigentuemer_cluster,2026-09-22,,
"C. & G. Herzberg, Getreide",koerperschaft,"C. & G. Herzberg, Getreide",,,eigentuemer_cluster,2026-09-22,,
"C. Bertram G.m.b., Kohlengroßhdlg.",koerperschaft,"C. Bertram G.m.b., Kohlengroßhdlg.",,,eigentuemer_cluster,2026-09-22,,
Cali-Bank,koerperschaft,Cali-Bank,,,eigentuemer_cluster,2026-09-22,,
Caniels,koerperschaft,Caniels,,,eigentuemer_cluster,2026-09-22,,
"Ch. Lenzen & Sohn, G. M. b. H., Baugeschäft",koerperschaft,"Ch. Lenzen & Sohn GmbH , Baugeschäft",,,eigentuemer_cluster,2026-09-22,,
"Chr. Lenzen G.m.b.H., Baugeschäft",koerperschaft,"Chr. Lenzen GmbH , Baugeschäft",,,eigentuemer_cluster,2026-09-22,,
Christl. Gemeinsch.,koerperschaft,Christl. Gemeinsch.,,,eigentuemer_cluster,2026-09-22,,
Comm. u. Priv. Bk.,koerperschaft,Comm. u. Priv. Bk.,,,eigentuemer_cluster,2026-09-22,,
"Commerz- u. Privatbk AG., Fil. Essen",koerperschaft,"Commerz- u. Privatbk AG , Fil. Essen",,,eigentuemer_cluster,2026-09-22,,
Congegatio B.M.V.,koerperschaft,Congegatio B.M.V.,,,eigentuemer_cluster,2026-09-22,,
"Congregatio B. M. V., Kath. Oberlyzeum",koerperschaft,"Congregatio B. M. V., Kath. Oberlyzeum",,,eigentuemer_cluster,2026-09-22,,
Congregatio B.M.V.,koerperschaft,Congregatio B.M.V.,,,eigentuemer_cluster,2026-09-22,,
"Conrad G.m.b.h., Holzhdlg.",koerperschaft,"Conrad GmbH , Holzhdlg.",,,eigentuemer_cluster,2026-09-22,,
Cosmannsche Eisen- u. Metall,koerperschaft,Cosmannsche Eisen- u. Metall,,,eigentuemer_cluster,2026-09-22,,
Cosmann´sche Eisen- u. Metall A.-G.,koerperschaft,Cosmann´sche Eisen- u. Metall AG,,,eigentuemer_cluster,2026-09-22,,
Cramer & Meermann G. m. b. H.,koerperschaft,Cramer & Meermann GmbH,industrie,ja,christos,2026-09-26,,
"Cramer & Meermann, Kaufhaus",koerperschaft,"Cramer & Meermann, Kaufhaus",,,eigentuemer_cluster,2026-09-22,,
"Cramer & Meermann, Manufakturwr.",koerperschaft,"Cramer & Meermann, Manufakturwr.",,,eigentuemer_cluster,2026-09-22,,
"Crissmann & Cie, Tapetenfabrik",koerperschaft,"Crissmann & Cie, Tapetenfabrik",,,eigentuemer_cluster,2026-09-22,,
Crumbach G.m.b.H.,koerperschaft,Crumbach GmbH,,,eigentuemer_cluster,2026-09-22,,
DKW. Fahrzeugvertr. G.m.b.H.,koerperschaft,DKW. Fahrzeugvertr. GmbH,,,eigentuemer_cluster,2026-09-22,,
Dampfkessel-Überwachungsverein d. Zechen im Oberbergamtsbezirk Dortmund,koerperschaft,Dampfkessel-Überwachungsverein d. Zechen im Oberbergamtsbezirk Dortmund,,,eigentuemer_cluster,2026-09-22,,
"Dellbrügger-Klingen, G.m.b.H., Eisenwr.",koerperschaft,"Dellbrügger-Klingen GmbH , Eisenwr.",,,eigentuemer_cluster,2026-09-22,,
Deutsch-Amerik. Petroleum-Ges. A.-G.,koerperschaft,Deutsch-Amerik. Petroleum-Ges. AG,,,eigentuemer_cluster,2026-09-22,,
Deutsch-Amerik. Petroleum-Gesellschaft,koerperschaft,Deutsch-Amerik. Petroleum-Gesellschaft,,,eigentuemer_cluster,2026-09-22,,
Deutsch. Arbeiterverb.,koerperschaft,Deutsch. Arbeiterverb.,,,eigentuemer_cluster,2026-09-22,,
Deutsch. Reichsbahn,koerperschaft,Deutsche Reichsbahn,stadt_staat,ja,christos,2026-09-26,,
Deutsche Arbeiterzentrale,koerperschaft,Deutsche Arbeiterzentrale,,,eigentuemer_cluster,2026-09-22,,
Deutsche Arbeitsfront Gau Essen,koerperschaft,Deutsche Arbeitsfront Gau Essen,,,eigentuemer_cluster,2026-09-22,,
Deutsche Arbeitsopfer,koerperschaft,Deutsche Arbeitsopfer,,,eigentuemer_cluster,2026-09-22,,
Deutsche Babcockwerke,koerperschaft,Deutsche Babcockwerke,,,eigentuemer_cluster,2026-09-22,,
Deutsche Bank & Diskonto Ges.,koerperschaft,Deutsche Bank u. Disc. Ges.,bank_versicherung,ja,christos,2026-09-22,,
Deutsche Bank A.-G.,koerperschaft,Deutsche Bank AG,,,eigentuemer_cluster,2026-09-22,,
Deutsche Bank u. Disconto-Ges. Fil. Ess.,koerperschaft,Deutsche Bank u. Disconto-Ges. Fil. Ess.,,,eigentuemer_cluster,2026-09-22,,
"Deutsche Bau A.=G., Boer & Menicken",koerperschaft,"Deutsche Bau A.=G., Boer & Menicken",,,eigentuemer_cluster,2026-09-22,,
Deutsche Bau- u. Grundstücks A.-G.,koerperschaft,Deutsche Bau- u. Grundstücks AG,,,eigentuemer_cluster,2026-09-22,,
Deutsche Beamten Versich. Ges.,koerperschaft,Deutsche Beamten Versich. Ges.,,,eigentuemer_cluster,2026-09-22,,
Deutsche Eisenb. Sterbekasse,koerperschaft,Deutsche Eisenb. Sterbekasse,,,eigentuemer_cluster,2026-09-22,,
Deutsche Grunderwerbs-Ges.m.b.h.,koerperschaft,Deutsche Grunderwerbs-Ges.m.b.h.,,,eigentuemer_cluster,2026-09-22,,
Deutsche Heimbau,koerperschaft,Deutsche Heimbau,,,eigentuemer_cluster,2026-09-22,,
Deutsche Heimbau A.G.,koerperschaft,Deutsche Heimbau AG,,,eigentuemer_cluster,2026-09-22,,
"Deutsche Heimbau- A.G., Berlin",koerperschaft,"Deutsche Heimbau- AG , Berlin",,,eigentuemer_cluster,2026-09-22,,
Deutsche Papierhandelsgesellsch.,koerperschaft,Deutsche Papierhandelsgesellsch.,,,eigentuemer_cluster,2026-09-22,,
Deutsche Verkehrs-Kredit-Bank A. G. Zweigniederlass. Essen,koerperschaft,Deutsche Verkehrs-Kredit-Bank A. G. Zweigniederlass. Essen,,,eigentuemer_cluster,2026-09-22,,
Deutsche Werkkunst G. M. b. H.,koerperschaft,Deutsche Werkkunst GmbH,,,eigentuemer_cluster,2026-09-22,,
"Deutsche Werkkunst G.m.b.H., Hausverwaltung",koerperschaft,"Deutsche Werkkunst GmbH , Hausverwaltung",,,eigentuemer_cluster,2026-09-22,,
Deutsche Wohn Fürsorge,koerperschaft,Deutsche Wohn Fürsorge,,,eigentuemer_cluster,2026-09-22,,
Deutscher Benzolvertrieb. Tankstelle,koerperschaft,Deutscher Benzolvertrieb. Tankstelle,,,eigentuemer_cluster,2026-09-22,,
"Deutsches Schülerheim, G. m. b. H.",koerperschaft,Deutsches Schülerheim GmbH,,,eigentuemer_cluster,2026-09-22,,
"Deutschlandhaus, Aktiengesellschaft",koerperschaft,"Deutschlandhaus, Aktiengesellschaft",,,eigentuemer_cluster,2026-09-22,,
"Dewag, Deutsche Wohnungsbau A.G.",koerperschaft,"Dewag, Deutsche Wohnungsbau AG",,,eigentuemer_cluster,2026-09-22,,
Diakonissenanst. Bethesda,koerperschaft,Diakonissenanst. Bethesda,,,eigentuemer_cluster,2026-09-22,,
Dinnendahl A. G.,koerperschaft,"Dinnendahl AG , Maschinenfabrk.",industrie,ja,christos,2026-09-26,,
"Dinnendahl A.G., Maschinenfabrk.",koerperschaft,"Dinnendahl AG , Maschinenfabrk.",industrie,ja,christos,2026-09-26,,
Domänenfiskus,koerperschaft,Domänenfiskus,,,eigentuemer_cluster,2026-09-22,,
"Dowald & Abendroth, Manufakturwar.",koerperschaft,"Dowald & Abendroth, Manufakturwar.",,,eigentuemer_cluster,2026-09-22,,
Dresdner Bk.,koerperschaft,Dresdner Bk.,,,eigentuemer_cluster,2026-09-22,,
"Droste, Sander u. Tönnieshoff, Ziegeleibes.",koerperschaft,"Droste, Sander u. Tönnieshoff, Ziegeleibes.",,,eigentuemer_cluster,2026-09-22,,
Dtsch. Amerik. Petrol. Ges.,koerperschaft,Dtsch. Amerik. Petrol. Ges.,,,eigentuemer_cluster,2026-09-22,,
Dtsch. Holl. Kapokfabr.,koerperschaft,Dtsch. Holl. Kapokfabr.,,,eigentuemer_cluster,2026-09-22,,
Dtsche Bank,koerperschaft,Dtsche Bank,,,eigentuemer_cluster,2026-09-22,,
Dtsche. Rbhn.,koerperschaft,Deutsche Reichsbahn,stadt_staat,ja,christos,2026-09-26,,
"E. Pack, Kom.-Ges., Baugesch.",koerperschaft,"E. Pack, Kom.-Ges., Baugesch.",,,eigentuemer_cluster,2026-09-22,,
"E. Schulz, G.m.b.H., Weingroßhdlg. Bonn",koerperschaft,"E. Schulz GmbH , Weingroßhdlg. Bonn",,,eigentuemer_cluster,2026-09-22,,
"E. Wilhelm & Co., Wollwr.",koerperschaft,"E. Wilhelm & Co., Wollwr.",,,eigentuemer_cluster,2026-09-22,,
"Eick Söhne, Möbelgesch.",koerperschaft,"Eick Söhne, Möbelgesch.",,,eigentuemer_cluster,2026-09-22,,
"Eick Söhne, National-Zeitung-Druckerei",koerperschaft,"Eick Söhne, National-Zeitung-Druckerei",,,eigentuemer_cluster,2026-09-22,,
"Eintracht, Bau- u. Sparrverein für Beamte u. Arbeiter",koerperschaft,"""Eintracht"" Bau- u. Sparverein eGmbH",genossenschaft_siedlung,ja,christos,2026-09-23,"Wikipedia: ""Die Straßenbezeichnung geht auf die am 4. Dezember 1904 durch Eisenbahner gegründete Eintracht Bau- und Sparverein eGmbH zurück. Sie baute nahe dem damaligen Eisenbahnbetriebswerk Essen Hbf 160 Wohnungen. 1941 verschmolz die Eintracht mit der Wohnungsgesellschaft Ruhr-Niederrhein mbH Essen, einem Unternehmen der Deutschen Reichsbahn. Die Eintrachtstraße verbindet die Krampestraße mit der Gerhard-Stötzel-Straße. Am Westende der Straße führt eine Treppe zur Krampestraße."", URL: https://de.wikipedia.org/wiki/Liste_der_Stra%C3%9Fen_in_Essen-S%C3%BCdostviertel, abgerufen am: 23.9.2026",
"Eisenbahnbogen, Dtsche. Reichsbahn",koerperschaft,"Eisenbahnbogen, Dtsche. Reichsbahn",stadt_staat,ja,christos,2026-09-26,,
"Elektra, G. m. b. H.",koerperschaft,Elektra GmbH,,,eigentuemer_cluster,2026-09-22,,
Elisabeth-Krankenhaus,koerperschaft,Elisabeth-Krankenhaus,,,eigentuemer_cluster,2026-09-22,,
"Elisabethenheim, G. m. b. H., Krankenpfleg. u. Kinderbew. Schule",koerperschaft,"Elisabethenheim GmbH , Krankenpfleg. u. Kinderbew. Schule",,,eigentuemer_cluster,2026-09-22,,
Elite-Verlag Ernst Heyer,koerperschaft,Elite-Verlag Ernst Heyer,,,eigentuemer_cluster,2026-09-22,,
Emschergenossschaft,koerperschaft,Emschergenossschaft,genossenschaft_siedlung,ja,christos,2026-09-22,,
Ess. Akt. Bierbrauerei,koerperschaft,Ess. Akt. Bierbrauerei,,,eigentuemer_cluster,2026-09-22,,
Ess. Altstadt-Garagen,koerperschaft,Ess. Altstadt-Garagen,,,eigentuemer_cluster,2026-09-22,,
Ess. Beamt. Konsum Verein(inKonkurs),koerperschaft,Ess. Beamt. Konsum Verein(inKonkurs),,,eigentuemer_cluster,2026-09-22,,
Ess. Beamten-Konsum(konkurs),koerperschaft,Ess. Beamten-Konsum(konkurs),,,eigentuemer_cluster,2026-09-22,,
Ess. Bergw. Ver. König-Wilhelm,koerperschaft,Essener Bergwerks-Verein König Wilhelm,bergbau,ja,christos,2026-09-26,,
Ess. Cred. Anst.,koerperschaft,Ess. Cred. Anst.,,,eigentuemer_cluster,2026-09-22,,
Ess. Rüttenscheider Bauges.,koerperschaft,Ess. Rüttenscheider Bauges.,genossenschaft_siedlung,ja,christos,2026-09-22,,
Ess. Steinkohlenbergwerke,koerperschaft,Essener Steinkohlenbergwerke AG,bergbau,ja,christos,2026-09-26,,
Ess.bergw. Verein König Wilhelm,koerperschaft,Essener Bergwerks-Verein König Wilhelm,bergbau,ja,christos,2026-09-26,,
"Essen-Bredeneyer Baugesellsch., Gartenstadt G. m. b. H.",koerperschaft,"Essen-Bredeneyer Baugesellsch., Gartenstadt GmbH",,,eigentuemer_cluster,2026-09-22,,
Essen-Rüttenscheider Baugesellsch. m. b. H.,koerperschaft,Ess. Rüttenscheider Bauges.,genossenschaft_siedlung,ja,christos,2026-09-22,,
"Essen. Bank, E. G. M. b. H. in Liqu.",koerperschaft,Essener Bank eGmbH in Liqu.,bank_versicherung,ja,christos,2026-09-23,,
Essener Bank G.m.b.H. in Liqu.,koerperschaft,Essener Bank eGmbH in Liqu.,bank_versicherung,ja,christos,2026-09-23,,
"Essener Beamten-Konsum-Verein, e. G. m. b. H. (in Liqui)",koerperschaft,Essener Beamten-Konsum-Verein eGmbH (in Liqui),,,eigentuemer_cluster,2026-09-22,,
Essener Creditanstalt Depositenkasse,koerperschaft,Essener Creditanstalt Depositenkasse,,,eigentuemer_cluster,2026-09-22,,
Essener Draht- u. Hanfseilfbrk. F. & W. Sorgenicht GmbH,koerperschaft,Essener Draht- u. Hanfseilfbrk. F. & W. Sorgenicht GmbH,,,eigentuemer_cluster,2026-09-22,,
"Essener Druckerei ""Gemeinwohl""",koerperschaft,"Essener Druckerei ""Gemeinwohl""",,,eigentuemer_cluster,2026-09-22,,
Essener Hafen-Lagerhaus Gesellsch. m. b. H.,koerperschaft,Essener Hafen-Lagerhaus Gesellsch. m. b. H.,,,eigentuemer_cluster,2026-09-22,,
Essener Kirchenblätter G.m.b.H.,koerperschaft,Essener Kirchenblätter GmbH,,,eigentuemer_cluster,2026-09-22,,
Essener Kohlenkontor,koerperschaft,Essener Kohlenkontor,,,eigentuemer_cluster,2026-09-22,,
Essener Kraftfutterfbrk. O. Deterding G. m. b. H.,koerperschaft,Essener Kraftfutterfbrk. O. Deterding GmbH,,,eigentuemer_cluster,2026-09-22,,
Essener Schülerhorte,koerperschaft,Essener Schülerhorte,,,eigentuemer_cluster,2026-09-22,,
Essener Steinkohlen-Bergw. _A. G.,koerperschaft,Essener Steinkohlenbergwerke AG,bergbau,ja,christos,2026-09-26,,
Essener Steinkohlenbergwerke Aktiengesellsch.,koerperschaft,Essener Steinkohlenbergwerke AG,bergbau,ja,christos,2026-09-26,,
Essner Bergw. Verein König Wilhelm,koerperschaft,Essener Bergwerks-Verein König Wilhelm,bergbau,ja,christos,2026-09-26,,
Ev. Frauenhülfe Heimathaus,koerperschaft,Ev. Frauenhülfe Heimathaus,,,eigentuemer_cluster,2026-09-22,,
Ev. Gemeinde E.-Bredeney,koerperschaft,Evgl. Kirchengemeinde ‹Bredeney›,kirche_stiftung,ja,christos,2026-09-23,,
Ev. Gemeinde Essen-Altendorf,koerperschaft,Ev. Kirchengem. Altendorf,kirche_stiftung,ja,christos,2026-09-23,,
Ev. Gemeinde Essen-Altstadt,koerperschaft,Evang. Kirchengem. Essen-Altstadt,kirche_stiftung,ja,christos,2026-09-23,,
"Ev. Gemeindeschule VIa, Stadt Essen",koerperschaft,"Ev. Gemeindeschule VIa, Stadt Essen",,,eigentuemer_cluster,2026-09-22,,
Ev. Gemeinschaft e.V.,koerperschaft,Ev. Gemeinschaft e. V.,,,eigentuemer_cluster,2026-09-22,,
Ev. Kirchengem. E.-Schonnebeck,koerperschaft,Ev. Kirchengem. E.-Schonnebeck,,,eigentuemer_cluster,2026-09-22,,
Ev. Kirchengemeinde Altendorf,koerperschaft,Ev. Kirchengem. Altendorf,kirche_stiftung,ja,christos,2026-09-23,,
Ev. Kirchengemeinde E.-Stoppenberg,koerperschaft,Ev. Kirchengemeinde E.-Stoppenberg,,,eigentuemer_cluster,2026-09-22,,
Ev. Kirchengemeinde Essen Altstadt,koerperschaft,Ev. Kirchengemeinde Essen Altstadt,,,eigentuemer_cluster,2026-09-22,,
"Ev. Kirchengemeinde Essen-Altstadt, Gnadenkirche",koerperschaft,Evang. Kirchengem. Essen-Altstadt,kirche_stiftung,ja,christos,2026-09-23,,
Ev. Kirchengemeinde Rüttenscheid,koerperschaft,Ev. Kirchengemeinde Rüttenscheid,,,eigentuemer_cluster,2026-09-22,,
Ev. Kirchengemeinde Schonnebeck,koerperschaft,Ev. Kirchengemeinde Schonnebeck,,,eigentuemer_cluster,2026-09-22,,
"Ev. Kirchengemeinde, Evang. Krankenhaus",koerperschaft,"Ev. Kirchengemeinde, Evang. Krankenhaus",,,eigentuemer_cluster,2026-09-22,,
"Ev. Schule Dellwig I, Stadt Essen",koerperschaft,"Ev. Schule Dellwig I, Stadt Essen",,,eigentuemer_cluster,2026-09-22,,
"Ev. Schule VIb, Stadt Essen",koerperschaft,"Ev. Schule VIb, Stadt Essen",,,eigentuemer_cluster,2026-09-22,,
"Ev. Schule XXIV, Stadt Essen",koerperschaft,"Ev. Schule, Stadt Essen",,,eigentuemer_cluster,2026-09-23,,
Evang. Altluth. Kirchengemeinde,koerperschaft,Evang. Altluth. Kirchengemeinde,,,eigentuemer_cluster,2026-09-22,,
Evang. Gesellenheim,koerperschaft,Evang. Gesellenheim,,,eigentuemer_cluster,2026-09-22,,
Evang. Jugend-Verein E. V.,koerperschaft,Evang. Jugend-Verein e. V.,,,eigentuemer_cluster,2026-09-22,,
Evang. Kirchengem. Altendorf,koerperschaft,Ev. Kirchengem. Altendorf,kirche_stiftung,ja,christos,2026-09-23,,
Evang. Kirchengem. Altenessen,koerperschaft,Evang. Kirchengem. Altenessen,kirche_stiftung,ja,christos,2026-09-23,,
Evang. Kirchengem. Dellwig,koerperschaft,Evang. Kirchengem. Dellwig,kirche_stiftung,ja,christos,2026-09-23,,
Evang. Kirchengem. Frintrop,koerperschaft,Evang. Kirchengem. Frintrop,,,eigentuemer_cluster,2026-09-22,,
"Evang. Kirchengem., Evang. Altersheim",koerperschaft,"Evang. Kirchengem., Evang. Altersheim",,,eigentuemer_cluster,2026-09-22,,
Evang. Kirchengemeinde Dellwig,koerperschaft,Evang. Kirchengem. Dellwig,kirche_stiftung,ja,christos,2026-09-23,,
Evang. Kirchengemeinde Essen,koerperschaft,Evang. Kirchengemeinde Essen,,,eigentuemer_cluster,2026-09-22,,
Evang. Kirchengemeinde Rüttenscheid,koerperschaft,Ev. Kirchengemeinde Rüttenscheid,,,eigentuemer_cluster,2026-09-23,,
"Evang. Schule III, Stadt Essen",koerperschaft,"Evang. Schule III, Stadt Essen",,,eigentuemer_cluster,2026-09-22,,
Evangel. Frauenhilfe,koerperschaft,Evangel. Frauenhilfe,,,eigentuemer_cluster,2026-09-22,,
"Evangel. Gemeinde, Essen-Altstadt",koerperschaft,Evang. Kirchengem. Essen-Altstadt,kirche_stiftung,ja,christos,2026-09-23,,
"Evangel. Kirche, Evangel. Kirchengem.",koerperschaft,"Evangel. Kirche, Evangel. Kirchengem.",,,christos,2026-09-23,,
Evangel. Kirchengem.,koerperschaft,Evangel. Kirchengem.,,,eigentuemer_cluster,2026-09-22,,
Evangel. Kirchengemeinde Bredeney,koerperschaft,Evgl. Kirchengemeinde ‹Bredeney›,kirche_stiftung,ja,christos,2026-09-23,,
Evangel. Kirchengemeinde Essen-Altendorf,koerperschaft,Ev. Kirchengem. Altendorf,kirche_stiftung,ja,christos,2026-09-23,,
Evangel. Kirchengemeinde Essen-Altstadt,koerperschaft,Evang. Kirchengem. Essen-Altstadt,kirche_stiftung,ja,christos,2026-09-23,,
Evangel. Kirchengemeinde Essen-Rüttenscheid,koerperschaft,Evangl. Kirchengem. Ess.-Rüttenscheid,,,eigentuemer_cluster,2026-09-23,,
Evangel. Kirchengemeinde Frintrop,koerperschaft,Evang. Kirchengem. Frintrop,,,eigentuemer_cluster,2026-09-23,,
Evangel. Kirchengemeinde Haarzopf,koerperschaft,Evangel. Kirchengemeinde Haarzopf,,,eigentuemer_cluster,2026-09-22,,
Evangelische Gemeinde Essen-Altstadt,koerperschaft,Evang. Kirchengem. Essen-Altstadt,kirche_stiftung,ja,christos,2026-09-23,,
Evangelische Kirchengemeinde,koerperschaft,Evangel. Kirchengem.,,,eigentuemer_cluster,2026-09-23,,
"Evangl. Bismarckschule, Stadt Essen",koerperschaft,"Evangl. Bismarckschule, Stadt Essen",,,eigentuemer_cluster,2026-09-22,,
Evangl. Gemeinde,koerperschaft,Evangl. Gemeinde,,,eigentuemer_cluster,2026-09-22,,
Evangl. Kirchengem. Ess.-Rüttenscheid,koerperschaft,Evangl. Kirchengem. Ess.-Rüttenscheid,,,eigentuemer_cluster,2026-09-22,,
Evangl. Kirchengemeinde,koerperschaft,Evangel. Kirchengem.,,,eigentuemer_cluster,2026-09-23,,
Evg. Gemeinschaft A.-G.,koerperschaft,Evg. Gemeinschaft AG,,,eigentuemer_cluster,2026-09-22,,
Evg. Kirchenbauverein,koerperschaft,Evg. Kirchenbauverein,,,eigentuemer_cluster,2026-09-22,,
Evg. Kirchengem.,koerperschaft,Evg. Kirchengem.,,,eigentuemer_cluster,2026-09-22,,
Evg. Kirchengem. Essen Altstadt,koerperschaft,Evg. Kirchengem. Essen Altstadt,,,eigentuemer_cluster,2026-09-22,,
Evg. Kirchengem. Gemeindeamt.,koerperschaft,Evg. Kirchengem. Gemeindeamt.,,,eigentuemer_cluster,2026-09-22,,
Evg. Kirchengem. Vogelheim,koerperschaft,Evg. Kirchengem. Vogelheim,,,eigentuemer_cluster,2026-09-22,,
Evg. Kirchengemeinde,koerperschaft,Evg. Kirchengem.,,,eigentuemer_cluster,2026-09-23,,
Evg. Kirchengemeinde Altenessen,koerperschaft,Evg. Kirchengemeinde Altenessen,,,eigentuemer_cluster,2026-09-22,,
Evg. Missionsgesellschaft,koerperschaft,Evg. Missionsgesellschaft,,,eigentuemer_cluster,2026-09-22,,
Evgl. Apostelkirche,koerperschaft,Evgl. Apostelkirche,,,eigentuemer_cluster,2026-09-22,,
Evgl. Gem. Essen-Altstadt,koerperschaft,Evang. Kirchengem. Essen-Altstadt,kirche_stiftung,ja,christos,2026-09-23,,
Evgl. Gemeinde Essen-Altendorf,koerperschaft,Ev. Kirchengem. Altendorf,kirche_stiftung,ja,christos,2026-09-23,,
"Evgl. Gemeindeschule XVII, Stadt Essen",koerperschaft,"Ev. Gemeindeschule VIa, Stadt Essen",,,eigentuemer_cluster,2026-09-23,,
Evgl. Gemeinschaft (Freikirche),koerperschaft,Evgl. Gemeinschaft (Freikirche),,,eigentuemer_cluster,2026-09-22,,
Evgl. Gemeinschaft e.v.,koerperschaft,Ev. Gemeinschaft e. V.,,,eigentuemer_cluster,2026-09-23,,
Evgl. Kirche,koerperschaft,Evgl. Kirche,,,eigentuemer_cluster,2026-09-22,,
"Evgl. Kirche Bredeney, Evgl. Kirchengemeinde",koerperschaft,Evgl. Kirchengemeinde ‹Bredeney›,kirche_stiftung,ja,christos,2026-09-23,,
Evgl. Kirchengem. Essen-Altstadt,koerperschaft,Evang. Kirchengem. Essen-Altstadt,kirche_stiftung,ja,christos,2026-09-23,,
Evgl. Kirchengemeinde Essen Altstadt,koerperschaft,Ev. Kirchengemeinde Essen Altstadt,,,eigentuemer_cluster,2026-09-23,,
Evgl. Kirchengemeinde Essen-Altendorf,koerperschaft,Ev. Kirchengem. Altendorf,kirche_stiftung,ja,christos,2026-09-23,,
Evgl. Kirchengemeinde Rüttenscheid,koerperschaft,Ev. Kirchengemeinde Rüttenscheid,,,eigentuemer_cluster,2026-09-23,,
"Evgl. Kirchengemeinde, Lutherhaus",koerperschaft,"Evgl. Kirchengemeinde, Lutherhaus",,,eigentuemer_cluster,2026-09-22,,
"Evgl. Mädchen-Verin ""Eden""",koerperschaft,"Evgl. Mädchen-Verin ""Eden""",,,eigentuemer_cluster,2026-09-22,,
Evgl. Männer-Verein e. V. Werden,koerperschaft,Evgl. Männer-Verein e. V. Werden,,,eigentuemer_cluster,2026-09-22,,
Evgl. Männerverein,koerperschaft,Evgl. Männerverein,,,eigentuemer_cluster,2026-09-22,,
"Evgl. Schule VIII, Stadt Essen",koerperschaft,"Ev. Schule VIb, Stadt Essen",,,eigentuemer_cluster,2026-09-23,,
Evgl. Verein Jugendhaus,koerperschaft,Evgl. Verein Jugendhaus,,,eigentuemer_cluster,2026-09-22,,
Evgl. Waisenhausverwaltung E.-Altstadt,koerperschaft,Evgl. Waisenhausverwaltung E.-Altstadt,,,eigentuemer_cluster,2026-09-22,,
"F. Flothmann G.m.b.H., Schreibwr.",koerperschaft,"F. Flothmann GmbH , Schreibwr.",,,eigentuemer_cluster,2026-09-22,,
"F. O. Lueg Nachf., Karosseriefabrk.",koerperschaft,"F. O. Lueg Nachf., Karosseriefabrk.",,,eigentuemer_cluster,2026-09-22,,
"Fabrikterain, Friedr. Krupp A. G.",koerperschaft,Fried. Krupp AG,industrie,ja,christos,2026-09-26,,
Familienpflege v. Orden d. hl. Franziskus,koerperschaft,Familienpflege v. Orden d. hl. Franziskus,,,eigentuemer_cluster,2026-09-22,,
Familienpflege vom 3.Orden des Hl. Franziskus,koerperschaft,Familienpflege vom 3.Orden des Hl. Franziskus,,,eigentuemer_cluster,2026-09-22,,
Ferro-Stahl,koerperschaft,Ferro-Stahl,,,eigentuemer_cluster,2026-09-22,,
Ferrostaal A.G.,koerperschaft,Ferrostaal AG,,,eigentuemer_cluster,2026-09-22,,
"Ferrostaal A.G., Eisengroßhdlg.",koerperschaft,"Ferrostaal AG , Eisengroßhdlg.",,,eigentuemer_cluster,2026-09-22,,
"Fischer & Sohn, Baugeschäft",koerperschaft,"Fischer & Sohn, Baugeschäft",,,eigentuemer_cluster,2026-09-22,,
"Fischer & Sohn, J., Baugesch.",koerperschaft,"Fischer & Sohn, J., Baugesch.",,,eigentuemer_cluster,2026-09-22,,
"Fischer & Sohn, J., Hoch- u. Tiefbau",koerperschaft,"Fischer & Sohn, J., Hoch- u. Tiefbau",,,eigentuemer_cluster,2026-09-22,,
"Fischer & Stiehl, G.m.b.H., Heizungsanlagen",koerperschaft,"Fischer & Stiehl GmbH , Heizungsanlagen",,,eigentuemer_cluster,2026-09-22,,
"Fischer A.G., Glasgroßhdlg.",koerperschaft,"Fischer AG , Glasgroßhdlg.",,,eigentuemer_cluster,2026-09-22,,
Flottmann A.G.,koerperschaft,Flottmann AG,,,eigentuemer_cluster,2026-09-22,,
"Forsten & Gammersbach, Lebensmittel",koerperschaft,"Forsten & Gammersbach, Lebensmittel",,,eigentuemer_cluster,2026-09-22,,
"Frank & Schulte, Handelsges. m. b. H.",koerperschaft,"Frank & Schulte, Handelsges. m. b. H.",,,eigentuemer_cluster,2026-09-22,,
Frankfurter Maschinenbau A.-G.,koerperschaft,Frankfurter Maschinenbau AG,,,eigentuemer_cluster,2026-09-22,,
Franziskaner-Kloster,koerperschaft,Franziskaner-Kloster,,,eigentuemer_cluster,2026-09-22,,
Frau Marg. Krupp. Stiftung,koerperschaft,Margarethe Krupp-Stiftung für Wohnungsfürsorge,kirche_stiftung,ja,christos,2026-09-26,,
Frau-Margarete Krupp-Stiftung,koerperschaft,Margarethe Krupp-Stiftung für Wohnungsfürsorge,kirche_stiftung,ja,christos,2026-09-26,,
Frau-Margarete-Krupp-Striftung,koerperschaft,Margarethe Krupp-Stiftung für Wohnungsfürsorge,kirche_stiftung,ja,christos,2026-09-26,,
"Freie Schule, Stadt Essen",koerperschaft,"Freie Schule, Stadt Essen",,,eigentuemer_cluster,2026-09-22,,
Freie ev. Gemeinde e. V.,koerperschaft,Freie evang. Gemeinde,,,eigentuemer_cluster,2026-09-26,,
"Freundlieb & Co., Baugesch.",koerperschaft,"Freundlieb & Co., Baugesch.",industrie,ja,christos,2026-09-26,,
"Frickenstein & Co, Eisenbahndedarf",koerperschaft,"Frickenstein & Co, Eisenbahndedarf",,,eigentuemer_cluster,2026-09-22,,
Fried. Krupp A. =G.,koerperschaft,Fried. Krupp AG,industrie,ja,christos,2026-09-26,,
"Fried. Krupp A. G., Kruppsche Fabrik",koerperschaft,Fried. Krupp AG,industrie,ja,christos,2026-09-26,,
Friedr.-Krupp A. G.,koerperschaft,Friedr.-Krupp AG,,,eigentuemer_cluster,2026-09-22,,
"Fröhlich & Klüpfel, Masch. Fabrk.",koerperschaft,"Fröhlich & Klüpfel, Masch. Fabrk.",,,eigentuemer_cluster,2026-09-22,,
"Funke & Schürenberg, Bergwerksbes.",koerperschaft,"Funke & Schürenberg, Bergwerksbes.",,,eigentuemer_cluster,2026-09-22,,
"Funke & Schürenberg, Hüttenbes.",koerperschaft,"Funke & Schürenberg, Hüttenbes.",,,eigentuemer_cluster,2026-09-22,,
"G. Blum G.m.b.H., Manufakturwrgesch.",koerperschaft,"G. Blum GmbH , Manufakturwrgesch.",,,eigentuemer_cluster,2026-09-22,,
"G. Hinselmann & Co., G.m.b.H., Maschinenfbrk.",koerperschaft,"G. Hinselmann & Co. GmbH , Maschinenfbrk.",,,eigentuemer_cluster,2026-09-22,,
Gagfah Gem. A.-G. f. Angest.,koerperschaft,Gemeinnützige Aktien-Gesellschaft für Angestellten-Heimstätten (GAGfAH),genossenschaft_siedlung,ja,christos,2026-09-23,https://de.wikipedia.org/wiki/Gagfah,
Gas-  und Wasserwerk,koerperschaft,Gas- und Wasserwerk,,,eigentuemer_cluster,2026-09-22,,
Gau-Betriebsgemeinsch. 10. Verkehr- u. öffentl. Betriebe,koerperschaft,Gau-Betriebsgemeinsch. 10. Verkehr- u. öffentl. Betriebe,,,eigentuemer_cluster,2026-09-22,,
"Gebr. Bürvenich, Baugesch.",koerperschaft,"Gebr. Bürvenich, Baugesch.",,,eigentuemer_cluster,2026-09-22,,
"Gebr. Colsmann, off. Handelsges.",koerperschaft,"Gebr. Colsmann, off. Handelsges.",industrie,ja,christos,2026-09-26,,
Gebr. Heinemann,koerperschaft,Gebr. Heinemann,,,eigentuemer_cluster,2026-09-22,,
"Gebr. Herwig, Rohprodukt.",koerperschaft,"Gebr. Herwig, Rohprodukt.",,,eigentuemer_cluster,2026-09-22,,
"Gebr. Hilgenberg, Eisenwr.",koerperschaft,"Gebr. Hilgenberg, Eisenwr.",,,eigentuemer_cluster,2026-09-22,,
"Gebr. Hillmann A. G., Beleuchtungsgroßhdlg.",koerperschaft,"Gebr. Hillmann AG , Beleuchtungsgroßhdlg.",,,eigentuemer_cluster,2026-09-22,,
"Gebr. Hoppe, Hofspediteure",koerperschaft,"Gebr. Hoppe, Hofspediteure",,,eigentuemer_cluster,2026-09-22,,
"Gebr. Michiels, Büromöbelfabrik",koerperschaft,"Gebr. Michiels, Büromöbelfabrik",,,eigentuemer_cluster,2026-09-22,,
"Gebr. Siepmann, Gärtnerei",koerperschaft,"Gebr. Siepmann, Gärtnerei",,,eigentuemer_cluster,2026-09-22,,
"Gebr. Storp, Eisenwrhandlg.",koerperschaft,"Gebr. Storp, Eisenwrhandlg.",,,eigentuemer_cluster,2026-09-22,,
"Gebr. Wagener, Baugesch.",koerperschaft,"Gebr. Wagener, Baugesch.",,,eigentuemer_cluster,2026-09-22,,
"Gebr. van Eupen, Großspedit.",koerperschaft,"Gebr. van Eupen, Speditionsgeschäft",industrie,ja,christos,2026-09-26,,
"Gebr. van Eupen, Spedition",koerperschaft,"Gebr. van Eupen, Speditionsgeschäft",industrie,ja,christos,2026-09-26,,
Gelsen. Bergw. AG,koerperschaft,Gelsenkirchener Bergwerks-AG (GBAG),bergbau,ja,christos,2026-09-26,,
"Gelsenk. Bergw. A.-.G., Hauptverwalt.",koerperschaft,Gelsenkirchener Bergwerks-AG (GBAG),bergbau,ja,christos,2026-09-26,,
Gelsenk. Wasserwerk,koerperschaft,Gelsenk. Wasserwerk,,,eigentuemer_cluster,2026-09-22,,
Gelsenkirchenener Bergwerks A.G.,koerperschaft,Gelsenkirchenener Bergwerks AG,,,eigentuemer_cluster,2026-09-22,,
Gelsenkirchener Bergwerks-Akt.-Ges.,koerperschaft,Gelsenkirchener Bergwerks-AG (GBAG),bergbau,ja,christos,2026-09-26,,
Gelsenkirchener Wasserwerk,koerperschaft,Gelsenkirchener Wasserwerk,,,eigentuemer_cluster,2026-09-22,,
Gelsenkirchner Bergwerks A.-G.,koerperschaft,Gelsenkirchner Bergwerks AG,,,eigentuemer_cluster,2026-09-22,,
Gem. A.G. für Angestelltenheimstätten (Deutschlandhaus),koerperschaft,Gem. AG für Angestelltenheimstätten (Deutschlandhaus),,,eigentuemer_cluster,2026-09-22,,
Gem. Baug. de. Reichsbundes d. Kinderr. Ortsgruppe Essen,koerperschaft,Gem. Baug. de. Reichsbundes d. Kinderr. Ortsgruppe Essen,,,eigentuemer_cluster,2026-09-22,,
"Gem. Baugen ""Hilfe"", G. m. b. H.",koerperschaft,"Gem. Baugen ""Hilfe"" GmbH",,,eigentuemer_cluster,2026-09-22,,
"Gem. Baugenossensch. ""Hilfe"", Kray",koerperschaft,"Gem. Baugenossensch. ""Hilfe"", Kray",genossenschaft_siedlung,ja,christos,2026-09-26,,
Gem. Bauverein E.-Stoppenberg,koerperschaft,Gem. Bauverein E.-Stoppenberg,genossenschaft_siedlung,ja,christos,2026-09-26,,
Gem. Bauverein Steele e.G.m.b.H.,koerperschaft,Gem. Bauverein Steele eGmbH,,,eigentuemer_cluster,2026-09-22,,
"Gem. Bauverein, Essen",koerperschaft,"Gem. Bauverein, Essen",genossenschaft_siedlung,ja,christos,2026-09-26,,
Gem. Heimstätten A.-G.,koerperschaft,Gemeinnützige Heimstätten AG (GEHAG),genossenschaft_siedlung,ja,christos,2026-09-23,https://de.wikipedia.org/wiki/GEHAG,
Gem. Spar- und Bauverein Altenessen,koerperschaft,Gem. Spar- und Bauverein Altenessen,,,eigentuemer_cluster,2026-09-22,,
Gemein. A. G. f. Angest. Heimstätten,koerperschaft,Gemein. A. G. f. Angest. Heimstätten,,,christos,2026-09-22,,
"Gemein. Baugen. ""Hilfe""",koerperschaft,"Gemein. Baugen. ""Hilfe""",,,eigentuemer_cluster,2026-09-22,,
Gemein. Bauverein A.G.,koerperschaft,Gemein. Bauverein AG,genossenschaft_siedlung,ja,christos,2026-09-26,,
Gemein. Bauverein Groß-Essen,koerperschaft,Gemein. Bauverein Groß-Essen,genossenschaft_siedlung,ja,christos,2026-09-26,,
"Gemein. Siedlungsgen. ""Eigene Tat""",koerperschaft,"Siedlung ""Eigene Tat"" eGmbH",genossenschaft_siedlung,ja,christos,2026-09-26,,
Gemeinde Borbeck,koerperschaft,Gemeinde Borbeck,,,eigentuemer_cluster,2026-09-22,,
Gemeinde-Sparkasse,koerperschaft,Gemeinde-Sparkasse,,,eigentuemer_cluster,2026-09-22,,
"Gemeinn. Baugen. ""Hilfe""",koerperschaft,"Gemeinn. Baugen. ""Hilfe""",,,eigentuemer_cluster,2026-09-22,,
"Gemeinn. Baugenossensch. ""Hilfe""",koerperschaft,"Gemeinn. Baugenossensch. ""Hilfe""",,,eigentuemer_cluster,2026-09-22,,
"Gemeinn. Baugenossensch. ""Hilfe"", E. G.m. b. H.",koerperschaft,"Gemeinn. Baugenossensch. ""Hilfe"" eGmbH",,,eigentuemer_cluster,2026-09-22,,
"Gemeinn. Baugenossensch. ""Hilfe"", Kray",koerperschaft,"Gemeinn. Baugenossensch. ""Hilfe"", Kray",,,eigentuemer_cluster,2026-09-22,,
Gemeinn. Baugenossenschaft,koerperschaft,Gemeinn. Baugenossenschaft,,,eigentuemer_cluster,2026-09-22,,
Gemeinn. Bauverein A.-G.,koerperschaft,Gemeinn. Bauverein AG,,,eigentuemer_cluster,2026-09-22,,
Gemeinn. Bauverein Essen-Stadtw. A.G.,koerperschaft,Gemeinn. Bauverein Essen-Stadtw. AG,,,eigentuemer_cluster,2026-09-22,,
Gemeinn. Bauverein Groß-Essen,koerperschaft,Gemeinn. Bauverein Groß-Essen,,,eigentuemer_cluster,2026-09-22,,
Gemeinn. Bauverein Steele,koerperschaft,Gemeinn. Bauverein Steele,,,eigentuemer_cluster,2026-09-22,,
"Gemeinn. Bauverein, E. G. M. b. H.",koerperschaft,"Gemeinn. Bauverein, E. G. M. b. H.",genossenschaft_siedlung,ja,christos,2026-09-26,,
"Gemeinn. Siedlgsgenossenschaft ""Eigene Tat"" e.G.m.b.H.",koerperschaft,"Siedlung ""Eigene Tat"" eGmbH",genossenschaft_siedlung,ja,christos,2026-09-26,,
"Gemeinn. Spar- u. Baug. ""Eigenheim"", E. G. M. b. H.",koerperschaft,"Gemeinn. Spar- u. Baug. ""Eigenheim"" eGmbH",,,eigentuemer_cluster,2026-09-22,,
Gemeinn. Spar- u. Baugen. e.G.m.b.H.,koerperschaft,Gemeinn. Spar- u. Baugen. eGmbH,,,eigentuemer_cluster,2026-09-22,,
"Gemeinn. Spar. u. Bauverein, Alteness.",koerperschaft,"Gemeinn. Spar. u. Bauverein, Alteness.",genossenschaft_siedlung,ja,christos,2026-09-26,,
Gemeinn. Wohnungsb. Genossensch.,koerperschaft,Gemeinn. Wohnungsb. Genossensch.,genossenschaft_siedlung,ja,christos,2026-09-26,,
Gemeinn. Wohnungsbaugenossensch.,koerperschaft,Gemeinn. Wohnungsbaugenossensch.,,,eigentuemer_cluster,2026-09-22,,
"Gemeinnütz. Ausstell. Gesellschaft, G.m.b.H.",koerperschaft,Gemeinnütz. Ausstell. Gesellschaft GmbH,,,eigentuemer_cluster,2026-09-22,,
"Gemeinnütz. Baugenossensch. ""Hilfe"", e.G.m.b.H.",koerperschaft,"Gemeinnütz. Baugenossensch. ""Hilfe"" eGmbH",,,eigentuemer_cluster,2026-09-22,,
Gemeinnütz. Bauverein,koerperschaft,Gemeinnütz. Bauverein,genossenschaft_siedlung,ja,christos,2026-09-26,,
Gemeinnütz. Bauverein Stoppenberg,koerperschaft,Gemeinnütz. Bauverein Stoppenberg,,,eigentuemer_cluster,2026-09-22,,
"Gemeinnütz. Heimstätten A.G., Berlin",koerperschaft,Gemeinnützige Heimstätten AG (GEHAG),genossenschaft_siedlung,ja,christos,2026-09-23,https://de.wikipedia.org/wiki/GEHAG,
"Gemeinnütz. Siedlungsgen. ""Eigene Tat""",koerperschaft,"Siedlung ""Eigene Tat"" eGmbH",genossenschaft_siedlung,ja,christos,2026-09-26,,
Gemeinnützig. Bauverein,koerperschaft,Gemeinnützig. Bauverein,,,eigentuemer_cluster,2026-09-22,,
Gemeinnützige Baugenossensch. Essen,koerperschaft,Gemeinnützige Baugenossensch. Essen,,,eigentuemer_cluster,2026-09-22,,
"Gemeinnützige Wohnungsbauges. d. Kinderreichen, G.m.b.H.",koerperschaft,Gemeinnützige Wohnungsbauges. d. Kinderreichen GmbH,,,eigentuemer_cluster,2026-09-22,,
"Gemeinnützige Wohnungsges. ""Deutscher Ostbund""",koerperschaft,"Gemeinnützige Wohnungsges. ""Deutscher Ostbund""",,,eigentuemer_cluster,2026-09-22,,
Gemeinnütziger Bauverein E.-Stoppenberg,koerperschaft,Gemeinnütziger Bauverein E.-Stoppenberg,,,eigentuemer_cluster,2026-09-22,,
"Gemeinnütziger Bauverein, Essen-Stadtwald A. G.",koerperschaft,"Gemeinnütziger Bauverein, Essen-Stadtwald AG",genossenschaft_siedlung,ja,christos,2026-09-26,,
Gemeinnütziger Verein für Verwertung d. Ausstellungsgeländes,koerperschaft,Gemeinnütziger Verein für Verwertung d. Ausstellungsgeländes,,,eigentuemer_cluster,2026-09-22,,
Gemeinwohl Immob. Ges.m.b.h.,koerperschaft,Gemeinwohl Immob. Ges.m.b.h.,,,eigentuemer_cluster,2026-09-22,,
Gemeinütziger Bauverein Essen Stadtwald A. G.,koerperschaft,Gemeinütziger Bauverein Essen Stadtwald AG,genossenschaft_siedlung,ja,christos,2026-09-26,,
Gen. Eigene Tat,koerperschaft,"Siedlung ""Eigene Tat"" eGmbH",genossenschaft_siedlung,ja,christos,2026-09-26,,
Genossenschaft der Oblatenpatres,koerperschaft,Genossenschaft der Oblatenpatres,,,eigentuemer_cluster,2026-09-22,,
Genossenschaft der Töchter v. Heil. Kreuz,koerperschaft,Genossenschaft der Töchter v. Heil. Kreuz,,,eigentuemer_cluster,2026-09-22,,
Ges. Haus Nazareth,koerperschaft,Ges. Haus Nazareth,,,eigentuemer_cluster,2026-09-22,,
Ges. Toetologie,koerperschaft,Ges. Toetologie,,,eigentuemer_cluster,2026-09-22,,
Ges. des Altenbergs,koerperschaft,Ges. des Altenbergs,,,eigentuemer_cluster,2026-09-22,,
Gesellsch. f. Gemeinwohl,koerperschaft,Gesellsch. f. Gemeinwohl,,,eigentuemer_cluster,2026-09-22,,
Gesenk. Bergw. A.G.,koerperschaft,Gesenk. Bergw. AG,,,eigentuemer_cluster,2026-09-22,,
Gewerbebank,koerperschaft,Gewerbebank,,,eigentuemer_cluster,2026-09-22,,
"Gewerbebank, e.G.m.b.H.",koerperschaft,Gewerbebank eGmbH,,,eigentuemer_cluster,2026-09-22,,
"Gewerksch. ""Heinrichssegen"", Bochum",koerperschaft,"Gewerksch. ""Heinrichssegen"", Bochum",,,eigentuemer_cluster,2026-09-22,,
Gewerksch. Carolus-Magnus,koerperschaft,Gewerkschft Zeche Carolus Magnus,bergbau,ja,christos,2026-09-22,,
Gewerksch. Eintracht,koerperschaft,Gewerksch. Eintracht,,,eigentuemer_cluster,2026-09-22,,
Gewerksch. Heinrichssegen,koerperschaft,Gewerksch. Heinrichssegen,,,eigentuemer_cluster,2026-09-22,,
"Gewerksch. Viktoria Mathias, Kokerei",koerperschaft,"Gewerksch. Viktoria Mathias, Kokerei",,,eigentuemer_cluster,2026-09-22,,
Gewerksch. Viktoria Matthias Stinnes,koerperschaft,Gewerksch. Viktoria Matthias Stinnes,,,eigentuemer_cluster,2026-09-22,,
Gewerksch. d. Steinkohlenbergw. Vereinigte Helene u. Amalie,koerperschaft,Gewerksch. d. Steinkohlenbergw. Vereinigte Helene u. Amalie,,,eigentuemer_cluster,2026-09-22,,
Gewerksch. der Steinkohlenwerke Langenbrahm,koerperschaft,Zeche Langenbrahm,bergbau,ja,christos,2026-09-26,,
Gewerkschaf d. Steinkohlenberg. Langenbrahm,koerperschaft,Gewerkschaf d. Steinkohlenberg. Langenbrahm,,,eigentuemer_cluster,2026-09-22,,
Gewerkschaft Bergschäfer,koerperschaft,Gewerkschaft Bergschäfer,,,eigentuemer_cluster,2026-09-22,,
Gewerkschaft Görgey,koerperschaft,Gewerkschaft Görgey,,,eigentuemer_cluster,2026-09-22,,
Gewerkschaft König Wilhelm,koerperschaft,Gewerkschaft König Wilhelm,,,eigentuemer_cluster,2026-09-22,,
Gewerkschaft Zeche Carolus Magnus,koerperschaft,Gewerkschft Zeche Carolus Magnus,bergbau,ja,christos,2026-09-22,,
"Gewerkschaft der Zeche ""Graf Beust""",koerperschaft,Gewerkschaft Graf Beust,bergbau,ja,christos,2026-09-23,,
Gewerkschaft des Steinkohlenbergwerks,koerperschaft,Gewerkschaft des Steinkohlenbergwerks,bergbau,ja,christos,2026-09-26,,
Gewerkschft Viktoria Mathias,koerperschaft,Gewerkschft Viktoria Mathias,,,eigentuemer_cluster,2026-09-22,,
Gewerkschft Zeche Carolus Magnus,koerperschaft,Gewerkschft Zeche Carolus Magnus,bergbau,ja,christos,2026-09-22,,
Gewerkshaft Viktoria Mathias,koerperschaft,Gewerkshaft Viktoria Mathias,,,eigentuemer_cluster,2026-09-22,,
"Gierig & Nasse, Eisenwr.",koerperschaft,"Gierig & Nasse, Eisenwr.",,,eigentuemer_cluster,2026-09-22,,
"Girardet & Schmemann, Zeitungsverlag",koerperschaft,"Girardet & Schmemann, Zeitungsverlag",,,eigentuemer_cluster,2026-09-22,,
"Goebel, G. m. b. H., Kurzwrhandlung",koerperschaft,"Goebel GmbH , Kurzwrhandlung",,,eigentuemer_cluster,2026-09-22,,
"Goetheschule (ev.), Stadt Essen",koerperschaft,"Goetheschule (ev.), Stadt Essen",,,eigentuemer_cluster,2026-09-22,,
"Goldschmidt, Th. Chemische Fabrik",koerperschaft,Th. Goldschmidt AG,industrie,ja,christos,2026-09-23,,
"Gossenberg & Co., K. Kom. Ges.",koerperschaft,"Gossenberg & Co., K. Kom. Ges.",,,eigentuemer_cluster,2026-09-22,,
Gothaer Lebens-Vers. Bank,koerperschaft,Gothaer Lebens-Vers. Bank,,,eigentuemer_cluster,2026-09-22,,
"Greshake & Brechtmann, feuerfeste Prod.",koerperschaft,"Greshake & Brechtmann, feuerfeste Prod.",,,eigentuemer_cluster,2026-09-22,,
Grundbesitz G.m.b.H.,koerperschaft,Grundbesitz GmbH,,,eigentuemer_cluster,2026-09-22,,
Grundstücksgemeinschaft Schäfer,koerperschaft,Grundstücksgemeinschaft Schäfer,,,eigentuemer_cluster,2026-09-22,,
Grundstücksverwaltg.,koerperschaft,Grundstücksverwaltg.,,,eigentuemer_cluster,2026-09-22,,
Gräfl. v. der Schulenburg'sche Verwaltung,koerperschaft,Gräfl. v. der Schulenburg'sche Verwaltung,privatperson,ja,christos,2026-09-26,,
Gutehoffnungshüt,koerperschaft,Gutehoffnungshütte (GHH),industrie,ja,christos,2026-09-23,,
"Gutehoffnungshütte, Akt.-Verein für Bergbau u. Hüttenbetrieb",koerperschaft,Gutehoffnungshütte (GHH),industrie,ja,christos,2026-09-23,,
"Gutehoffnungshütte, Aktien-Verein f. Bergb. u. Hüttenbetr.",koerperschaft,Gutehoffnungshütte (GHH),industrie,ja,christos,2026-09-23,,
H. Berets G.m.b.h. Manufakturwr.,koerperschaft,H. Berets G.m.b.h. Manufakturwr.,,,eigentuemer_cluster,2026-09-22,,
"H. Meiswinkel, G. m. b. H., Gummiwerke",koerperschaft,"H. Meiswinkel GmbH , Gummiwerke",,,eigentuemer_cluster,2026-09-22,,
"H. Nölle & Cie, G.m.b.h., Eisengroßhdlg.",koerperschaft,"H. Nölle & Cie GmbH , Eisengroßhdlg.",,,eigentuemer_cluster,2026-09-22,,
"H. Schlenkhoff, G.m.b.h., Baumaterialien",koerperschaft,"H. Schlenkhoff GmbH , Baumaterialien",,,eigentuemer_cluster,2026-09-22,,
"H. Sprenger, G.m.b.H., Metallgroßhdlg.",koerperschaft,"H. Sprenger GmbH , Metallgroßhdlg.",,,eigentuemer_cluster,2026-09-22,,
"H. Stückenschneider & Sohn, Ledergroßhdlg.",koerperschaft,"H. Stückenschneider & Sohn, Ledergroßhdlg.",,,eigentuemer_cluster,2026-09-22,,
"Haarmann & Langhoff, Papiergroßhdlg.",koerperschaft,"Haarmann & Langhoff, Papiergroßhdlg.",,,eigentuemer_cluster,2026-09-22,,
Hammer G.m.b.H.,koerperschaft,Hammer GmbH,,,eigentuemer_cluster,2026-09-22,,
"Handelskammer für d. Kreise Essen, Mülheim(Ruhr) u. Oberhausen zu Essen",koerperschaft,"Handelskammer für d. Kreise Essen, Mülheim(Ruhr) u. Oberhausen zu Essen",,,eigentuemer_cluster,2026-09-22,,
Hannoversche Bank,koerperschaft,Hannoversche Bank,,,eigentuemer_cluster,2026-09-22,,
Hansa-Brauerei,koerperschaft,Hansa-Brauerei,,,eigentuemer_cluster,2026-09-22,,
Hansa-Haus,koerperschaft,Hansa-Haus,,,eigentuemer_cluster,2026-09-22,,
Hattingstr. 1-3,koerperschaft,Hattingstr. 1-3,,,eigentuemer_cluster,2026-09-22,,
"Haus Hoheneck, Buch- u. Kunststube",koerperschaft,"Haus Hoheneck, Buch- u. Kunststube",,,eigentuemer_cluster,2026-09-22,,
"Haus Nazareth, Pflegehaus G. m. b. H.",koerperschaft,"Haus Nazareth, Pflegehaus GmbH",,,eigentuemer_cluster,2026-09-22,,
"Haus Neuerburg, G. M. b. H.",koerperschaft,Haus Neuerburg GmbH,,,eigentuemer_cluster,2026-09-22,,
Haus d. Deutschen Arbeit,koerperschaft,Haus d. Deutschen Arbeit,,,eigentuemer_cluster,2026-09-22,,
"Haus der Kaufmannschaft von Essen, G.m.b.H.",koerperschaft,Haus der Kaufmannschaft von Essen GmbH,,,eigentuemer_cluster,2026-09-22,,
"Haus- u. Grundbesitz, G.m.b.h.",koerperschaft,Haus- u. Grundbesitz GmbH,,,eigentuemer_cluster,2026-09-22,,
Haus- u. Grundbesitzerver. e.V.,koerperschaft,Haus- u. Grundbesitzerver. e. V.,,,eigentuemer_cluster,2026-09-22,,
Haus- u. Grundst. Verw. A.-G.,koerperschaft,Haus- u. Grundst. Verw. AG,,,eigentuemer_cluster,2026-09-22,,
Haus- u. Grundstücksverwert. A. G.,koerperschaft,Haus- u. Grundstücksverwert. AG,,,eigentuemer_cluster,2026-09-22,,
"Haus- u. Grundverwertung, G.m.b.H.",koerperschaft,Haus- u. Grundverwertung GmbH,,,eigentuemer_cluster,2026-09-22,,
Haus- u. Grundverwertungsges. (Bottrop),koerperschaft,Haus- u. Grundverwertungsges. (Bottrop),,,eigentuemer_cluster,2026-09-22,,
"Hautzel & Kobecke, Tiefbauunternehm.",koerperschaft,"Hautzel & Kobecke, Tiefbauunternehm.",,,eigentuemer_cluster,2026-09-22,,
"Hehr & Co., Theatermalerei",koerperschaft,"Hehr & Co., Theatermalerei",,,eigentuemer_cluster,2026-09-22,,
Heilenkötter & Sommerfeld,koerperschaft,Heilenkötter & Sommerfeld,,,eigentuemer_cluster,2026-09-22,,
"Heilenkötter & Sommerfeld, Bauunternehmer",koerperschaft,"Heilenkötter & Sommerfeld, Bauunternehmer",,,eigentuemer_cluster,2026-09-22,,
Heimbau,koerperschaft,Heimbau,,,eigentuemer_cluster,2026-09-22,,
"Helfer, G.m.b.h., Bergwerksmasch.",koerperschaft,"Helfer GmbH , Bergwerksmasch.",,,eigentuemer_cluster,2026-09-22,,
Herz-Jesu-Gemeinde,koerperschaft,Herz-Jesu-Gemeinde,,,eigentuemer_cluster,2026-09-22,,
Herz-Jesu-Pfarre,koerperschaft,Herz-Jesu-Pfarre,,,eigentuemer_cluster,2026-09-22,,
Hibernia Bergwerksgesellsch.,koerperschaft,Bergw.-Gesellsch. Hibernia,bergbau,ja,christos,2026-09-26,,
"Hilfsschule, Kath. Volksschule, Stadt Essen",koerperschaft,"Hilfsschule, Kath. Volksschule, Stadt Essen",,,eigentuemer_cluster,2026-09-22,,
Himmelfahrtsgemeinde Kindergarten,koerperschaft,Himmelfahrtsgemeinde Kindergarten,,,eigentuemer_cluster,2026-09-22,,
"Hinselmann, Koksofenbauges.m.b.H.",koerperschaft,"Hinselmann, Koksofenbauges.m.b.H.",,,eigentuemer_cluster,2026-09-22,,
Hinterbliebenenbeihilfe d. Milchhandels e.V.,koerperschaft,Hinterbliebenenbeihilfe d. Milchhandels e. V.,,,eigentuemer_cluster,2026-09-22,,
Hitlerjugend Unterbann,koerperschaft,Hitlerjugend Unterbann,,,eigentuemer_cluster,2026-09-22,,
Hoesch-Köjn Neuessen A. G.,koerperschaft,Hoesch Köln-Neuessen AG,industrie,ja,christos,2026-09-26,,
"Hoffmann & Pohle, G.m.b.H., Maschinenhdlg.",koerperschaft,"Hoffmann & Pohle GmbH , Maschinenhdlg.",,,eigentuemer_cluster,2026-09-22,,
"Holters G.m.b.H., Holzbearbeitung",koerperschaft,"Holters GmbH , Holzbearbeitung",,,eigentuemer_cluster,2026-09-22,,
Hotel Vereinshaus,koerperschaft,Hotel Vereinshaus,,,eigentuemer_cluster,2026-09-22,,
Huyssen-Stiftung,koerperschaft,Huyssen-Stiftung,,,eigentuemer_cluster,2026-09-22,,
Huyssens-Stiftung,koerperschaft,Huyssens-Stiftung,,,eigentuemer_cluster,2026-09-22,,
Huyssenstift,koerperschaft,Huyssenstift,,,eigentuemer_cluster,2026-09-22,,
Hypothekenbank,koerperschaft,Hypothekenbank,,,eigentuemer_cluster,2026-09-22,,
"Höfels & Co., Ringofenziegelei",koerperschaft,"Höfels & Co., Ringofenziegelei",,,eigentuemer_cluster,2026-09-22,,
"Hülpert & Müller, Automobilreparaturen",koerperschaft,"Hülpert & Müller, Automobilreparaturen",,,eigentuemer_cluster,2026-09-22,,
"Hülpert & Müller, Autowerkstatt",koerperschaft,"Hülpert & Müller, Autowerkstatt",,,eigentuemer_cluster,2026-09-22,,
I. G. Farben-Industrie,koerperschaft,I. G. Farben-Industrie,,,eigentuemer_cluster,2026-09-22,,
"Ignatiuskirche u. Jugendheim, G.m.b.h.",koerperschaft,Ignatiuskirche u. Jugendheim GmbH,,,eigentuemer_cluster,2026-09-22,,
"Industrie- u. Handelskamm. f. d. Stadtkreise Essen, Mülh.-Ruhr u. Oberhausen zu Essen",koerperschaft,"Industrie- u. Handelskamm. f. d. Stadtkreise Essen, Mülh.-Ruhr u. Oberhausen zu Essen",,,eigentuemer_cluster,2026-09-22,,
Industriebeamt. Verlag Berlin,koerperschaft,Industriebeamt. Verlag Berlin,,,eigentuemer_cluster,2026-09-22,,
Ingnatiushaus Jesuitenpater,koerperschaft,Ingnatiushaus Jesuitenpater,,,eigentuemer_cluster,2026-09-22,,
Innungsausschuß,koerperschaft,Innungsausschuß,,,eigentuemer_cluster,2026-09-22,,
Intern. Maatschappy voor Ouvoerende Goederen n.V.,koerperschaft,Intern. Maatschappy voor Ouvoerende Goederen n.V.,,,eigentuemer_cluster,2026-09-22,,
"Israel. Erholungsheim ""Rosenau"", Synagog. Gem.",koerperschaft,"Israel. Erholungsheim ""Rosenau"", Synagog. Gem.",,,eigentuemer_cluster,2026-09-22,,
Israelit. Gemeinde,koerperschaft,Israelit. Gemeinde,,,eigentuemer_cluster,2026-09-22,,
Israelitische Gemeinde,koerperschaft,Israelitische Gemeinde,,,eigentuemer_cluster,2026-09-22,,
"J. & F. Schleich, Bauunternehmung",koerperschaft,"J. & F. Schleich, Bauunternehmung",,,eigentuemer_cluster,2026-09-22,,
"J. Tönnesmann & Vogel, Papierfabrik",koerperschaft,"J. Tönnesmann & Vogel, Papierfabrik",,,eigentuemer_cluster,2026-09-22,,
J.G. Stark u. Söhne,koerperschaft,J.G. Stark u. Söhne,,,eigentuemer_cluster,2026-09-22,,
"J.W. Zander & Co., Metallgroßhdlg.",koerperschaft,"J.W. Zander & Co., Metallgroßhdlg.",,,eigentuemer_cluster,2026-09-22,,
"Jennemann, Tiefbaugesch.",koerperschaft,"Jennemann, Tiefbaugesch.",,,eigentuemer_cluster,2026-09-22,,
"Jugendhalle, Ev. Kirchengemeine E.-West",koerperschaft,"Jugendhalle, Ev. Kirchengemeine E.-West",,,eigentuemer_cluster,2026-09-22,,
"Jugendhalle, Stadt Essen",koerperschaft,"Jugendhalle, Stadt Essen",,,eigentuemer_cluster,2026-09-22,,
Jüdisches Kinderheim,koerperschaft,Jüdisches Kinderheim,,,eigentuemer_cluster,2026-09-22,,
"K. Niederdräing, Nachf. C. Küpper, Kartoffelgroßhdlg.",koerperschaft,"K. Niederdräing, Nachf. C. Küpper, Kartoffelgroßhdlg.",,,eigentuemer_cluster,2026-09-22,,
"K. Risch, G.m.b.H, Baumaterialien",koerperschaft,"K. Risch GmbH , Baumaterialien",,,eigentuemer_cluster,2026-09-22,,
Kabelwerk Duisburg,koerperschaft,Kabelwerk Duisburg,,,eigentuemer_cluster,2026-09-22,,
"Kaiserhof, Essener Hotel-Ges. M. b. H.",koerperschaft,"Kaiserhof, Essener Hotel-Ges. M. b. H.",,,eigentuemer_cluster,2026-09-22,,
Kaisers Kaffeegesch. Fil.,koerperschaft,Kaisers Kaffeegesch. Fil.,,,eigentuemer_cluster,2026-09-22,,
"Kaltwasser & Reiber, Eisenwr.",koerperschaft,"Kaltwasser & Reiber, Eisenwr.",,,eigentuemer_cluster,2026-09-22,,
Kanu-Ges. Assindia,koerperschaft,Kanu-Ges. Assindia,,,eigentuemer_cluster,2026-09-22,,
Kanu-Ges. Wanderfalke,koerperschaft,Kanu-Ges. Wanderfalke,,,eigentuemer_cluster,2026-09-22,,
Kapellenbauverein Ess.-Kupferdreh,koerperschaft,Kapellenbauverein Ess.-Kupferdreh,,,eigentuemer_cluster,2026-09-22,,
"Karstadt, R., A.-G.",koerperschaft,"Karstadt, R. AG",,,eigentuemer_cluster,2026-09-22,,
Kath Kirchengemeinde St.-Mariä-Himmelfahrt-Kirche,koerperschaft,Kath Kirchengemeinde St.-Mariä-Himmelfahrt-Kirche,,,eigentuemer_cluster,2026-09-22,,
Kath. Arbeiter Verein Altendorf,koerperschaft,Kath. Arbeiter Verein Altendorf,,,eigentuemer_cluster,2026-09-22,,
Kath. Caritas-Verband,koerperschaft,Kath. Caritas-Verband,,,eigentuemer_cluster,2026-09-22,,
Kath. Frauenbd.,koerperschaft,Kath. Frauenbd.,,,eigentuemer_cluster,2026-09-22,,
Kath. Gesellenhaus (E.V.),koerperschaft,Kath. Gesellenhaus,kirche_stiftung,ja,christos,2026-09-26,,
Kath. Gesellenhaus A. G.,koerperschaft,Kath. Gesellenhaus,kirche_stiftung,ja,christos,2026-09-26,,
Kath. Gesellenverein E. V.,koerperschaft,Kath. Gesellenverein e. V.,,,eigentuemer_cluster,2026-09-22,,
"Kath. Herz-Jesu-Kirche, Kath. Kirchengemeinde",koerperschaft,"Kath. Herz-Jesu-Kirche, Kath. Kirchengemeinde",,,eigentuemer_cluster,2026-09-22,,
Kath. Jugendheim,koerperschaft,Kath. Jugendheim,,,eigentuemer_cluster,2026-09-22,,
Kath. Jugendheim St. Jospeh,koerperschaft,Kath. Jugendheim St. Jospeh,,,eigentuemer_cluster,2026-09-22,,
"Kath. Kirchbauverein, E.-Steele",koerperschaft,"Kath. Kirchbauverein, E.-Steele",,,eigentuemer_cluster,2026-09-22,,
Kath. Kircheng.,koerperschaft,Kath. Kircheng.,kirche_stiftung,ja,christos,2026-09-26,,
Kath. Kirchengem. Bredeney,koerperschaft,Kath. Kirchengemeinde Essen-Bredeney,kirche_stiftung,ja,christos,2026-09-26,,
Kath. Kirchengem. Dellwig,koerperschaft,Kath. Kirchengem. Dellwig,kirche_stiftung,ja,christos,2026-09-26,,
Kath. Kirchengem. E.-Kray,koerperschaft,Kath. Kirchengem. E.-Kray,,,eigentuemer_cluster,2026-09-22,,
Kath. Kirchengem. E.-Schonnebeck,koerperschaft,Kath. Kirchengem. E.-Schonnebeck,,,eigentuemer_cluster,2026-09-22,,
Kath. Kirchengem. Essen-Kray,koerperschaft,Kath. Kirchengem. E.-Kray,,,eigentuemer_cluster,2026-09-23,,
Kath. Kirchengem. Frintrop,koerperschaft,Kath. Kirchengemeinde ‹Frintrop›,kirche_stiftung,ja,christos,2026-09-23,,
Kath. Kirchengem. Katernberg,koerperschaft,Kath. Kirchengem. ‹Katernberg›,kirche_stiftung,ja,christos,2026-09-23,,
Kath. Kirchengem. Maria Himmelfahrt,koerperschaft,Kath. Kirchengem. Maria Himmelfahrt,,,eigentuemer_cluster,2026-09-22,,
Kath. Kirchengem. Pfarramt,koerperschaft,Kath. Kirchengem. Pfarramt,,,eigentuemer_cluster,2026-09-22,,
Kath. Kirchengem. Schonnebeck,koerperschaft,Kath. Kirchengem. Schonnebeck,kirche_stiftung,ja,christos,2026-09-23,,
Kath. Kirchengem. St. Anna,koerperschaft,Kath. Kirchgemeinde St. Anna,,,eigentuemer_cluster,2026-09-26,,
Kath. Kirchengem. St. Antonius,koerperschaft,Kath. Kirchengem. St. Antonius,kirche_stiftung,ja,christos,2026-09-26,,
Kath. Kirchengem. St. Engelbert,koerperschaft,Kath. Kirchengemeinde St. Engelbert,,,eigentuemer_cluster,2026-09-26,,
Kath. Kirchengem. St. Gertrud,koerperschaft,Kath. Kirchengem. St. Gertrud,,,eigentuemer_cluster,2026-09-22,,
Kath. Kirchengem. St. Hubertus,koerperschaft,Kath. Kirchengem. St. Hubertus,,,eigentuemer_cluster,2026-09-22,,
Kath. Kirchengem. St. Johann-Baptist,koerperschaft,Kath. Kirchengem. St. Johann-Baptist,,,eigentuemer_cluster,2026-09-22,,
Kath. Kirchengem. St. Laurentius,koerperschaft,Kath. Kirchengem. St. Laurentius,,,eigentuemer_cluster,2026-09-22,,
Kath. Kirchengem. St. Mariä Himmelf.,koerperschaft,Kathol. Kirchengemeinde St. Mariä Himmelfahrt,kirche_stiftung,ja,christos,2026-09-26,,
Kath. Kirchengem. St. Michael,koerperschaft,Kathol. Kirchengemeinde St. Michael,,,eigentuemer_cluster,2026-09-26,,
Kath. Kirchengem. St. Stephanus,koerperschaft,Kath. Kirchengem. St. Stephanus,,,eigentuemer_cluster,2026-09-22,,
Kath. Kirchengem. St.johann,koerperschaft,Kath. Kirchengem. St.johann,,,eigentuemer_cluster,2026-09-22,,
"Kath. Kirchengem., Essen Borbeck",koerperschaft,"Kath. Kirchengem., Essen Borbeck",,,eigentuemer_cluster,2026-09-22,,
Kath. Kirchengemeind. Berge-Borbeck,koerperschaft,Kath. Kirchengemeind. Berge-Borbeck,,,eigentuemer_cluster,2026-09-22,,
Kath. Kirchengemeinde Borbeck,koerperschaft,Kath. Kirchengemeinde Borbeck,kirche_stiftung,ja,christos,2026-09-23,,
"Kath. Kirchengemeinde Borbeck, Marienheim",koerperschaft,"Kath. Kirchengemeinde Borbeck, Marienheim",,,eigentuemer_cluster,2026-09-22,,
Kath. Kirchengemeinde Christus-König-Kirche,koerperschaft,Kath. Kirchengemeinde Christus-König-Kirche,,,eigentuemer_cluster,2026-09-22,,
Kath. Kirchengemeinde Essen-Bredeney,koerperschaft,Kath. Kirchengemeinde Essen-Bredeney,kirche_stiftung,ja,christos,2026-09-26,,
Kath. Kirchengemeinde Frillendorf,koerperschaft,Kath. Kirchengemeinde Frillendorf,,,eigentuemer_cluster,2026-09-22,,
Kath. Kirchengemeinde Frintrop,koerperschaft,Kath. Kirchengemeinde ‹Frintrop›,kirche_stiftung,ja,christos,2026-09-23,,
Kath. Kirchengemeinde Marienhaus,koerperschaft,Kath. Kirchengemeinde Marienhaus,kirche_stiftung,ja,christos,2026-09-26,,
Kath. Kirchengemeinde St. Antonius,koerperschaft,Kathol. Kirchengemeinde St. Antonius,kirche_stiftung,ja,christos,2026-09-26,,
Kath. Kirchengemeinde St. Barbara,koerperschaft,Kath. Kirchengem. St. Barbara,kirche_stiftung,ja,christos,2026-09-26,,
Kath. Kirchengemeinde St. Engelbert,koerperschaft,Kath. Kirchengemeinde St. Engelbert,,,eigentuemer_cluster,2026-09-26,,
Kath. Kirchengemeinde St. Georg,koerperschaft,Kath. Kirchengemeinde St. Georg,,,eigentuemer_cluster,2026-09-22,,
Kath. Kirchengemeinde St. Peter,koerperschaft,Kath. Kirchengem. St. Peter,kirche_stiftung,ja,christos,2026-09-23,,
Kath. Kirchengemeinde St.Peter,koerperschaft,Kath. Kirchengem. St. Peter,kirche_stiftung,ja,christos,2026-09-23,,
Kath. Kirchenhemeinde St. Mariä Himmelfahrt,koerperschaft,Kathol. Kirchengemeinde St. Mariä Himmelfahrt,kirche_stiftung,ja,christos,2026-09-26,,
Kath. Kirchgemeinde St. Anna,koerperschaft,Kath. Kirchgemeinde St. Anna,,,eigentuemer_cluster,2026-09-26,,
Kath. Kirchngemeinde St. Elisabeth,koerperschaft,Kath. Kirchngemeinde St. Elisabeth,kirche_stiftung,ja,christos,2026-09-26,,
Kath. Mädchenheim der Salesianerinnen,koerperschaft,Kath. Mädchenheim der Salesianerinnen,,,eigentuemer_cluster,2026-09-22,,
Kath. Männerheim,koerperschaft,Kath. Männerheim,,,eigentuemer_cluster,2026-09-22,,
Kath. Pastorat St.-Anna-Stift,koerperschaft,Kath. Pastorat St.-Anna-Stift,,,eigentuemer_cluster,2026-09-22,,
Kath. Pfarramt Heidhausen,koerperschaft,Kath. Pfarramt Heidhausen,,,eigentuemer_cluster,2026-09-22,,
Kath. Pfarramt St. Engelbert,koerperschaft,Kath. Pfarramt St. Engelbert,,,eigentuemer_cluster,2026-09-22,,
Kath. Pfarrgem.,koerperschaft,Kath. Pfarrgem.,,,eigentuemer_cluster,2026-09-22,,
Kath. Pfarrgem. St. Hubertus,koerperschaft,Kath. Pfarrgem. St. Hubertus,,,eigentuemer_cluster,2026-09-22,,
Kath. Pfarrgem. St. Lambertus,koerperschaft,Kath. Pfarrgem. St. Lambertus,,,eigentuemer_cluster,2026-09-22,,
Kath. Pfarrgemeinde,koerperschaft,Kath. Pfarrgemeinde,,,eigentuemer_cluster,2026-09-22,,
Kath. Pfarrgemeinde (Rellinghausen),koerperschaft,Kath. Pfarrgemeinde (Rellinghausen),,,eigentuemer_cluster,2026-09-22,,
Kath. Pfarrgemeinde Horst,koerperschaft,Kath. Kirchengem. ‹Horst; Freisenbruch›,kirche_stiftung,ja,christos,2026-09-23,,
Kath. Pfarrgemeinde Schönebeck,koerperschaft,Kath. Kirchengemeinde Schönebeck,kirche_stiftung,ja,christos,2026-09-23,,
Kath. Pfarrgemeinde St. Elisabeth,koerperschaft,Kath. Pfarrgemeinde St. Elisabeth,,,eigentuemer_cluster,2026-09-22,,
"Kath. Schule Bedingrade, Stadt Essen",koerperschaft,"Kath. Schule Bedingrade, Stadt Essen",,,eigentuemer_cluster,2026-09-22,,
"Kath. Schule III, Stadt Essen",koerperschaft,"Kath. Schule III, Stadt Essen",,,eigentuemer_cluster,2026-09-22,,
"Kath. Schule XII, Stadt Essen",koerperschaft,"Kath. Schule XII, Stadt Essen",,,eigentuemer_cluster,2026-09-22,,
"Kath. Stifts- Waisenhaus, Steele",koerperschaft,"Kath. Stifts- Waisenhaus, Steele",,,eigentuemer_cluster,2026-09-22,,
"Kath. Volksschule IV, Stadt Essen",koerperschaft,"Kath. Volksschule IV, Stadt Essen",,,eigentuemer_cluster,2026-09-22,,
Kath. apostol. Kirchenbau-Verein,koerperschaft,Kath. apostol. Kirchenbau-Verein,,,eigentuemer_cluster,2026-09-22,,
Kathol. Elisabeth-Krankenhaus,koerperschaft,Kathol. Elisabeth-Krankenhaus,,,eigentuemer_cluster,2026-09-22,,
Kathol. Kirchengem.,koerperschaft,Kathol. Kirchengem.,,,eigentuemer_cluster,2026-09-22,,
Kathol. Kirchengem. St. Andreas,koerperschaft,Kath. Kirchengem. St. Andreas,kirche_stiftung,ja,christos,2026-09-23,,
Kathol. Kirchengemeinde Herz Jesu,koerperschaft,Kath. Kirchengem. Herz-Jesu,kirche_stiftung,ja,christos,2026-09-26,,
Kathol. Kirchengemeinde St. Antonius,koerperschaft,Kathol. Kirchengemeinde St. Antonius,kirche_stiftung,ja,christos,2026-09-26,,
Kathol. Kirchengemeinde St. Marien,koerperschaft,Pfarre St. Marien,kirche_stiftung,ja,christos,2026-09-23,,
Kathol. Kirchengemeinde St. Mariä Himmelfahrt,koerperschaft,Kathol. Kirchengemeinde St. Mariä Himmelfahrt,kirche_stiftung,ja,christos,2026-09-26,,
Kathol. Kirchengemeinde St. Mariä-Himmelfahrt,koerperschaft,Kathol. Kirchengemeinde St. Mariä-Himmelfahrt,,,eigentuemer_cluster,2026-09-22,,
Kathol. Kirchengemeinde St. Michael,koerperschaft,Kathol. Kirchengemeinde St. Michael,,,eigentuemer_cluster,2026-09-26,,
Kathol. Kirchengemeinde St. Peter,koerperschaft,Kath. Kirchengem. St. Peter,kirche_stiftung,ja,christos,2026-09-23,,
Kathol. Pfarrgemeinde St. Ludgerus,koerperschaft,Kathol. Pfarrgemeinde St. Ludgerus,,,eigentuemer_cluster,2026-09-22,,
Katholische Kirchengemeinde,koerperschaft,Kathol. Kirchengem.,,,eigentuemer_cluster,2026-09-23,,
Kettwiger Str. Grundbesges. m. b. H.,koerperschaft,Kettwiger Str. Grundbesges. m. b. H.,,,eigentuemer_cluster,2026-09-22,,
"Kettwiger Straße-Grundbesitz, G.m.b.H.",koerperschaft,Kettwiger Straße-Grundbesitz GmbH,,,eigentuemer_cluster,2026-09-22,,
"Kleffmann, F., Getreide-Großhdlg.",koerperschaft,"Kleffmann, F., Getreide-Großhdlg.",,,eigentuemer_cluster,2026-09-22,,
"Klein & Co., G. m. b. H., Papiersortierwerke",koerperschaft,"Klein & Co. GmbH , Papiersortierwerke",,,eigentuemer_cluster,2026-09-22,,
"Klein, G. m. b. H., D. A., Manufakturwr.",koerperschaft,"Klein GmbH , D. A., Manufakturwr.",,,eigentuemer_cluster,2026-09-22,,
Kleinhaussied. Ess.-Altendorf,koerperschaft,Kleinhaussiedlung Essen-Altendorf,genossenschaft_siedlung,ja,christos,2026-09-23,,
Kleinhaussiedlung Essen,koerperschaft,Kleinhaussiedlung Essen-Altendorf,genossenschaft_siedlung,ja,christos,2026-09-23,,
Kleinwohnbau d. Kinderreich.,koerperschaft,Kleinwohnbau d. Kinderreich.,genossenschaft_siedlung,ja,christos,2026-09-26,,
"Kleinwohnungsbau, gem. G.m.b.H.",koerperschaft,Kleinwohnungsbau gGmbH,genossenschaft_siedlung,ja,christos,2026-09-23,"recherchieren: später auch ""Kleinwohnungsbau Krupp gGmbH""?",
Kleinwohnungsbauges. m.b.H.,koerperschaft,Kleinwohnungsbau gGmbH,genossenschaft_siedlung,ja,christos,2026-09-23,"recherchieren: später auch ""Kleinwohnungsbau Krupp gGmbH""?",
Kleinwohnungsgen. Feldhaushof e. G. m. b. H.,koerperschaft,Kleinwohnungsgenossenschaft Feldhaushof eGmbH,genossenschaft_siedlung,ja,christos,2026-09-23,,
"Kloh & Stockebrand, Baugesch.",koerperschaft,"Kloh & Stockebrand, Baugesch.",,,eigentuemer_cluster,2026-09-22,,
Kloster Maria Hilf,koerperschaft,Kloster Maria Hilf,,,eigentuemer_cluster,2026-09-22,,
Kloster der regulierten Chorfrauen vom hl. Augustinus,koerperschaft,Kloster der regulierten Chorfrauen vom hl. Augustinus,,,eigentuemer_cluster,2026-09-22,,
"Klöckner & Co., G. m. b. H.",koerperschaft,Klöckner & Co. GmbH,,,eigentuemer_cluster,2026-09-22,,
Kohlenhandelsges. (Dortmund),koerperschaft,Kohlenhandelsges. (Dortmund),,,eigentuemer_cluster,2026-09-22,,
"Kohlensäurewerk, Gewerksch. Stadt Elberfeld",koerperschaft,"Kohlensäurewerk, Gewerksch. Stadt Elberfeld",,,eigentuemer_cluster,2026-09-22,,
Konsum-Verein Eintracht G.m.b.h.,koerperschaft,"Konsumverein ""Eintracht""",genossenschaft_siedlung,ja,christos,2026-09-26,,
"Konsumverein ""Wohlfahrt""",koerperschaft,"Konsumverein ""Wohlfahrt""",,,eigentuemer_cluster,2026-09-22,,
"Koppers, G.m.b.H.",koerperschaft,Koppers GmbH,,,eigentuemer_cluster,2026-09-22,,
"Koppers, H., A.-G.",koerperschaft,"Koppers, H. AG",,,eigentuemer_cluster,2026-09-22,,
"Koppers, H., A. G., Unternehm.",koerperschaft,"Koppers, H. AG , Unternehm.",,,eigentuemer_cluster,2026-09-22,,
"Korte, Gebr., Sägewerk",koerperschaft,"Korte, Gebr., Sägewerk",,,eigentuemer_cluster,2026-09-22,,
"Kortebusch & Ritterswürden, Bauunternehm.",koerperschaft,"Kortebusch & Ritterswürden, Bauunternehm.",industrie,ja,christos,2026-09-26,,
"Kortebusch & Ritterswürden, Hausbes.",koerperschaft,"Kortebusch & Ritterswürden, Hausbes.",,,eigentuemer_cluster,2026-09-22,,
Kraftwagenhandelsges. m. b. H.,koerperschaft,Kraftwagenhandelsges. m. b. H.,,,eigentuemer_cluster,2026-09-22,,
"Kramm, A. G., Möbelhaus",koerperschaft,"Kramm AG , Möbelhaus",,,eigentuemer_cluster,2026-09-22,,
Krankenhausbauverein. St.-Josephs-Krankenhaus,koerperschaft,Krankenhausbauverein. St.-Josephs-Krankenhaus,,,eigentuemer_cluster,2026-09-22,,
Krankenpflege Aachen,koerperschaft,Krankenpflege Aachen,,,eigentuemer_cluster,2026-09-22,,
Krankenpflege-Anstalt d. Barmherz. Schwestern v. Orden d. Heil. Elisabeth zu Essen,koerperschaft,Krankenpflege-Anstalt d. Barmherz. Schwestern v. Orden d. Heil. Elisabeth zu Essen,,,eigentuemer_cluster,2026-09-22,,
Krankenpflege-Anstalt d. barmherzigen Schwestern zu Essen,koerperschaft,Krankenpflege-Anstalt d. barmherzigen Schwestern zu Essen,,,eigentuemer_cluster,2026-09-22,,
Krayer Baugen. Heimstätte,koerperschaft,Krayer Baugen. Heimstätte,,,eigentuemer_cluster,2026-09-22,,
Krayer Baugen. Heimstätte e. G. m. b. H.,koerperschaft,Krayer Baugen. Heimstätte eGmbH,genossenschaft_siedlung,ja,christos,2026-09-26,,
"Krayer Baugenossensch. ""Heimstätte""  e. G. m. b. H",koerperschaft,"Krayer Baugenossensch. ""Heimstätte"" eGmbH",,,eigentuemer_cluster,2026-09-22,,
Kreishandwerkerschaft,koerperschaft,Kreishandwerkerschaft,,,eigentuemer_cluster,2026-09-22,,
Kreisinnung f. d. Bäckerhandwerk v. Groß-Essen,koerperschaft,Kreisinnung f. d. Bäckerhandwerk v. Groß-Essen,,,eigentuemer_cluster,2026-09-22,,
Kreisverband d. evgl. Frauenhilfe,koerperschaft,Kreisverband d. evgl. Frauenhilfe,,,eigentuemer_cluster,2026-09-22,,
"Krombach & Herzfeld, Rechtsanwälte",koerperschaft,"Krombach & Herzfeld, Rechtsanwälte",,,eigentuemer_cluster,2026-09-22,,
Kronen-Brauerei Aktien-Ges.,koerperschaft,Kronen-Brauerei Aktien-Ges.,,,eigentuemer_cluster,2026-09-22,,
Krupp von Bohlen u. Halbachsche Verw.,koerperschaft,Krupp von Bohlen u. Halbachsche Verw.,privatperson,ja,christos,2026-09-26,Familie Krupp,
Kruppsche Verwaltung,koerperschaft,Kruppsche Verwaltung,,,eigentuemer_cluster,2026-09-22,,
"Köllmann, H. Metzgerei",koerperschaft,"Köllmann, H. Metzgerei",,,eigentuemer_cluster,2026-09-22,,
Köln Neuessener Bergw. Verein,koerperschaft,Köln Neuessener Bergw. Verein,,,eigentuemer_cluster,2026-09-22,,
Köln-Neuessen A.-G.,koerperschaft,Hoesch Köln-Neuessen AG,industrie,ja,christos,2026-09-26,,
Köln-Neuessener Bergwerks A. G.,koerperschaft,Köln-Neuessener Bergwerks AG,,,eigentuemer_cluster,2026-09-22,,
Kölner Aktienges. für Krankenpflege zu Köln,koerperschaft,Kölner Aktienges. für Krankenpflege zu Köln,,,eigentuemer_cluster,2026-09-22,,
Kölner Bank,koerperschaft,Kölner Bank,,,eigentuemer_cluster,2026-09-22,,
Kölnische Boden A.G. (Köln),koerperschaft,Kölnische Boden AG (Köln),,,eigentuemer_cluster,2026-09-22,,
"Kölnische Boden-Act.-Ges., Köln",koerperschaft,"Kölnische Boden-Act.-Ges., Köln",,,eigentuemer_cluster,2026-09-22,,
"Köster, E., Deutsche Beamt. Eink. A.-G.",koerperschaft,"Köster, E., Deutsche Beamt. Eink. AG",,,eigentuemer_cluster,2026-09-22,,
"L'hoest A.G., Straßenbau",koerperschaft,"L'hoest AG , Straßenbau",,,eigentuemer_cluster,2026-09-22,,
"L. Hosse, Nachf., Bergwerks- u. Hüttenbedarf",koerperschaft,"L. Hosse, Nachf., Bergwerks- u. Hüttenbedarf",,,eigentuemer_cluster,2026-09-22,,
"L. Stein, Nachf., Lebensmittel",koerperschaft,"L. Stein, Nachf., Lebensmittel",,,eigentuemer_cluster,2026-09-22,,
Landesbank Düsseldorf,koerperschaft,Landesbank Düsseldorf,,,eigentuemer_cluster,2026-09-22,,
"Landespolizei, Abtg. Essen",koerperschaft,"Landespolizei, Abtg. Essen",stadt_staat,ja,christos,2026-09-26,,
Landesvers. d. Rheinprovinz,koerperschaft,Landesvers. d. Rhpr.,,,christos,2026-09-26,,
Landesversicherung,koerperschaft,Landesversicherung,,,eigentuemer_cluster,2026-09-22,,
Landw. Konsum-Verein Meisenburg G.m.b.h.,koerperschaft,Landw. Konsum-Verein Meisenburg GmbH,,,eigentuemer_cluster,2026-09-22,,
"Langensiepen & Baetzel, Glasgroßhdlg.",koerperschaft,"Langensiepen & Baetzel, Glasgroßhdlg.",,,eigentuemer_cluster,2026-09-22,,
Laurentius-Hospital,koerperschaft,Laurentius-Hospital,,,eigentuemer_cluster,2026-09-22,,
Lennermannsche Erb.,koerperschaft,Lennermannsche Erb.,,,eigentuemer_cluster,2026-09-22,,
"Lenzen & Sohn, G. M. b. H.",koerperschaft,Lenzen & Sohn GmbH,industrie,ja,christos,2026-09-26,,
"Lichtspieltheater ""Lito""",koerperschaft,"Lichtspieltheater ""Lito""",,,eigentuemer_cluster,2026-09-22,,
"Loge ""Glückauf""",koerperschaft,"Loge ""Glückauf""",,,eigentuemer_cluster,2026-09-22,,
Lohmann A.-G. Verbandstoffbrk.,koerperschaft,Lohmann A.-G. Verbandstoffbrk.,,,eigentuemer_cluster,2026-09-22,,
"Lohmann A.-G., vorm. Lüscher & Bömper, A. G., Verbaundsstoff-Fabrik",koerperschaft,"Lohmann AG , vorm. Lüscher & Bömper AG , Verbaundsstoff-Fabrik",,,eigentuemer_cluster,2026-09-22,,
"Ludewig, G. m. b. H., Gebr., Karosseriefabrk.",koerperschaft,"Ludewig GmbH , Gebr., Karosseriefabrk.",industrie,ja,christos,2026-09-26,,
"Ludgerushaus Gesellschaft, m.b.H.",koerperschaft,"Ludgerushaus Gesellschaft, m.b.H.",,,eigentuemer_cluster,2026-09-22,,
Luther-Stiftung,koerperschaft,Luther-Stiftung,,,eigentuemer_cluster,2026-09-22,,
"Luttkau & Co., Gerüstbau",koerperschaft,"Luttkau & Co., Gerüstbau",,,eigentuemer_cluster,2026-09-22,,
"Löwi & Blau, Antiquität.",koerperschaft,"Löwi & Blau, Antiquität.",,,eigentuemer_cluster,2026-09-22,,
"Löwy & Blau, Antiquität",koerperschaft,"Löwy & Blau, Antiquität",,,eigentuemer_cluster,2026-09-22,,
Lührmannstiftung,koerperschaft,Lührmannstiftung,,,eigentuemer_cluster,2026-09-22,,
"Lürding & Büttner, Hüttenbed.",koerperschaft,"Lürding & Büttner, Hüttenbed.",,,eigentuemer_cluster,2026-09-22,,
"M. Cosmann, Eisen- u. Metall A.G.",koerperschaft,"M. Cosmann, Eisen- u. Metall AG",,,eigentuemer_cluster,2026-09-22,,
"M. Krumbach, G.m.b.H.",koerperschaft,M. Krumbach GmbH,,,eigentuemer_cluster,2026-09-22,,
"M. S. N. Aufzugswerk Essen, M. Schmitt & Sohn G.m.b.H.",koerperschaft,"M. S. N. Aufzugswerk Essen, M. Schmitt & Sohn GmbH",,,eigentuemer_cluster,2026-09-22,,
"M. Stern A. -G., Eisengroßhdlg.",koerperschaft,"M. Stern AG , Eisengroßhdlg.",,,eigentuemer_cluster,2026-09-22,,
Magdalenenverein,koerperschaft,Magdalenenverein,,,eigentuemer_cluster,2026-09-22,,
Maler-Einkaufs- u. Werksgen. e.G.m.b.H,koerperschaft,Maler-Einkaufs- u. Werksgen. eGmbH,,,eigentuemer_cluster,2026-09-22,,
"Malex, Margarine Lagerungs- u. Exped. G.m.b.H.",koerperschaft,"Malex, Margarine Lagerungs- u. Exped. GmbH",,,eigentuemer_cluster,2026-09-22,,
Mannesmannröhr. Werke,koerperschaft,Mannesmannröhr. Werke,,,eigentuemer_cluster,2026-09-22,,
Marburger Tabetenfabrk. J. B. Schäfer,koerperschaft,Marburger Tabetenfabrk. J. B. Schäfer,,,eigentuemer_cluster,2026-09-22,,
Mart.-Wilh.-Waldthausen-Stiftung,koerperschaft,Mart.-Wilh.-Waldthausen-Stiftung,,,eigentuemer_cluster,2026-09-22,,
Martin-Wilhelm-Waldthausen-Stiftung,koerperschaft,Martin-Wilhelm-Waldthausen-Stiftung,,,eigentuemer_cluster,2026-09-22,,
Maschinenbau-Unternehmg. AG.,koerperschaft,Maschinenbau-Unternehmg. AG,,,eigentuemer_cluster,2026-09-22,,
"Maschinenfabrk. Augsburg-Nürnberg, A.G.",koerperschaft,Maschinenfabrk. Augsburg-Nürnberg AG,,,eigentuemer_cluster,2026-09-22,,
"Meyer & Windmüller, Bankgeschäft",koerperschaft,"Meyer & Windmüller, Bankgeschäft",,,eigentuemer_cluster,2026-09-22,,
"Michiels, Gebr., Holzwrfabrik",koerperschaft,"Michiels, Gebr., Holzwrfabrik",,,eigentuemer_cluster,2026-09-22,,
Mielewerke A. -G.,koerperschaft,Mielewerke AG,,,eigentuemer_cluster,2026-09-22,,
"Milchkannenfabrik, G.m.b.H.",koerperschaft,Milchkannenfabrik GmbH,,,eigentuemer_cluster,2026-09-22,,
Milchversorgungs Ges. G. M. b. H.,koerperschaft,Milchversorgungs Ges. GmbH,,,eigentuemer_cluster,2026-09-22,,
Milchversorgungsges. m. b. H.,koerperschaft,Milchversorgungsges. m. b. H.,,,eigentuemer_cluster,2026-09-22,,
"Mischorr, F., Hühnerfarm",koerperschaft,"Mischorr, F., Hühnerfarm",,,eigentuemer_cluster,2026-09-22,,
Molkereizentrale  G.m.b.h.,koerperschaft,Molkereizentrale GmbH,,,eigentuemer_cluster,2026-09-22,,
Molkereizentrale f. Westdeutschl. G.m.b.h.,koerperschaft,Molkereizentrale f. Westdeutschl. GmbH,,,eigentuemer_cluster,2026-09-22,,
Montan. Akt. Ges.,koerperschaft,Montan. Akt. Ges.,,,eigentuemer_cluster,2026-09-22,,
Montana-Transport A.G.,koerperschaft,Montana-Transport AG,,,eigentuemer_cluster,2026-09-22,,
"Mädchenschule Borbeck III, Stadt Essen",koerperschaft,"Mädchenschule Borbeck III, Stadt Essen",,,eigentuemer_cluster,2026-09-22,,
Mülb. Bergw. Verein,koerperschaft,Mülb. Bergw. Verein,,,eigentuemer_cluster,2026-09-22,,
Mülh. Berg. Verein,koerperschaft,Mühlheimer Bergwerks-Verein,bergbau,ja,christos,2026-09-23,,
Mülh. Bergwerks-Ver.,koerperschaft,Mühlheimer Bergwerks-Verein,bergbau,ja,christos,2026-09-23,,
Mülheiemr Bergwerksverein,koerperschaft,Mülheiemr Bergwerksverein,,,eigentuemer_cluster,2026-09-22,,
Mülheim-Borbecker Bergmannssiedlung,koerperschaft,Mülheim-Borbecker Bergmannssiedlung,,,eigentuemer_cluster,2026-09-22,,
"Nachtklub ""Ruhrland"" a. V.",koerperschaft,"Nachtklub ""Ruhrland"" a. V.",,,eigentuemer_cluster,2026-09-22,,
"Narjes & Bender, G.m.b.h., Portl. Zementfbrk.",koerperschaft,Narjes & Bender GmbH,industrie,ja,christos,2026-09-26,,
National-Zeitung,koerperschaft,National-Zeitung,,,eigentuemer_cluster,2026-09-22,,
"National-Zeitungs-Verlag, G.m.b.H.",koerperschaft,National-Zeitungs-Verlag GmbH,,,eigentuemer_cluster,2026-09-22,,
Nationalbank,koerperschaft,National-Bank AG,bank_versicherung,ja,christos,2026-09-26,,
Nationale Automobilges.,koerperschaft,Nationale Automobilges.,,,eigentuemer_cluster,2026-09-22,,
Neuapostol. Gemeinde e. V.,koerperschaft,Neuapostol. Gemeinde e. V.,,,eigentuemer_cluster,2026-09-22,,
Neue Apostolische Gemeinde,koerperschaft,Neue Apostolische Gemeinde,,,eigentuemer_cluster,2026-09-22,,
"Neumann & Co., B., Schlüsselfbrk.",koerperschaft,"Neumann & Co., B., Schlüsselfbrk.",,,eigentuemer_cluster,2026-09-22,,
Niedermarsberger Spar- u. Darlehen Versich.,koerperschaft,Niedermarsberger Spar- u. Darlehen Versich.,,,eigentuemer_cluster,2026-09-22,,
Nordgaragen Müller,koerperschaft,Nordgaragen Müller,,,eigentuemer_cluster,2026-09-22,,
Nordstern Allg. Vers. A.G.,koerperschaft,Nordstern Allg. Vers. AG,,,eigentuemer_cluster,2026-09-22,,
Nordstern Grundstücksverwaltg.,koerperschaft,Nordstern Grundstücksverwaltg.,,,eigentuemer_cluster,2026-09-22,,
Nürnberger Bund Großeinkaufs-Verband,koerperschaft,Nürnberger Bund Großeinkaufs-Verband,,,eigentuemer_cluster,2026-09-22,,
O. R. C. A.,koerperschaft,O. R. C. A.,,,eigentuemer_cluster,2026-09-22,,
Oberpostdirektion Düsseldorf,koerperschaft,Oberpostdirektion Düsseldorf,,,eigentuemer_cluster,2026-09-22,,
Oblatenkloster,koerperschaft,Oblatenkloster,,,eigentuemer_cluster,2026-09-22,,
Obsthdlg.,koerperschaft,Obsthdlg.,,,eigentuemer_cluster,2026-09-22,,
Ortskrankenkasse Allg. Ess.-Kray,koerperschaft,Ortskrankenkasse Allg. Ess.-Kray,,,eigentuemer_cluster,2026-09-22,,
"Ostermannsche Drahtwerke, G.m.b.H.",koerperschaft,Ostermannsche Drahtwerke GmbH,,,eigentuemer_cluster,2026-09-22,,
"Overbeck & Weller, Herrengarderobe",koerperschaft,"Overbeck & Weller, Herrengarderobe",,,eigentuemer_cluster,2026-09-22,,
"Overbeck & Weller, Herrenkonfektion",koerperschaft,"Overbeck & Weller, Herrenkonfektion",,,eigentuemer_cluster,2026-09-22,,
Paddelfreunde,koerperschaft,Paddelfreunde,,,eigentuemer_cluster,2026-09-22,,
"Papiersortieranstalt Klein & Comp., GmbH",koerperschaft,Papiersortieranstalt Klein & Comp. GmbH,,,eigentuemer_cluster,2026-09-22,,
Park-Hotel-Ges.,koerperschaft,Park-Hotel-Ges.,,,eigentuemer_cluster,2026-09-22,,
Pfarre St. Marien,koerperschaft,Pfarre St. Marien,kirche_stiftung,ja,christos,2026-09-23,,
Pfarrgem. St. Johannes,koerperschaft,Pfarrgem. St. Johannes,,,eigentuemer_cluster,2026-09-22,,
Pfarrgemeinde St. Gertrudis,koerperschaft,Pfarrgemeinde St. Gertrudis,,,eigentuemer_cluster,2026-09-22,,
Pfarrgemeinde St. Johann,koerperschaft,Pfarrgem. St. Johannes,,,eigentuemer_cluster,2026-09-23,,
Pflegeheim d. barmherz. Schwestern v. St. Elisabeth,koerperschaft,Pflegeheim d. barmherz. Schwestern v. St. Elisabeth,,,eigentuemer_cluster,2026-09-22,,
Phönix-Brauerei,koerperschaft,Phönix Brauerei GmbH,industrie,ja,christos,2026-09-22,,
"Phönix-Brauerei G.m.b.h., Essen",koerperschaft,Phönix Brauerei GmbH,industrie,ja,christos,2026-09-22,,
"Pollerberg, gen. Lange, Baugesch.",koerperschaft,"Pollerberg, gen. Lange, Baugesch.",,,eigentuemer_cluster,2026-09-22,,
Postamt Essen-West IV.,koerperschaft,Postamt Essen-West IV.,,,eigentuemer_cluster,2026-09-22,,
Postsportverein,koerperschaft,Postsportverein,,,eigentuemer_cluster,2026-09-22,,
Preuß. Beamt. Lebensverf. Verein,koerperschaft,Preuß. Beamt. Lebensverf. Verein,,,eigentuemer_cluster,2026-09-22,,
Preuß. Beamt. Verein,koerperschaft,Preuß. Beamt. Verein,,,eigentuemer_cluster,2026-09-22,,
Preuß. Beamten-Verein,koerperschaft,Preuß. Beamten-Verein,,,eigentuemer_cluster,2026-09-22,,
Preuß. Beamten-Verein Lebensvers.,koerperschaft,Preuß. Beamten-Verein Lebensvers.,,,eigentuemer_cluster,2026-09-22,,
Preuß. Beamtenver.,koerperschaft,Preuß. Beamtenver.,,,eigentuemer_cluster,2026-09-22,,
Preuß. Fiskus,koerperschaft,Preuß. Fiskus,,,eigentuemer_cluster,2026-09-22,,
"Preuß. Landespfandbriefanstalt, Zweigst.",koerperschaft,"Preuß. Landespfandbriefanstalt, Zweigst.",,,eigentuemer_cluster,2026-09-22,,
"Preuß. Staatsfiskus, Staatl. Gymnasium",koerperschaft,"Preuß. Staatsfiskus, Staatl. Gymnasium",,,eigentuemer_cluster,2026-09-22,,
Preußischer Beamtenverein,koerperschaft,Preußischer Beamtenverein,,,eigentuemer_cluster,2026-09-22,,
Preßwerk A.G.,koerperschaft,Preßwerk AG,,,eigentuemer_cluster,2026-09-22,,
Prov. Feuervers. Anst. d. Rheinprovinz,koerperschaft,Prov. Feuervers. Anst. d. Rheinprovinz,,,eigentuemer_cluster,2026-09-22,,
Provinzial-Taubstummenanstalt Essen,koerperschaft,Provinzial-Taubstummenanstalt Essen,,,eigentuemer_cluster,2026-09-22,,
Pötter & Schütze,koerperschaft,Pötter & Schütze,,,eigentuemer_cluster,2026-09-22,,
"R. Gerling & Co., G.m.b.H., Versichergen.",koerperschaft,"R. Gerling & Co. GmbH , Versichergen.",,,eigentuemer_cluster,2026-09-22,,
"R. Karstadt A.-G., Warenhaus",koerperschaft,"R. Karstadt AG , Warenhaus",industrie,ja,christos,2026-09-26,,
R. W. E. Abteilung Borkeck,koerperschaft,R. W. E. Abteilung Borkeck,,,eigentuemer_cluster,2026-09-22,,
Raab Karcher G.m.b.H.,koerperschaft,Raab Karcher GmbH,,,eigentuemer_cluster,2026-09-22,,
"Raab Karcher G.m.b.H., Kohlengroßhdlg.",koerperschaft,"Raab Karcher GmbH , Kohlengroßhdlg.",,,eigentuemer_cluster,2026-09-22,,
Reichs Finanzverwaltung,koerperschaft,Reichs Finanzverwaltung,,,eigentuemer_cluster,2026-09-22,,
Reichsbahndirektion,koerperschaft,Reichsbahndirektion,,,eigentuemer_cluster,2026-09-22,,
Reichsbank Reichsbankstelle,koerperschaft,Reichsbank Reichsbankstelle,,,eigentuemer_cluster,2026-09-22,,
Reichsfinanzverwaltg.,koerperschaft,Reichsfinanzverwaltg.,,,eigentuemer_cluster,2026-09-22,,
Reichsfinanzverwltg.,koerperschaft,Reichsfinanzverwltg.,,,eigentuemer_cluster,2026-09-22,,
Reichsinnungsverband d. Baugewerkes Bez. Westf.,koerperschaft,Reichsinnungsverband d. Baugewerkes Bez. Westf.,,,eigentuemer_cluster,2026-09-22,,
"Reichspost-Verwalt. Postamt, Essen-Borbeck",koerperschaft,Deutsche Reichspost,stadt_staat,ja,christos,2026-09-23,,
Reichspostverwaltg.,koerperschaft,Deutsche Reichspost,stadt_staat,ja,christos,2026-09-23,,
"Reichspostverwaltung, Hauptpostamt",koerperschaft,Deutsche Reichspost,stadt_staat,ja,christos,2026-09-23,,
"Reichspostverwaltung, Postamt Essen.dellwig",koerperschaft,Deutsche Reichspost,stadt_staat,ja,christos,2026-09-23,,
Reichspostverwltg.,koerperschaft,Deutsche Reichspost,stadt_staat,ja,christos,2026-09-23,,
Reichsvermögensverwaltg.,koerperschaft,Reichsvermögensverwaltg.,,,eigentuemer_cluster,2026-09-22,,
"Reismann-Crone, G. M. b. H., Buchruckerei",koerperschaft,"Reismann-Crone GmbH , Buchruckerei",,,eigentuemer_cluster,2026-09-22,,
"Rempe, G. M. b. H., Gebr., Straßenbau",koerperschaft,"Rempe GmbH , Gebr., Straßenbau",,,eigentuemer_cluster,2026-09-22,,
Renoldische Erb.,koerperschaft,Renoldische Erb.,,,eigentuemer_cluster,2026-09-22,,
"Restaurant ""Margarethental""",koerperschaft,"Restaurant ""Margarethental""",,,eigentuemer_cluster,2026-09-22,,
Rh. -Westf. Elektriziätswerk A. G.,koerperschaft,Rheinisch-Westflisches Elektrizitätswerk AG (RWE),industrie,ja,christos,2026-09-23,,
Rh. Westf. Gem. Baugen.,koerperschaft,Rh. Westf. Gem. Baugen.,genossenschaft_siedlung,ja,christos,2026-09-26,,
Rhein. Bauernstand,koerperschaft,Rhein. Bauernstand,,,eigentuemer_cluster,2026-09-22,,
Rhein. Eisenkontor G. M. b. H.,koerperschaft,Rhein. Eisenkontor GmbH,,,eigentuemer_cluster,2026-09-22,,
Rhein. Hammerwerke G.m.b.h.,koerperschaft,Rhein. Hammerwerke GmbH,,,eigentuemer_cluster,2026-09-22,,
Rhein. Prov. Verband,koerperschaft,Rhein. Prov. Verband,,,eigentuemer_cluster,2026-09-22,,
Rhein. Stahlw. Essen,koerperschaft,Rheinische Stahlwerke AG,industrie,ja,christos,2026-09-23,,
Rhein. Westf. Baugen. (Osterfeld),koerperschaft,Rheinisch-Westfälische gem. Baugenossenschaft,genossenschaft_siedlung,ja,christos,2026-09-23,keine einschlägigen Informationen gefunden,
Rhein. Westf. Elektr. Werk A. G.,koerperschaft,Rheinisch-Westflisches Elektrizitätswerk AG (RWE),industrie,ja,christos,2026-09-23,,
Rhein. Westf. Elektrizitätsges.,koerperschaft,Rheinisch-Westflisches Elektrizitätswerk AG (RWE),industrie,ja,christos,2026-09-23,,
Rhein. Westf. Gem. Baugen. m.b.h.,koerperschaft,Rheinisch-Westfälische gem. Baugenossenschaft,genossenschaft_siedlung,ja,christos,2026-09-23,keine einschlägigen Informationen gefunden,
Rhein. Westf. Gem. Baugenossenschft e. G. m. b. H.,koerperschaft,Rheinisch-Westfälische gem. Baugenossenschaft,genossenschaft_siedlung,ja,christos,2026-09-23,keine einschlägigen Informationen gefunden,
Rhein. Westf. Gemein. Baugenossensch.,koerperschaft,Rheinisch-Westfälische gem. Baugenossenschaft,genossenschaft_siedlung,ja,christos,2026-09-23,keine einschlägigen Informationen gefunden,
Rhein. Westf. Wasserw. Gesellsch.,koerperschaft,Rhein. Westf. Wasserw. Gesellsch.,,,eigentuemer_cluster,2026-09-22,,
Rhein. Westf. gem. Baugen.,koerperschaft,Rheinisch-Westfälische gem. Baugenossenschaft,genossenschaft_siedlung,ja,christos,2026-09-23,keine einschlägigen Informationen gefunden,
Rhein. Westf. gemeinn.Baugen. e.G.m.b.H.,koerperschaft,Rheinisch-Westfälische gem. Baugenossenschaft,genossenschaft_siedlung,ja,christos,2026-09-23,keine einschlägigen Informationen gefunden,
Rhein. Westf. gemeinnütz. Baugen. e. G.m.b.H.,koerperschaft,Rheinisch-Westfälische gem. Baugenossenschaft,genossenschaft_siedlung,ja,christos,2026-09-23,keine einschlägigen Informationen gefunden,
Rhein. Westfäl. Bauges. m. b. H.,koerperschaft,Rhein. Westfäl. Bauges. m. b. H.,,,eigentuemer_cluster,2026-09-22,,
Rhein. Wohnungsbau,koerperschaft,Rhein. Wohnungsbau GmbH,genossenschaft_siedlung,ja,christos,2026-09-26,,
Rhein.-Westf. Baugenossenschaft Osterfeld,koerperschaft,Rhein.-Westf. Baugenossenschaft Osterfeld,,,eigentuemer_cluster,2026-09-22,,
"Rhein.-Westf. Elektr.-Werke, A.-G.",koerperschaft,Rheinisch-Westflisches Elektrizitätswerk AG (RWE),industrie,ja,christos,2026-09-23,,
Rhein.-Westf. Elekzitätswerk,koerperschaft,Rheinisch-Westflisches Elektrizitätswerk AG (RWE),industrie,ja,christos,2026-09-23,,
Rhein.-Westf. Gem. Baugenossensch.,koerperschaft,Rhein.-Westf. Gem. Baugenossensch.,,,eigentuemer_cluster,2026-09-22,,
Rhein.-Westf. Kleinbahn-Ges.,koerperschaft,Rhein.-Westf. Kleinbahn-Ges.,,,eigentuemer_cluster,2026-09-22,,
Rheinisch-Westfälisch. Kohlensyndikat,koerperschaft,Rheinisch-Westfälisch. Kohlensyndikat,,,eigentuemer_cluster,2026-09-22,,
Rheinisch-Westfälisches Kohlensyndikat,koerperschaft,Rheinisch-Westfälisches Kohlensyndikat,,,eigentuemer_cluster,2026-09-22,,
Rheinische Hammerwerke G.m.b.h.,koerperschaft,Rheinische Hammerwerke GmbH,,,eigentuemer_cluster,2026-09-22,,
Rheinische Mission,koerperschaft,Rheinische Mission,,,eigentuemer_cluster,2026-09-22,,
"Rheinische Stahlwerke, Abtg. Arenberg",koerperschaft,Rheinische Stahlwerke AG,industrie,ja,christos,2026-09-23,,
Rheinische Wohnungsbau G.m.b.H.,koerperschaft,Rheinische Wohnungsbau GmbH,,,eigentuemer_cluster,2026-09-22,,
Rheinische Wohnungsbauges. m. b. H.,koerperschaft,Rheinische Wohnungsbauges. m. b. H.,,,eigentuemer_cluster,2026-09-22,,
"Rheinischer Dampfkessel-Überwachungsverein, Düsseldorf",koerperschaft,"Rheinischer Dampfkessel-Überwachungsverein, Düsseldorf",,,eigentuemer_cluster,2026-09-22,,
Rheinland Spar- u. Baugenossenschaft,koerperschaft,Rheinland Spar- u. Baugenossenschaft,,,eigentuemer_cluster,2026-09-22,,
"Risch & Co., K. Baumaterialiengroßhdlg.",koerperschaft,"Risch & Co., K. Baumaterialiengroßhdlg.",,,eigentuemer_cluster,2026-09-22,,
Ritterbrauerei Dortmund,koerperschaft,Ritterbrauerei Dortmund,,,eigentuemer_cluster,2026-09-22,,
"Rode & Wing, Hausbes.",koerperschaft,"Rode & Wing, Hausbes.",,,eigentuemer_cluster,2026-09-22,,
"Roland, A. G., chem. Fabrik",koerperschaft,"Roland AG , chem. Fabrik",,,eigentuemer_cluster,2026-09-22,,
"Ronge & Wulf, Matratzenfabrk.",koerperschaft,"Ronge & Wulf, Matratzenfabrk.",,,eigentuemer_cluster,2026-09-22,,
Rose-Brauerei,koerperschaft,Rose-Brauerei,,,eigentuemer_cluster,2026-09-22,,
"Rosendahl & Bachrach, A. G.",koerperschaft,Rosendahl & Bachrach AG,,,eigentuemer_cluster,2026-09-22,,
"Ruhrknappschaft, Bochum, Zahlstelle",koerperschaft,"Ruhrknappschaft, Bochum, Zahlstelle",,,eigentuemer_cluster,2026-09-22,,
Ruhrsiedlgs Verband,koerperschaft,Ruhrsiedlgs Verband,,,eigentuemer_cluster,2026-09-22,,
Ruhrsiedlungs-Verband,koerperschaft,Ruhrsiedlungs-Verband,,,eigentuemer_cluster,2026-09-22,,
Ruhrsteingesellschaft,koerperschaft,Ruhrsteingesellschaft,,,eigentuemer_cluster,2026-09-22,,
Ruhrsteingesellschaft m. b. H.,koerperschaft,Ruhrsteingesellschaft m. b. H.,,,eigentuemer_cluster,2026-09-22,,
Ruhrstrom-Verwaltung,koerperschaft,Ruhrstrom-Verwaltung,,,eigentuemer_cluster,2026-09-22,,
Ruhrtal-Elektrizitäts-G.m.b.h,koerperschaft,Ruhrtal-Elektrizitäts- GmbH,,,eigentuemer_cluster,2026-09-22,,
Ruhrtaler Bauindustrie Holte & Hennecke,koerperschaft,Ruhrtaler Bauindustrie Holte & Hennecke,,,eigentuemer_cluster,2026-09-22,,
Ruhrverb. u. Ruhrtalsperrenverein,koerperschaft,Ruhrverb. u. Ruhrtalsperrenverein,,,eigentuemer_cluster,2026-09-22,,
Ruhrverband Essen,koerperschaft,Ruhrverband,sonstige,ja,christos,2026-09-22,,
Ruhrwohnbau Dortmund,koerperschaft,Ruhrwohnbau Dortmund,sonstige,ja,christos,2026-09-22,,
"Ruppel & Grauel, Baugesch.",koerperschaft,"Ruppel & Grauel, Baugesch.",,,eigentuemer_cluster,2026-09-22,,
Rösler Draht A.G.,koerperschaft,Rösler Draht AG,,,eigentuemer_cluster,2026-09-22,,
"Rösler, Drahtwerk, A.G.",koerperschaft,"Rösler, Drahtwerk AG",,,eigentuemer_cluster,2026-09-22,,
Rüttenscheider Bauges.,koerperschaft,Rüttenscheider Bauges.,,,eigentuemer_cluster,2026-09-22,,
"Sachsenwerk Licht u. Kraft A.-G., Ingenieurbüro Essen",koerperschaft,"Sachsenwerk Licht u. Kraft AG , Ingenieurbüro Essen",,,eigentuemer_cluster,2026-09-22,,
Samson Schuhgesch.,koerperschaft,Samson Schuhgesch.,,,eigentuemer_cluster,2026-09-22,,
"Scheibe & Co., G. m. b. H., Metallwr.-Fabrk.",koerperschaft,"Scheibe & Co. GmbH , Metallwr.-Fabrk.",,,eigentuemer_cluster,2026-09-22,,
"Schiefen & Flothmann, Kolonialwrhdlg.",koerperschaft,"Schiefen & Flothmann, Kolonialwrhdlg.",,,eigentuemer_cluster,2026-09-22,,
Schiesen & Flothmann G.m.b.H.,koerperschaft,Schiesen & Flothmann GmbH,,,eigentuemer_cluster,2026-09-22,,
"Schlenkhoff, H., Holzhdlg. G.m.b.H.",koerperschaft,"Schlenkhoff, H., Holzhdlg. GmbH",,,eigentuemer_cluster,2026-09-22,,
Schles.-Köln.lebens-Vers. Bank AG.,koerperschaft,Schles.-Köln.lebens-Vers. Bank AG,,,eigentuemer_cluster,2026-09-22,,
"Schliesen & Flothmann, G. M.m.h.",koerperschaft,"Schliesen & Flothmann, G. M.m.h.",,,eigentuemer_cluster,2026-09-22,,
"Schmidt & Co., Hausbes.",koerperschaft,"Schmidt & Co., Hausbes.",,,eigentuemer_cluster,2026-09-22,,
"Schmidt & Co., Ziegeleibes.",koerperschaft,"Schmidt & Co., Ziegeleibes.",,,eigentuemer_cluster,2026-09-22,,
"Schnabbe & Hohendahl, Kolonialwrgroßhdlg.",koerperschaft,"Schnabbe & Hohendahl, Kolonialwrgroßhdlg.",,,eigentuemer_cluster,2026-09-22,,
"Schnell & Co., Tiefbauunternehm., G. m. b. H.",koerperschaft,"Schnell & Co., Tiefbauunternehm. GmbH",,,eigentuemer_cluster,2026-09-22,,
Schonnebecker Baugenossensch. Mühe und Fleiß e.G.m.b.h.,koerperschaft,Schonnebecker Baugenossensch. Mühe und Fleiß eGmbH,genossenschaft_siedlung,ja,christos,2026-09-26,,
"Schroer & Sohn, Malzfabrik",koerperschaft,"Schroer & Sohn, Malzfabrik",,,eigentuemer_cluster,2026-09-22,,
"Schule Bochold I., Stadt Essen",koerperschaft,"Schule Bochold I., Stadt Essen",,,eigentuemer_cluster,2026-09-22,,
Schulverband,koerperschaft,Schulverband,,,eigentuemer_cluster,2026-09-22,,
Schulverein d. Maria-Wächtlerschule,koerperschaft,Schulverein d. Maria-Wächtlerschule,,,eigentuemer_cluster,2026-09-22,,
"Schulz-Knaudt, Terrainges.",koerperschaft,"Schulz-Knaudt, Terrainges.",,,eigentuemer_cluster,2026-09-22,,
"Schwab & Noelle, Bankgesch.",koerperschaft,"Schwab & Noelle, Bankgesch.",,,eigentuemer_cluster,2026-09-22,,
"Schwab & Noelle, Kom. Ges.",koerperschaft,"Schwab & Noelle, Kom. Ges.",,,eigentuemer_cluster,2026-09-22,,
"Schwedenerz-Ges. m.b.H., Erze",koerperschaft,"Schwedenerz-Ges. m.b.H., Erze",,,eigentuemer_cluster,2026-09-22,,
Schweizerische Milchges. A.G.,koerperschaft,Schweizerische Milchges. AG,,,eigentuemer_cluster,2026-09-22,,
"Schwerdling G.m.b.H., Fahrradgroßhdlg.",koerperschaft,"Schwerdling GmbH , Fahrradgroßhdlg.",,,eigentuemer_cluster,2026-09-22,,
Schwesternhaus,koerperschaft,Schwesternhaus,,,eigentuemer_cluster,2026-09-22,,
"Schüchtermann-Kremer & Baum, A. G.",koerperschaft,Schüchtermann-Kremer & Baum AG,,,eigentuemer_cluster,2026-09-22,,
"Schürmann, Gebr. A.-G.",koerperschaft,"Schürmann, Gebr. AG",,,eigentuemer_cluster,2026-09-22,,
"Selbstfahrer Union G. m. b. H., Zweigniederl. Essen",koerperschaft,"Selbstfahrer Union GmbH , Zweigniederl. Essen",,,eigentuemer_cluster,2026-09-22,,
Selbstfahrer-Ges. m.b.H.,koerperschaft,Selbstfahrer-Ges. m.b.H.,,,eigentuemer_cluster,2026-09-22,,
Siedlgs. Bund d. Kinderreichen,koerperschaft,Siedlgs. Bund d. Kinderreichen,genossenschaft_siedlung,ja,christos,2026-09-26,,
Siedlgs.-Verb. Ruhrkohlenbez.,koerperschaft,Siedlgs.-Verb. Ruhrkohlenbez.,,,eigentuemer_cluster,2026-09-22,,
"Siedlung ""Eigene Tat"" e.G.m.b.H.",koerperschaft,"Siedlung ""Eigene Tat"" eGmbH",genossenschaft_siedlung,ja,christos,2026-09-26,,
"Siedlungsgenossensch. ""Eigene Tat""",koerperschaft,"Siedlung ""Eigene Tat"" eGmbH",genossenschaft_siedlung,ja,christos,2026-09-26,,
Siedlungsgenossenschaft Heimatdank,koerperschaft,Siedlungsgenossenschaft Heimatdank,genossenschaft_siedlung,ja,christos,2026-09-26,,
Siedlungsverband Ruhrbez.,koerperschaft,Siedlungsverband Ruhrkohlenbezirk,sonstige,ja,christos,2026-09-22,,
Siemens-Schuckert Werke A.-G.,koerperschaft,Siemens-Schuckert Werke AG,,,eigentuemer_cluster,2026-09-22,,
"Siemens-Schuckertwerke, A.-G.",koerperschaft,Siemens-Schuckertwerke AG,,,eigentuemer_cluster,2026-09-22,,
Simon Hirschland o. H. G.,koerperschaft,Simon Hirschland o. H. G.,,,eigentuemer_cluster,2026-09-22,,
Soz. Jugendschutz,koerperschaft,Soz. Jugendschutz,,,eigentuemer_cluster,2026-09-22,,
Spar- u. Bauberein d. Bund. d. Kriegsbesch. e. V.,koerperschaft,Spar- u. Bauberein d. Bund. d. Kriegsbesch. e. V.,genossenschaft_siedlung,ja,christos,2026-09-26,,
"Spar- u. Baugen. ""Eigenheim""",koerperschaft,"Spar- u. Baugen. ""Eigenheim""",,,eigentuemer_cluster,2026-09-22,,
Spar- u. Bauver. Bund d. Kinderreichen,koerperschaft,Spar- u. Baugen. d. Bundes d. Kinderreichen,genossenschaft_siedlung,ja,christos,2026-09-26,,
Spar- u. Bauver. Ess. u. Umg.,koerperschaft,Spar- u. Bauver. Ess. u. Umg.,,,eigentuemer_cluster,2026-09-22,,
Spar- u. Bauver. Essen E. G. M. b. H.,koerperschaft,Spar- u. Bauverein,genossenschaft_siedlung,ja,christos,2026-09-26,,
Spar- u. Bauver. d. Bundes d. Kinderreichen Frillendorf,koerperschaft,Spar- u. Baugen. d. Bundes d. Kinderreichen,genossenschaft_siedlung,ja,christos,2026-09-26,,
Spar- u. Bauver. d. Reichsb. d. Kriegsbeschäd. u. Hinterblieb. e. V.,koerperschaft,Spar- u. Bauver. d. Reichsb. d. Kriegsbeschäd. u. Hinterblieb. e. V.,,,eigentuemer_cluster,2026-09-22,,
Spar- u. Bauverein Essen,koerperschaft,Spar- u. Bauverein,genossenschaft_siedlung,ja,christos,2026-09-26,,
Spar- u. Bauverein Essen u. Umgegend G.m.b.H.,koerperschaft,Spar- u. Bauverein Essen u. Umgegend GmbH,genossenschaft_siedlung,ja,christos,2026-09-26,,
Spar- u. Bauverein Essen-Dellwig,koerperschaft,Spar- u. Bauverein Essen-Dellwig,genossenschaft_siedlung,ja,christos,2026-09-26,,
Spar- u. Bauverein Frintrop e. G. m. b. H.,koerperschaft,"""Eintracht"" Bau- u. Sparverein eGmbH",genossenschaft_siedlung,ja,christos,2026-09-23,"Wikipedia: ""Die Straßenbezeichnung geht auf die am 4. Dezember 1904 durch Eisenbahner gegründete Eintracht Bau- und Sparverein eGmbH zurück. Sie baute nahe dem damaligen Eisenbahnbetriebswerk Essen Hbf 160 Wohnungen. 1941 verschmolz die Eintracht mit der Wohnungsgesellschaft Ruhr-Niederrhein mbH Essen, einem Unternehmen der Deutschen Reichsbahn. Die Eintrachtstraße verbindet die Krampestraße mit der Gerhard-Stötzel-Straße. Am Westende der Straße führt eine Treppe zur Krampestraße."", URL: https://de.wikipedia.org/wiki/Liste_der_Stra%C3%9Fen_in_Essen-S%C3%BCdostviertel, abgerufen am: 23.9.2026",
Spar- u. Bauverein Stoppenberg,koerperschaft,Spar- u. Bauverein Stoppenberg,,,eigentuemer_cluster,2026-09-22,,
Spar- u. Bauverein d. Bundes der Kriegsbeschäd. u. Hinterbliebenen,koerperschaft,Spar- u. Bauverein d. Bundes der Kriegsbeschäd. u. Hinterbliebenen,,,eigentuemer_cluster,2026-09-22,,
Spar- u. Bauverein d. Kinderreichen,koerperschaft,Spar- u. Baugen. d. Bundes d. Kinderreichen,genossenschaft_siedlung,ja,christos,2026-09-26,,
"Spar- u. Bauverein d. Kinderreichen, Frillendorf",koerperschaft,Spar- u. Baugen. d. Bundes d. Kinderreichen,genossenschaft_siedlung,ja,christos,2026-09-26,,
Spar- u. Bauverein d. Reichsb. d. Kriegsb. u. Hinterbl.,koerperschaft,Spar- u. Bauverein d. Reichsb. d. Kriegsb. u. Hinterbl.,,,eigentuemer_cluster,2026-09-22,,
Spar- u. Bauverein e.G.m.b.H.,koerperschaft,Spar- u. Bauverein,genossenschaft_siedlung,ja,christos,2026-09-26,,
"Spar- u. Bauverein, E.-Steele",koerperschaft,"Spar- u. Bauverein, E.-Steele",,,eigentuemer_cluster,2026-09-22,,
Spar- und Bauvereinigung,koerperschaft,Spar- und Bauvereinigung,,,eigentuemer_cluster,2026-09-22,,
Sparkasse Essen,koerperschaft,Stadtsparkasse,stadt_staat,ja,christos,2026-09-22,,
"Spengler & Unterschemmann, Buchdruckerei",koerperschaft,"Spengler & Unterschemmann, Buchdruckerei",,,eigentuemer_cluster,2026-09-22,,
"Sprenger, G. m. b. H., Eisengroßhdlg.",koerperschaft,"Sprenger GmbH , Eisengroßhdlg.",,,eigentuemer_cluster,2026-09-22,,
"Sprungmann, G.m.b.H., Holzgroßhdlg.",koerperschaft,"Sprungmann GmbH , Holzgroßhdlg.",,,eigentuemer_cluster,2026-09-22,,
"Sprungmann, G. m. b. H., R., Holzhdlg.",koerperschaft,"Sprungmann GmbH , R., Holzhdlg.",,,eigentuemer_cluster,2026-09-22,,
St. Gertrudis-Kirchengemeinde,koerperschaft,St. Gertrudis-Kirchengemeinde,,,eigentuemer_cluster,2026-09-22,,
St. Johannes-Stift d. Salesianer,koerperschaft,St. Johannes-Stift d. Salesianer,,,eigentuemer_cluster,2026-09-22,,
St. Johannes-Stift d. Salesianer Kirche,koerperschaft,St. Johannes-Stift d. Salesianer Kirche,,,eigentuemer_cluster,2026-09-22,,
St. Johannis-Pfarre.,koerperschaft,St. Johannis-Pfarre.,,,eigentuemer_cluster,2026-09-22,,
St. Maria Geburt,koerperschaft,St. Maria Geburt,,,eigentuemer_cluster,2026-09-22,,
"St. Mariä Empfängnis, Kirchengemeinde",koerperschaft,"St. Mariä Empfängnis, Kirchengemeinde",,,eigentuemer_cluster,2026-09-22,,
St.-Anna-Pfarrgem.,koerperschaft,St.-Anna-Pfarrgem.,,,eigentuemer_cluster,2026-09-22,,
"St.-Annaheim, G. M. b. H.",koerperschaft,St.-Annaheim GmbH,,,eigentuemer_cluster,2026-09-22,,
St.-Antonius-Pfarrgemeinde,koerperschaft,St.-Antonius-Pfarrgemeinde,,,eigentuemer_cluster,2026-09-22,,
St.-Gertrudis-Kirchengemeinde,koerperschaft,St.-Gertrudis-Kirchengemeinde,,,eigentuemer_cluster,2026-09-22,,
St.-Josephs-Kirchen-Gemeinde,koerperschaft,St.-Josephs-Kirchen-Gemeinde,,,christos,2026-09-23,,
"St.-Kamillus-Haus, Nerven- u. Trinkerheilstätte",koerperschaft,"St.-Kamillus-Haus, Nerven- u. Trinkerheilstätte",,,eigentuemer_cluster,2026-09-22,,
Staatl. Lyzeum,koerperschaft,Staatl. Lyzeum,,,eigentuemer_cluster,2026-09-22,,
"Staatsfiskus, Hitler-Jugend",koerperschaft,"Staatsfiskus, Hitler-Jugend",,,eigentuemer_cluster,2026-09-22,,
"Stadt Essen, Evg. Schule Borbeck I",koerperschaft,"Stadt Essen, Evg. Schule Borbeck I",,,eigentuemer_cluster,2026-09-22,,
"Stadt Essen, Evgl. Schule XV.",koerperschaft,"Stadt Essen, Evgl. Schule XV.",,,eigentuemer_cluster,2026-09-22,,
"Stadt Essen, Hilfsschule",koerperschaft,"Stadt Essen, Hilfsschule",,,eigentuemer_cluster,2026-09-22,,
"Stadt Essen, Jugendhalle",koerperschaft,"Stadt Essen, Jugendhalle",,,eigentuemer_cluster,2026-09-22,,
"Stadt Essen, Jugendhalle f. Leibesübungen",koerperschaft,"Stadt Essen, Jugendhalle f. Leibesübungen",,,eigentuemer_cluster,2026-09-22,,
"Stadt Essen, Kanisiusschule",koerperschaft,"Stadt Essen, Kanisiusschule",,,eigentuemer_cluster,2026-09-22,,
"Stadt Essen, Kath. Schule I",koerperschaft,"Stadt Essen, Kath. Schule I",,,eigentuemer_cluster,2026-09-22,,
"Stadt Essen, Kath. Schule XXI",koerperschaft,"Stadt Essen, Kath. Schule XXI",,,eigentuemer_cluster,2026-09-22,,
"Stadt Essen, Knaben-Mittelschule",koerperschaft,"Stadt Essen, Knaben-Mittelschule",,,eigentuemer_cluster,2026-09-22,,
"Stadt Essen, Notwohnungen",koerperschaft,Stadt Essen,stadt_staat,ja,christos,2026-09-26,"u.a. mit ""Notwohnungen""",
"Stadt Essen, Schule",koerperschaft,"Stadt Essen, Schule",,,eigentuemer_cluster,2026-09-22,,
"Stadt Essen, Schule Schönebeck",koerperschaft,"Stadt Essen, Schule Schönebeck",,,eigentuemer_cluster,2026-09-22,,
"Stadt Essen, Städt. Badeanstalt",koerperschaft,"Stadt Essen, Städt. Badeanstalt",,,eigentuemer_cluster,2026-09-22,,
"Stadt Essen, ev. Schule XXIII",koerperschaft,"Stadt Essen, Evgl. Schule XV.",,,eigentuemer_cluster,2026-09-23,,
Stadt Essen; Hauptfeuerwache,koerperschaft,Stadt Essen; Hauptfeuerwache,,,eigentuemer_cluster,2026-09-22,,
Stadt Gelsenkirchen,koerperschaft,Stadt Gelsenkirchen,,,eigentuemer_cluster,2026-09-22,,
Stadtamt X,koerperschaft,Stadtamt X,,,eigentuemer_cluster,2026-09-22,,
"Stadtrandsiedlg. Träger Kruppsche Baugenossensch. ""Kleinwohnungsbau""",koerperschaft,"Stadtrandsiedlg. Träger Kruppsche Baugenossensch. ""Kleinwohnungsbau""",genossenschaft_siedlung,,christos,2026-09-26,,
Stadtsparkasse,koerperschaft,Stadtsparkasse,stadt_staat,ja,christos,2026-09-22,,
Stdt Essen,koerperschaft,Stdt Essen,,,eigentuemer_cluster,2026-09-22,,
Steeler Ruderverein,koerperschaft,Steeler Ruderverein,,,eigentuemer_cluster,2026-09-22,,
Steeler Turnverein,koerperschaft,Steeler Turnverein,,,eigentuemer_cluster,2026-09-22,,
"Steinberg & Meinrath, Kleiderfabrk.",koerperschaft,"Steinberg & Meinrath, Kleiderfabrk.",,,eigentuemer_cluster,2026-09-22,,
"Steinhoff & Co., Hüttenart.",koerperschaft,"Steinhoff & Co., Hüttenart.",,,eigentuemer_cluster,2026-09-22,,
"Stephan, Fröhlich & Klüpfel, Verkaufsstelle",koerperschaft,"Stephan, Fröhlich & Klüpfel, Verkaufsstelle",,,eigentuemer_cluster,2026-09-22,,
"Stern A.-G., Eisenwarengroßhdlg.",koerperschaft,"Stern AG , Eisenwarengroßhdlg.",,,eigentuemer_cluster,2026-09-22,,
Stinn,koerperschaft,Stinn,,,eigentuemer_cluster,2026-09-22,,
"Stockebrand, L., G.m.b.H., Bauunternehm.",koerperschaft,"Stockebrand, L. GmbH , Bauunternehm.",,,eigentuemer_cluster,2026-09-22,,
Stopp. Gemeinn. Bauverein e.G.m.b.H.,koerperschaft,Stopp. Gemeinn. Bauverein eGmbH,genossenschaft_siedlung,ja,christos,2026-09-26,,
"Stoppenb. Gemeinnütz. Bauverein, E. G. M. b. H.",koerperschaft,Stoppenb. Gemeinnütz. Bauverein eGmbH,genossenschaft_siedlung,ja,christos,2026-09-26,,
Stoppenberger Gemeinnütz. Bauverein e.g.b.m.h.,koerperschaft,Stoppenberger Gemeinnütz. Bauverein e.g.b.m.h.,,,eigentuemer_cluster,2026-09-22,,
"Strauß, Gebr. Getreide",koerperschaft,"Strauß, Gebr. Getreide",,,eigentuemer_cluster,2026-09-22,,
Sträter Kaffee G.m.b.H.,koerperschaft,Sträter Kaffee GmbH,,,eigentuemer_cluster,2026-09-22,,
Sträter-Kaffee G.m.b.H.,koerperschaft,Sträter-Kaffee GmbH,,,eigentuemer_cluster,2026-09-22,,
Sturmheim d. SA.,koerperschaft,Sturmheim d. SA.,,,eigentuemer_cluster,2026-09-22,,
Städt. Elektrizitäts-Gas-  u. Wasserwerk,koerperschaft,Städt. Elektrizitäts-Gas- u. Wasserwerk,,,eigentuemer_cluster,2026-09-22,,
Städt. Gas- u. Wasserwerk,koerperschaft,Städt. Gas- u. Wasserwerk,,,eigentuemer_cluster,2026-09-22,,
Städt. Gaswerke,koerperschaft,Städt. Gaswerke,,,eigentuemer_cluster,2026-09-22,,
Städt. Krankenanst.,koerperschaft,Städt. Krankenanst.,,,eigentuemer_cluster,2026-09-22,,
Städt. Krankenanstalten,koerperschaft,Städt. Krankenanstalten,,,eigentuemer_cluster,2026-09-22,,
"Städt. Krankenanstalten, Stadt Essen",koerperschaft,"Städt. Krankenanstalten, Stadt Essen",,,eigentuemer_cluster,2026-09-22,,
Städt. Sparkasse Essen,koerperschaft,Stadtsparkasse,stadt_staat,ja,christos,2026-09-22,,
"Städt. Sparkasse, Steele",koerperschaft,"Städt. Sparkasse, Steele",,,eigentuemer_cluster,2026-09-22,,
Städte-Reklame G.m.b.h.,koerperschaft,Städte-Reklame GmbH,,,eigentuemer_cluster,2026-09-22,,
Städtische Sparkasse,koerperschaft,Stadtsparkasse,stadt_staat,ja,christos,2026-09-22,,
Synagogen-Gemeinde,koerperschaft,Synagogen-Gemeinde,,,eigentuemer_cluster,2026-09-22,,
Synagogengem. Essen,koerperschaft,Synagogengem. Essen,,,eigentuemer_cluster,2026-09-22,,
Südd. Eisenb. Ges. Abt. Ess. Straßenb.,koerperschaft,Süddeutsche Eisenbahn-Gesellschaft (SEG),genossenschaft_siedlung,ja,christos,2026-09-26,,
Südd. Eisenb. Verwltg.,koerperschaft,Süddeutsche Eisenbahn-Gesellschaft (SEG),genossenschaft_siedlung,ja,christos,2026-09-26,https://de.wikipedia.org/wiki/S%C3%BCddeutsche_Eisenbahn-Gesellschaft,
Südd. Eisenb.-Gesellsch.,koerperschaft,Süddeutsche Eisenbahn-Gesellschaft (SEG),genossenschaft_siedlung,ja,christos,2026-09-26,https://de.wikipedia.org/wiki/S%C3%BCddeutsche_Eisenbahn-Gesellschaft,
Südd. Eisenbahn Ges.,koerperschaft,Süddeutsche Eisenbahn-Gesellschaft (SEG),genossenschaft_siedlung,ja,christos,2026-09-26,https://de.wikipedia.org/wiki/S%C3%BCddeutsche_Eisenbahn-Gesellschaft,
Süddeutsch. Boden- u. Kreditbank München,koerperschaft,Süddeutsch. Boden- u. Kreditbank München,,,eigentuemer_cluster,2026-09-22,,
Süddeutsch. Bodenkred. Bank,koerperschaft,Süddeutsch. Bodenkred. Bank,,,eigentuemer_cluster,2026-09-22,,
Süddeutsch. Bodenkreditbk.,koerperschaft,Süddeutsch. Bodenkreditbk.,,,eigentuemer_cluster,2026-09-22,,
Süddeutsche Baukreditbank,koerperschaft,Süddeutsche Baukreditbank,,,eigentuemer_cluster,2026-09-22,,
Süddeutsche Boden-Kredit Bank,koerperschaft,Süddeutsche Boden-Kredit Bank,,,eigentuemer_cluster,2026-09-22,,
Süddeutsche Eisenbahnges. Straßb. Verwaltg.,koerperschaft,Süddeutsche Eisenbahn-Gesellschaft (SEG),genossenschaft_siedlung,ja,christos,2026-09-26,https://de.wikipedia.org/wiki/S%C3%BCddeutsche_Eisenbahn-Gesellschaft,
Tennis Clubhaus Schellenberg,koerperschaft,Tennis Clubhaus Schellenberg,,,eigentuemer_cluster,2026-09-22,,
"Th. Bußmann, G.m.b.H.",koerperschaft,Th. Bußmann GmbH,,,eigentuemer_cluster,2026-09-22,,
"Th. Goldschmidt A.G., chem. Fabrk.",koerperschaft,Th. Goldschmidt AG,industrie,ja,christos,2026-09-23,,
"Th. Oberstenfeld, Tiefbauunternehm. G.m.b.h.",koerperschaft,"Th. Oberstenfeld, Tiefbauunternehm. GmbH",,,eigentuemer_cluster,2026-09-22,,
Treuhandges. Essen-Süd,koerperschaft,Treuhandges. Essen-Süd,,,eigentuemer_cluster,2026-09-22,,
Treuhandgesellschaft Mülheim-Borbeck,koerperschaft,Treuhandgesellschaft Mülheim-Borbeck,,,eigentuemer_cluster,2026-09-22,,
Treuhandstelle f. Bergm. Wohnstätten,koerperschaft,Treuhandstelle f. Bergm. Wohnstätten,,,eigentuemer_cluster,2026-09-22,,
Turnverein 1877 e. V.,koerperschaft,Turnverein 1877 e. V.,,,eigentuemer_cluster,2026-09-22,,
Unionbrauerei A.-G.,koerperschaft,Unionbrauerei AG,,,eigentuemer_cluster,2026-09-22,,
Universum Film A. G.,koerperschaft,Universum Film AG,,,eigentuemer_cluster,2026-09-22,,
V. Stahlw. A.G.,koerperschaft,Autogarage der Vereinigten Stahlwerke AG,industrie,ja,christos,2026-09-26,,
Ver. Essener Dampfziegeleiwerke,koerperschaft,Ver. Essener Dampfziegeleiwerke,,,eigentuemer_cluster,2026-09-22,,
Ver. Essener Dampfziegelwerke G. m. b. H.,koerperschaft,Ver. Essener Dampfziegelwerke GmbH,,,eigentuemer_cluster,2026-09-22,,
Ver. Holzgesellschaten M. b. H.,koerperschaft,Ver. Holzgesellschaten M. b. H.,,,eigentuemer_cluster,2026-09-22,,
Ver. Spar- u. Bau e.G.m.b.H,koerperschaft,Vereinigte Spar- u. Baugenossenschaft,genossenschaft_siedlung,ja,christos,2026-09-26,,
Verband d. Kolonialwr.-Großhandels Nord-West C. V.,koerperschaft,Verband d. Kolonialwr.-Großhandels Nord-West C. V.,,,eigentuemer_cluster,2026-09-22,,
Verband kath. kfm. Vereinig. Deutschlds.,koerperschaft,Verband kath. kfm. Vereinig. Deutschlds.,,,eigentuemer_cluster,2026-09-22,,
Verband kath. kfm. Vereinigungen,koerperschaft,Verband kath. kfm. Vereinigungen,,,eigentuemer_cluster,2026-09-22,,
Verband kaufm. Grubenbeamt. e.V.,koerperschaft,Verband kaufm. Grubenbeamt. e. V.,,,eigentuemer_cluster,2026-09-22,,
Verbauchergenossenschaft Ruhrgeb. E. G.  M. b. H.,koerperschaft,Verbauchergenossenschaft Ruhrgeb. E. G. M. b. H.,,,eigentuemer_cluster,2026-09-22,,
Verbr. Gen. Ruhrgeb.,koerperschaft,Verbr. Gen. Ruhrgeb.,genossenschaft_siedlung,ja,christos,2026-09-26,,
Verbraucher Genossenschaft Ruhrgebiet G.m.b.H.,koerperschaft,Verbrauchergenossenschaft Ruhrgebiet,genossenschaft_siedlung,ja,christos,2026-09-23,hierzu konnten bislang keine einschlägigen Informationen ermittelt werden,
Verbraucher Genossenschaft Ruhrgebiet e.G.m.b.H.,koerperschaft,Verbrauchergenossenschaft Ruhrgebiet,genossenschaft_siedlung,ja,christos,2026-09-23,hierzu konnten bislang keine einschlägigen Informationen ermittelt werden,
Verbrauchergem. Ruhrgebiet e.G.m.b.H.,koerperschaft,Verbrauchergem. Ruhrgebiet eGmbH,,,eigentuemer_cluster,2026-09-22,,
Verbrauchergen. Ruhrgebiet,koerperschaft,Verbrauchergenossenschaft Ruhrgebiet,genossenschaft_siedlung,ja,christos,2026-09-23,hierzu konnten bislang keine einschlägigen Informationen ermittelt werden,
Verbrauchergenoss. Ruhrgebiet e. G. m. b. H.,koerperschaft,Verbrauchergenossenschaft Ruhrgebiet,genossenschaft_siedlung,ja,christos,2026-09-23,hierzu konnten bislang keine einschlägigen Informationen ermittelt werden,
Verbrauchergenossenschaft Ruhrbezirk,koerperschaft,Verbrauchergenossenschaft Ruhrbezirk,,,eigentuemer_cluster,2026-09-22,,
"Verein ""Evangel. Vereinshaus"", G.m.b.H.",koerperschaft,"Verein ""Evangel. Vereinshaus"" GmbH",,,eigentuemer_cluster,2026-09-22,,
Verein Bauhandwerker G. m. b. H.,koerperschaft,Verein Bauhandwerker GmbH,,,eigentuemer_cluster,2026-09-22,,
Verein Kruppscher Beamten,koerperschaft,Verein Kruppscher Beamten,,,eigentuemer_cluster,2026-09-22,,
Verein f. innere Miss.,koerperschaft,Verein f. innere Miss.,,,eigentuemer_cluster,2026-09-22,,
Verein f. jüd. Krankenpflegerinnen,koerperschaft,Verein f. jüd. Krankenpflegerinnen,,,eigentuemer_cluster,2026-09-22,,
Verein zur Überwachung d. Kraftwirtsch. d. Ruhrzechen,koerperschaft,Verein zur Überwachung d. Kraftwirtsch. d. Ruhrzechen,,,eigentuemer_cluster,2026-09-22,,
Verein. Holzges. m.b.H.,koerperschaft,Verein. Holzges. m.b.H.,,,eigentuemer_cluster,2026-09-22,,
"Verein. Holzgesellschaften m.b.H., Sägewerk Essen",koerperschaft,"Verein. Holzgesellschaften m.b.H., Sägewerk Essen",industrie,ja,christos,2026-09-26,,
Verein. Spar- u. Baugen.,koerperschaft,Vereinigte Spar- u. Baugenossenschaft,genossenschaft_siedlung,ja,christos,2026-09-26,,
Verein. Spar- u. Bauverein,koerperschaft,Verein. Spar- u. Bauverein,,,eigentuemer_cluster,2026-09-22,,
Verein. Spar- und Baugenossenschaft E. V. M. b. H.,koerperschaft,Vereinigte Spar- u. Baugenossenschaft,genossenschaft_siedlung,ja,christos,2026-09-26,,
Verein. Ziegelwerke,koerperschaft,Verein. Ziegelwerke,,,eigentuemer_cluster,2026-09-22,,
Vereinigt. Spar- u. Baugenossenschaft e.G.m.b.H.,koerperschaft,Vereinigt. Spar- u. Baugenossenschaft eGmbH,,,eigentuemer_cluster,2026-09-22,,
Vereinigt. Spar- u. Bauverein,koerperschaft,Vereinigt. Spar- u. Bauverein,,,eigentuemer_cluster,2026-09-22,,
Vereinigt. Stahlw. A.G.,koerperschaft,Autogarage der Vereinigten Stahlwerke AG,industrie,ja,christos,2026-09-26,,
Vereinigte Holzges. m. b.H.,koerperschaft,Vereinigte Holzges. m. b.H.,,,eigentuemer_cluster,2026-09-22,,
Vereinigte Holzhandelsges. M. b. H.,koerperschaft,Vereinigte Holzhandelsges. M. b. H.,,,eigentuemer_cluster,2026-09-22,,
Vereinigte Innungskrankenkasse Essen,koerperschaft,Vereinigte Innungskrankenkasse Essen,,,eigentuemer_cluster,2026-09-22,,
Vereinigte Spar- u. Baugen. e.G.m.b.H.,koerperschaft,Vereinigte Spar- u. Baugenossenschaft,genossenschaft_siedlung,ja,christos,2026-09-26,,
Vereinigte Spar- u. Baugenossensch. m. b. H.,koerperschaft,Vereinigte Spar- u. Baugenossenschaft,genossenschaft_siedlung,ja,christos,2026-09-26,,
Vereinigte Steinwerke,koerperschaft,Vereinigte Steinwerke,industrie,ja,christos,2026-09-26,,
Vereinsbank Hamborn,koerperschaft,Vereinsbank Hamborn,,,eigentuemer_cluster,2026-09-22,,
Verkaufsvereinigung f. Teererzeugnisse G.m.b.H.,koerperschaft,Verkaufsvereinigung f. Teererzeugnisse GmbH,,,eigentuemer_cluster,2026-09-22,,
"Versorgungshaus, Stadt Essen",koerperschaft,"Versorgungshaus, Stadt Essen",,,eigentuemer_cluster,2026-09-22,,
Vittinghoff-Schellsche Verwaltg.,koerperschaft,Vittinghoff-Schellsche Verwaltg.,,,eigentuemer_cluster,2026-09-22,,
W. Giradet Verlags Anstalt,koerperschaft,W. Giradet Verlags Anstalt,,,eigentuemer_cluster,2026-09-22,,
"W. Waldthausen & C., Wollgroßhdlg.",koerperschaft,"W. Waldthausen & C., Wollgroßhdlg.",,,eigentuemer_cluster,2026-09-22,,
"Wagner u. Schade, Auto-Licht",koerperschaft,"Wagner u. Schade, Auto-Licht",,,eigentuemer_cluster,2026-09-22,,
Waldhausen-Stiftung,koerperschaft,Waldhausen-Stiftung,,,eigentuemer_cluster,2026-09-22,,
Waldthausensche Stiftung,koerperschaft,Waldthausensche Stiftung,,,eigentuemer_cluster,2026-09-22,,
"Wallraf & Söhne, Weberei",koerperschaft,"Wallraf & Söhne, Weberei",,,eigentuemer_cluster,2026-09-22,,
"Walter & Kirsch, Dachbedecksgesch.",koerperschaft,"Walter & Kirsch, Dachbedecksgesch.",,,eigentuemer_cluster,2026-09-22,,
Wasserbauamt,koerperschaft,Wasserbauamt,,,eigentuemer_cluster,2026-09-22,,
Wassersportverein Essen 06,koerperschaft,Wassersportverein Essen 06,,,eigentuemer_cluster,2026-09-22,,
Wasserwerk Gelsenkirchen,koerperschaft,Wasserwerk Gelsenkirchen,,,eigentuemer_cluster,2026-09-22,,
Werd. Feintuchwerk,koerperschaft,Werdener Feintuchwerke AG,industrie,ja,christos,2026-09-23,,
Werdener Bank,koerperschaft,Werdener Bank,,,eigentuemer_cluster,2026-09-22,,
"Werdener Feintuchwerke A.G., Abt. Ruhrfbrk.",koerperschaft,Werdener Feintuchwerke AG,industrie,ja,christos,2026-09-23,,
Werener Feintuchwerke,koerperschaft,Werdener Feintuchwerke AG,industrie,ja,christos,2026-09-23,,
"Werner Schulte-Bockholt, G.m.b.H., Sauerkrautfabrik",koerperschaft,"Werner Schulte-Bockholt GmbH , Sauerkrautfabrik",,,eigentuemer_cluster,2026-09-22,,
"Weschenfelder & Leipold, Atelier f. künstl. Menschenaugen",koerperschaft,"Weschenfelder & Leipold, Atelier f. künstl. Menschenaugen",,,eigentuemer_cluster,2026-09-22,,
Westd. Bergbau- u. Kohlenverw. A.-G.,koerperschaft,Westd. Bergbau- u. Kohlenverw. AG,,,eigentuemer_cluster,2026-09-22,,
Westd. Handelsges.,koerperschaft,Westd. Handelsges.,,,eigentuemer_cluster,2026-09-22,,
Westd. Terrain- u. Baubank,koerperschaft,Westd. Terrain- u. Baubank,,,eigentuemer_cluster,2026-09-22,,
Westd. Terrain- und Baubank A.-G.,koerperschaft,Westd. Terrain- und Baubank AG,,,eigentuemer_cluster,2026-09-22,,
Westd. Wäschefbrk.,koerperschaft,Westd. Wäschefbrk.,,,eigentuemer_cluster,2026-09-22,,
Westdeutsche Grundstücksges.,koerperschaft,Westdeutsche Grundstücksges.,,,eigentuemer_cluster,2026-09-22,,
Westdeutsche Milchhdl. Hinterbliebenen Beihilfe,koerperschaft,Westdeutsche Milchhdl. Hinterbliebenen Beihilfe,,,eigentuemer_cluster,2026-09-22,,
"Westdeutsche Terrain- und Baubank, A. G.",koerperschaft,Westdeutsche Terrain- und Baubank AG,,,eigentuemer_cluster,2026-09-22,,
Westdeutsche Wohnungs =A.G.,koerperschaft,Westdeutsche Wohnungs = AG,,,eigentuemer_cluster,2026-09-22,,
Westf. Bergb. u. Kohl. Verw. A. G.,koerperschaft,Westf. Bergbau- u. Kohlenverwert. AG,bergbau,ja,christos,2026-09-26,,
Westf. Bergbau,koerperschaft,Westf. Bergbau,,,eigentuemer_cluster,2026-09-22,,
"Westf. Bergbau u. Kohlenverwertung A. G., Dortmund",koerperschaft,Westf. Bergbau- u. Kohlenverwert. AG,bergbau,ja,christos,2026-09-26,,
Westf. Kohlenverwertungs A.-G.,koerperschaft,Westf. Kohlenverwertungs AG,,,eigentuemer_cluster,2026-09-22,,
Westf. Kohlenverwertungsges.,koerperschaft,Westf. Kohlenverwertungsges.,,,eigentuemer_cluster,2026-09-22,,
"Wette, Komm. Ges.",koerperschaft,"Wette, Komm. Ges.",,,eigentuemer_cluster,2026-09-22,,
Wickingsche Industrie für Holz- u. Baubedarf,koerperschaft,Wickingsche Industrie für Holz- u. Baubedarf,,,eigentuemer_cluster,2026-09-22,,
Wie Nr. 49,koerperschaft,Wie Nr. 49,,,eigentuemer_cluster,2026-09-22,,
Wie Nr. 65A,koerperschaft,Wie Nr. 65A,,,eigentuemer_cluster,2026-09-22,,
Wienhuisen & Fleuren,koerperschaft,Wienhuisen & Fleuren,,,eigentuemer_cluster,2026-09-22,,
"Wienhusen & Fleuren, Holzhdlg., Lagerplatz",koerperschaft,"Wienhusen & Fleuren, Holzhdlg., Lagerplatz",,,eigentuemer_cluster,2026-09-22,,
Wisthoff & Co.,koerperschaft,Wisthoff & Co.,,,eigentuemer_cluster,2026-09-22,,
"Wittich & Geuer, Immobilien",koerperschaft,"Wittich & Geuer, Immobilien",,,eigentuemer_cluster,2026-09-22,,
Wohnungsbau Ges. m. b. H.,koerperschaft,Wohnungsbau Ges. m. b. H.,,,eigentuemer_cluster,2026-09-22,,
Wohnungsbau Ges. m.b.H.,koerperschaft,Wohnungsbau Ges. m.b.H.,,,eigentuemer_cluster,2026-09-22,,
"Wohnungsgenossensch. Feldhaushof e.G.m.b.H., Essen",koerperschaft,Kleinwohnungsgenossenschaft Feldhaushof eGmbH,genossenschaft_siedlung,ja,christos,2026-09-23,,
Wohnungsgenossenschaft Feldhaushof e.G.m.b.H. in Essen,koerperschaft,Kleinwohnungsgenossenschaft Feldhaushof eGmbH,genossenschaft_siedlung,ja,christos,2026-09-23,,
"Wächter T., Nachf., B. Braun, Buchdruckerei",koerperschaft,"Wächter T., Nachf., B. Braun, Buchdruckerei",,,eigentuemer_cluster,2026-09-22,,
Wöller G.m.b.H.,koerperschaft,Wöller GmbH,,,eigentuemer_cluster,2026-09-22,,
Würtembergische Hypothekenbk.,koerperschaft,Würtembergische Hypothekenbk.,,,eigentuemer_cluster,2026-09-22,,
Zeche Bonifacius,koerperschaft,Zeche Bonifacius,,,eigentuemer_cluster,2026-09-22,,
Zeche Carolus Mag.,koerperschaft,Zeche Carolus Mag.,,,eigentuemer_cluster,2026-09-22,,
Zeche Constantin,koerperschaft,Zeche Constantin,,,eigentuemer_cluster,2026-09-22,,
Zeche Ewald,koerperschaft,Zeche Ewald,,,eigentuemer_cluster,2026-09-22,,
Zeche Friedrich,koerperschaft,Zeche Friedrich,,,eigentuemer_cluster,2026-09-22,,
Zeche Gewalt..,koerperschaft,Zeche Gewalt..,bergbau,ja,christos,2026-09-26,,
Zeche Karl Funke,koerperschaft,Zeche Karl Funke,,,eigentuemer_cluster,2026-09-22,,
Zeche Levin,koerperschaft,Zeche Levin,,,eigentuemer_cluster,2026-09-22,,
Zeche Prinz Heinrich,koerperschaft,Zeche Prinz Heinrich,,,eigentuemer_cluster,2026-09-22,,
Zeche Pörtingsiepen,koerperschaft,Zeche Pörtingsiepen,,,eigentuemer_cluster,2026-09-22,,
Zeche Zollverein,koerperschaft,Zeche Zollverein,,,eigentuemer_cluster,2026-09-22,,
Ziegelei-Werke,koerperschaft,Ziegelei-Werke,,,eigentuemer_cluster,2026-09-22,,
Ziegelwerke Oberhausen G.m.b.H.,koerperschaft,Ziegelwerke Oberhausen GmbH,,,eigentuemer_cluster,2026-09-22,,
Zinkhütte E.-Borbeck,koerperschaft,Aktiengesellschaft des Altenbergs für Bergbau und Zinkhüttenbetrieb,industrie,ja,christos,2026-09-23,,
"von Hagen & Lohbeck, Mühlenvertr.",koerperschaft,"von Hagen & Lohbeck, Mühlenvertr.",,,eigentuemer_cluster,2026-09-22,,
Übungsplatz der freiwillig. Feuerwehr,koerperschaft,Übungsplatz der freiwillig. Feuerwehr,,,eigentuemer_cluster,2026-09-22,,
Kath. Kirchengem. ‹Werden›,koerperschaft,Kath. Kirchengem. ‹Werden›,kirche_stiftung,ja,christos,2026-09-23,,
Kath. Kirchengemeinde ‹Frintrop›,koerperschaft,Kath. Kirchengemeinde ‹Frintrop›,kirche_stiftung,ja,christos,2026-09-23,,
Kath. Kirchengemein. ‹Frintrop›,koerperschaft,Kath. Kirchengemeinde ‹Frintrop›,kirche_stiftung,ja,christos,2026-09-23,,
Evang. Kirchengem. ‹Steele›,koerperschaft,Evang. Kirchengem. ‹Steele›,kirche_stiftung,ja,christos,2026-09-23,,
Evang. Kirchengem. ‹Werden›,koerperschaft,Evang. Kirchengem. ‹Werden›,kirche_stiftung,ja,christos,2026-09-23,,
Evgl. Kirchengem. ‹Kupferdreh›,koerperschaft,Evgl. Kirchengem. ‹Kupferdreh›,kirche_stiftung,ja,christos,2026-09-23,,
Kath. Kirchengem. ‹Katernberg›,koerperschaft,Kath. Kirchengem. ‹Katernberg›,kirche_stiftung,ja,christos,2026-09-23,,
Kath. Kirchengem. ‹Steele›,koerperschaft,Kath. Kirchengem. ‹Steele›,kirche_stiftung,ja,christos,2026-09-23,,
Kath. Kirchengem. ‹Überruhr-Hinsel›,koerperschaft,Kath. Kirchengem. ‹Überruhr-Hinsel›,kirche_stiftung,ja,christos,2026-09-23,,
Kath. Kirchengemde ‹Überruhr-Hinsel›,koerperschaft,Kath. Kirchengem. ‹Überruhr-Hinsel›,kirche_stiftung,ja,christos,2026-09-23,,
Kath. Kirchengemeinde ‹Schonnebeck›,koerperschaft,Kath. Kirchengem. Schonnebeck,kirche_stiftung,ja,christos,2026-09-23,,
Kath. Kirchengemeinde ‹Stoppenberg›,koerperschaft,Kath. Kirchengemeinde ‹Stoppenberg›,kirche_stiftung,ja,christos,2026-09-23,,
Ev. Kirchengemeinde ‹Karnap›,koerperschaft,Ev. Kirchengemeinde ‹Karnap›,kirche_stiftung,ja,christos,2026-09-23,,
Evang. Gemeinde ‹Stadtkern›,koerperschaft,Evang. Gemeinde ‹Stadtkern›,kirche_stiftung,ja,christos,2026-09-23,,
Evang. Kirchengemeinde ‹Dellwig›,koerperschaft,Evang. Kirchengem. Dellwig,kirche_stiftung,ja,christos,2026-09-23,,
Evang. Kirchengemeinde ‹Werden›,koerperschaft,Evang. Kirchengem. ‹Werden›,kirche_stiftung,ja,christos,2026-09-23,,
Kath. Kirchengem. ‹Schönebeck›,koerperschaft,Kath. Kirchengemeinde Schönebeck,kirche_stiftung,ja,christos,2026-09-23,,
Kath. Kirchengem. ‹Horst›,koerperschaft,Kath. Kirchengem. ‹Horst; Freisenbruch›,kirche_stiftung,ja,christos,2026-09-23,,
Kath. Kirchengem. ‹Kupferdreh›,koerperschaft,Kath. Kirchengem. ‹Kupferdreh›,kirche_stiftung,ja,christos,2026-09-23,,
Kath. Kirchengem. ‹Stadtteil unbekannt›,koerperschaft,Kath. Kirchengem. ‹Stadtteil unbekannt›,kirche_stiftung,ja,christos,2026-09-26,,
Kath. Kirchengemeinde ‹Stadtteil unbekannt›,koerperschaft,Kath. Kirchengem. ‹Stadtteil unbekannt›,kirche_stiftung,ja,christos,2026-09-26,,
Kath. Kirchengem. ‹Stoppenberg›,koerperschaft,Kath. Kirchengemeinde ‹Stoppenberg›,kirche_stiftung,ja,christos,2026-09-23,,
Kath. Kirchengem. ‹Überruhr-Hinsel; Überruhr-Holthausen; Burgaltendorf›,koerperschaft,Kath. Kirchengem. ‹Überruhr-Hinsel; Überruhr-Holthausen; Burgaltendorf›,kirche_stiftung,ja,christos,2026-09-26,,
Kath. Kirchengemeinde ‹Altendorf; Bochold›,koerperschaft,Kath. Kirchengemeinde ‹Altendorf; Bochold›,kirche_stiftung,ja,christos,2026-09-23,,
Kath. Kirchengemeinde ‹Bredeney; Stadtwald; Rellinghausen›,koerperschaft,Kath. Kirchengemeinde ‹Bredeney; Stadtwald; Rellinghausen›,kirche_stiftung,ja,christos,2026-09-23,,
Kath. Kirchengemeinde ‹Karnap›,koerperschaft,Kath. Kirchengemeinde ‹Karnap›,kirche_stiftung,ja,christos,2026-09-23,,
Kath. Kirchengemeinde ‹Katernberg›,koerperschaft,Kath. Kirchengem. ‹Katernberg›,kirche_stiftung,ja,christos,2026-09-23,,
Ev. Kirchengem. ‹Heisingen›,koerperschaft,Ev. Kirchengem. ‹Heisingen›,kirche_stiftung,ja,christos,2026-09-26,,
Ev. Kirchengem. ‹Holsterhausen›,koerperschaft,Ev. Kirchengem. ‹Holsterhausen›,kirche_stiftung,ja,christos,2026-09-23,,
Ev. Kirchengem. ‹Kray; Leithe›,koerperschaft,Ev. Kirchengem. ‹Kray; Leithe›,kirche_stiftung,ja,christos,2026-09-26,,
Ev. Kirchengem. ‹Nordviertel; Westviertel›,koerperschaft,Ev. Kirchengem. ‹Nordviertel; Westviertel›,kirche_stiftung,ja,christos,2026-09-26,,
Ev. Kirchengem. ‹Steele›,koerperschaft,Evang. Kirchengem. ‹Steele›,kirche_stiftung,ja,christos,2026-09-23,,
Ev. Kirchengemeinde ‹Altendorf; Bochold; Borbeck-Mitte›,koerperschaft,Ev. Kirchengemeinde ‹Altendorf; Bochold; Borbeck-Mitte›,kirche_stiftung,ja,christos,2026-09-26,,
Ev. Kirchengemeinde ‹Altendorf; Frohnhausen›,koerperschaft,Ev. Kirchengemeinde ‹Altendorf; Frohnhausen›,kirche_stiftung,ja,christos,2026-09-26,,
Ev. Kirchengemeinde ‹Holsterhausen›,koerperschaft,Ev. Kirchengem. ‹Holsterhausen›,kirche_stiftung,ja,christos,2026-09-23,,
Ev. Kirchengemeinde ‹Kupferdreh; Byfang›,koerperschaft,Ev. Kirchengemeinde ‹Kupferdreh; Byfang›,kirche_stiftung,ja,christos,2026-09-26,,
Ev. Kirchengemeinde ‹Margaretenhöhe›,koerperschaft,Ev. Kirchengemeinde ‹Margaretenhöhe›,kirche_stiftung,ja,christos,2026-09-26,,
Ev. Kirchengemeinde ‹Stadtkern; Ostviertel›,koerperschaft,Ev. Kirchengemeinde ‹Stadtkern; Ostviertel›,kirche_stiftung,ja,christos,2026-09-26,,
Ev. Kirchengemeinde ‹Steele›,koerperschaft,Evang. Kirchengem. ‹Steele›,kirche_stiftung,ja,christos,2026-09-23,,
Evang. Kirchengem. ‹Frillendorf; Stoppenberg›,koerperschaft,Evang. Kirchengem. ‹Frillendorf; Stoppenberg›,kirche_stiftung,ja,christos,2026-09-26,,
Evang. Kirchengem. ‹Südviertel; Rüttenscheid›,koerperschaft,Evang. Kirchengem. ‹Südviertel; Rüttenscheid›,kirche_stiftung,ja,christos,2026-09-26,,
Evang. Kirchengemeinde ‹Bochold; Borbeck-Mitte›,koerperschaft,Evang. Kirchengemeinde ‹Bochold; Borbeck-Mitte›,kirche_stiftung,ja,christos,2026-09-23,,
Evang. Kirchengemeinde ‹Kray›,koerperschaft,Evang. Kirchengemeinde ‹Kray›,kirche_stiftung,ja,christos,2026-09-26,,
Evangel. Gemeinde ‹Frohnhausen›,koerperschaft,Evgl. Kirchengemeinde ‹Frohnhausen›,kirche_stiftung,ja,christos,2026-09-23,,
Evangel. Gemeinde ‹Karnap›,koerperschaft,Evangel. Gemeinde ‹Karnap›,kirche_stiftung,ja,christos,2026-09-26,,
Evangel. Gemeinde ‹Stadtkern›,koerperschaft,Evang. Gemeinde ‹Stadtkern›,kirche_stiftung,ja,christos,2026-09-23,,
Evangel. Gemeinde ‹Südviertel›,koerperschaft,Evangel. Gemeinde ‹Südviertel›,kirche_stiftung,ja,christos,2026-09-26,,
Evangel. Kirchengemeinde ‹Altenessen-Süd›,koerperschaft,Evang. Kirchengem. Altenessen,kirche_stiftung,ja,christos,2026-09-23,,
Evangel. Kirchengemeinde ‹Bochold; Borbeck-Mitte›,koerperschaft,Evang. Kirchengemeinde ‹Bochold; Borbeck-Mitte›,kirche_stiftung,ja,christos,2026-09-23,,
Evangel. Kirchengemeinde ‹Stadtteil unbekannt›,koerperschaft,Evangel. Kirchengemeinde ‹Stadtteil unbekannt›,kirche_stiftung,ja,christos,2026-09-26,,
Evangel. Kirchengemeinde ‹Überruhr-Hinsel; Überruhr-Holthausen; Byfang›,koerperschaft,Evangel. Kirchengemeinde ‹Überruhr-Hinsel; Überruhr-Holthausen; Byfang›,kirche_stiftung,ja,christos,2026-09-26,,
Evangl. Gemeinde ‹Frohnhausen›,koerperschaft,Evgl. Kirchengemeinde ‹Frohnhausen›,kirche_stiftung,ja,christos,2026-09-23,,
Evgl. Kirchengem. ‹Katernberg; Schonnebeck; Stoppenberg›,koerperschaft,Evgl. Kirchengem. ‹Katernberg; Schonnebeck; Stoppenberg›,kirche_stiftung,ja,christos,2026-09-26,,
Evgl. Kirchengem. ‹Steele›,koerperschaft,Evang. Kirchengem. ‹Steele›,kirche_stiftung,ja,christos,2026-09-23,,
Evgl. Kirchengem. ‹Werden›,koerperschaft,Evang. Kirchengem. ‹Werden›,kirche_stiftung,ja,christos,2026-09-23,,
Evgl. Kirchengemeinde ‹Bergerhausen›,koerperschaft,Evgl. Kirchengemeinde ‹Bergerhausen›,kirche_stiftung,ja,christos,2026-09-26,,
Evgl. Kirchengemeinde ‹Bredeney›,koerperschaft,Evgl. Kirchengemeinde ‹Bredeney›,kirche_stiftung,ja,christos,2026-09-23,,
Evgl. Kirchengemeinde ‹Frohnhausen›,koerperschaft,Evgl. Kirchengemeinde ‹Frohnhausen›,kirche_stiftung,ja,christos,2026-09-23,,
Evgl. Kirchengemeinde ‹Steele›,koerperschaft,Evang. Kirchengem. ‹Steele›,kirche_stiftung,ja,christos,2026-09-23,,
Evgl. Kirchengemeinde ‹Südviertel›,koerperschaft,Evgl. Kirchengemeinde ‹Südviertel›,kirche_stiftung,ja,christos,2026-09-26,,
Herz-Jesu-Gemeinde ‹Steele›,koerperschaft,Herz-Jesu-Gemeinde ‹Steele›,kirche_stiftung,ja,christos,2026-09-26,,
Herz-Jesu-Pfarre ‹Altenessen-Süd›,koerperschaft,Herz-Jesu-Pfarre ‹Altenessen-Süd›,kirche_stiftung,ja,christos,2026-09-26,,
Kath. Kirchengem. ‹Altenessen-Süd›,koerperschaft,Kath. Kirchengem. ‹Altenessen-Süd›,kirche_stiftung,ja,christos,2026-09-26,,
Kath. Kirchengem. ‹Bergerhausen; Huttrop; Südostviertel; Südviertel›,koerperschaft,Kath. Kirchengem. ‹Bergerhausen; Huttrop; Südostviertel; Südviertel›,kirche_stiftung,ja,christos,2026-09-26,,
Kath. Kirchengem. ‹Bochold; Borbeck-Mitte›,koerperschaft,Kath. Kirchengem. ‹Bochold; Borbeck-Mitte›,kirche_stiftung,ja,christos,2026-09-26,,
Kath. Kirchengem. ‹Bochold›,koerperschaft,Kath. Kirchengem. ‹Bochold›,kirche_stiftung,ja,christos,2026-09-26,,
Kath. Kirchengem. ‹Freisenbruch›,koerperschaft,Kath. Kirchengem. ‹Freisenbruch›,kirche_stiftung,ja,christos,2026-09-26,,
Kath. Kirchengem. ‹Heisingen›,koerperschaft,Kath. Kirchengem. ‹Heisingen›,kirche_stiftung,ja,christos,2026-09-26,,
Kath. Kirchengem. ‹Horst; Freisenbruch›,koerperschaft,Kath. Kirchengem. ‹Horst; Freisenbruch›,kirche_stiftung,ja,christos,2026-09-23,,
Kath. Kirchengem. ‹Huttrop; Steele›,koerperschaft,Kath. Kirchengem. ‹Huttrop; Steele›,kirche_stiftung,ja,christos,2026-09-26,,
Kath. Kirchengem. ‹Leithe›,koerperschaft,Kath. Kirchengemeinde ‹Leithe›,kirche_stiftung,ja,christos,2026-09-23,,
Kath. Kirchengem. ‹Südviertel; Rüttenscheid; Huttrop; Bergerhausen; Rellinghausen›,koerperschaft,Kath. Kirchengem. ‹Südviertel; Rüttenscheid; Huttrop; Bergerhausen; Rellinghausen›,kirche_stiftung,ja,christos,2026-09-26,,
Kath. Kirchengemeinde ‹Altendorf›,koerperschaft,Kath. Kirchengemeinde ‹Altendorf›,kirche_stiftung,ja,christos,2026-09-26,,
Kath. Kirchengemeinde ‹Borbeck-Mitte; Gerschede›,koerperschaft,Kath. Kirchengemeinde ‹Borbeck-Mitte; Gerschede›,kirche_stiftung,ja,christos,2026-09-26,,
Kath. Kirchengemeinde ‹Kray; Steele›,koerperschaft,Kath. Kirchengemeinde ‹Kray; Steele›,kirche_stiftung,ja,christos,2026-09-26,,
Kath. Kirchengemeinde ‹Leithe›,koerperschaft,Kath. Kirchengemeinde ‹Leithe›,kirche_stiftung,ja,christos,2026-09-23,,
Kath. Kirchengemeinde ‹Rellinghausen; Stadtwald›,koerperschaft,Kath. Kirchengemeinde ‹Rellinghausen; Stadtwald›,kirche_stiftung,ja,christos,2026-09-23,,
Kath. Kirchengemeinde ‹Stadtkern›,koerperschaft,Kath. Kirchengemeinde ‹Stadtkern›,kirche_stiftung,ja,christos,2026-09-26,,
Kath. Kirchengemeinde ‹Stadtwald; Heisingen; Bredeney›,koerperschaft,Kath. Kirchengemeinde ‹Stadtwald; Heisingen; Bredeney›,kirche_stiftung,ja,christos,2026-09-26,,
Kath. Kirchengemeinde ‹Steele›,koerperschaft,Kath. Kirchengem. ‹Steele›,kirche_stiftung,ja,christos,2026-09-23,,
Kath. Pfarrgem. ‹Huttrop; Steele›,koerperschaft,Kath. Kirchengem. ‹Huttrop; Steele›,kirche_stiftung,ja,christos,2026-09-26,,
Kath. Pfarrgemeinde ‹Südviertel›,koerperschaft,Kath. Pfarrgemeinde ‹Südviertel›,kirche_stiftung,ja,christos,2026-09-26,,
Kathol. Kirchengemeinde ‹Borbeck-Mitte›,koerperschaft,Kath. Kirchengemeinde Borbeck,kirche_stiftung,ja,christos,2026-09-23,,
Kathol. Kirchengemeinde ‹Bredeney; Stadtwald; Rellinghausen›,koerperschaft,Kath. Kirchengemeinde ‹Bredeney; Stadtwald; Rellinghausen›,kirche_stiftung,ja,christos,2026-09-23,,
Kathol. Kirchengemeinde ‹Frintrop›,koerperschaft,Kath. Kirchengemeinde ‹Frintrop›,kirche_stiftung,ja,christos,2026-09-23,,
Kathol. Kirchengemeinde ‹Rellinghausen; Stadtwald›,koerperschaft,Kath. Kirchengemeinde ‹Rellinghausen; Stadtwald›,kirche_stiftung,ja,christos,2026-09-23,,
"Spielkamp, H.",person,"Spielkamp, H.",privatperson,ja,christos,2026-09-26,,
Giedl,person,Giedl,privatperson,ja,christos,2026-09-26,,
"Schulenburg, v. der, G.",person,Gräfl. v. der Schulenburg'sche Verwaltung,privatperson,ja,christos,2026-09-26,,
Bücking,person,Bücking,privatperson,ja,christos,2026-09-26,,
"Krupp v. Bohlen u. Halbach, G.",person,"Krupp v. Bohlen u. Halbach, Dr., Gustav",privatperson,ja,christos,2026-09-26,,
"Drees, J.",person,"Drees, J.",privatperson,ja,christos,2026-09-26,,
Grote,person,Grote,privatperson,ja,christos,2026-09-26,,
"Hilger, J.",person,"Hilger, J.",privatperson,ja,christos,2026-09-26,,
"Borgmann, L.",person,"Borgmann, L.",privatperson,ja,christos,2026-09-26,,
"Börskens, H.",person,"Börskens, H.",privatperson,ja,christos,2026-09-26,,
"Schulte, H. A.",person,"Schulte, H. A.",privatperson,ja,christos,2026-09-26,,
"Stauder, C.",person,"Stauder, C.",privatperson,ja,christos,2026-09-26,,
"Emschermann, H.",person,"Emschermann, H.",privatperson,ja,christos,2026-09-26,,
"Geuer, J.",person,"Geuer, J.",privatperson,ja,christos,2026-09-26,,
"Karsch, P.",person,"Karsch, P.",privatperson,ja,christos,2026-09-26,,
"Leuthäuser, L.",person,"Leuthäuser, L.",privatperson,ja,christos,2026-09-26,,
"Risack, E.",person,"Risack, E.",privatperson,ja,christos,2026-09-26,,
"Frohn, J.",person,"Frohn, J.",privatperson,ja,christos,2026-09-26,,
"Henning, J.",person,"Henning, J.",privatperson,ja,christos,2026-09-26,,
"Bockolt, H.",person,"Bockolt, H.",privatperson,ja,christos,2026-09-26,,
"Großens, A.",person,"Großens, A.",privatperson,ja,christos,2026-09-26,,
"Hausmann, C.",person,"Hausmann, C.",privatperson,ja,christos,2026-09-26,,
"Holbeck, B.",person,"Holbeck, B.",privatperson,ja,christos,2026-09-26,,
Pfalzgraf,person,Pfalzgraf,privatperson,ja,christos,2026-09-26,,
Pöppinghaus,person,Pöppinghaus,privatperson,ja,christos,2026-09-26,,
"Temming, H.",person,"Temming, H.",privatperson,ja,christos,2026-09-26,,
"Barkhoff, Th.",person,"Barkhoff, Th.",privatperson,ja,christos,2026-09-26,,
"Claes, W.",person,"Claes, W.",privatperson,ja,christos,2026-09-26,,
"Grotkamp, H.",person,"Grotkamp, H.",privatperson,ja,christos,2026-09-26,,
"Hufer, H.",person,"Hufer, H.",privatperson,ja,christos,2026-09-26,,
Höfel,person,Höfel,privatperson,ja,christos,2026-09-26,,
"Köster, L.",person,"Köster, L.",privatperson,ja,christos,2026-09-26,,
"Piekenbrock, Carl",person,"Piekenbrock, Carl",privatperson,ja,christos,2026-09-26,,
"Schimmelpfennig, G.",person,"Schimmelpfennig, G.",privatperson,ja,christos,2026-09-26,,
"Schöne, R.",person,"Schöne, R.",privatperson,ja,christos,2026-09-26,,
"Stückenschneider, A.",person,"Stückenschneider, A.",privatperson,ja,christos,2026-09-26,,
"Bechem, F.",person,"Bechem, F.",privatperson,ja,christos,2026-09-26,,
Bürvenich,person,Bürvenich,privatperson,ja,christos,2026-09-26,,
"Eickhof, E.",person,"Eickhof, E.",privatperson,ja,christos,2026-09-26,,
"Graffweg, J.",person,"Graffweg, J.",privatperson,ja,christos,2026-09-26,,
"Großjung, H.",person,"Großjung, H.",privatperson,ja,christos,2026-09-26,,
"Haakshorst, E.",person,"Haakshorst, E.",privatperson,ja,christos,2026-09-26,,
"Herwig, F.",person,"Herwig, F.",privatperson,ja,christos,2026-09-26,,
"Heyd, H.",person,"Heyd, H.",privatperson,ja,christos,2026-09-26,,
"Karsch, B.",person,"Karsch, B.",privatperson,ja,christos,2026-09-26,,
"Karsch, F.",person,"Karsch, F.",privatperson,ja,christos,2026-09-26,,
"Lüttenberg, H.",person,"Lüttenberg, H.",privatperson,ja,christos,2026-09-26,,
"Maas, W.",person,"Maas, W.",privatperson,ja,christos,2026-09-26,,
"Plaßmann, M.",person,"Plaßmann, M.",privatperson,ja,christos,2026-09-26,,
"Tönnishoff, A.",person,"Tönnishoff, A.",privatperson,ja,christos,2026-09-26,,
Voßkühler,person,Voßkühler,privatperson,ja,christos,2026-09-26,,
"Wassermann, B.",person,"Wassermann, B.",privatperson,ja,christos,2026-09-26,,
"Artmann, A.",person,"Artmann, A.",privatperson,ja,christos,2026-09-26,,
"Barkhoff, H.",person,"Barkhoff, H.",privatperson,ja,christos,2026-09-26,,
"Bohnenkamp, F.",person,"Bohnenkamp, F.",privatperson,ja,christos,2026-09-26,,
"Borgers, W.",person,"Borgers, W.",privatperson,ja,christos,2026-09-26,,
"Brandhoff, J.",person,"Brandhoff, J.",privatperson,ja,christos,2026-09-26,,
"Cappius, A.",person,"Cappius, A.",privatperson,ja,christos,2026-09-26,,
"Droll, Th.",person,"Droll, Th.",privatperson,ja,christos,2026-09-26,,
"Fleuringer, W.",person,"Fleuringer, W.",privatperson,ja,christos,2026-09-26,,
"Frielingsdorf, P.",person,"Frielingsdorf, P.",privatperson,ja,christos,2026-09-26,,
Funke,person,Funke,privatperson,ja,christos,2026-09-26,,
Hollmann,person,Hollmann,privatperson,ja,christos,2026-09-26,,
"Ising, A.",person,"Ising, A.",privatperson,ja,christos,2026-09-26,,
"Keienburg, W.",person,"Keienburg, W.",privatperson,ja,christos,2026-09-26,,
"Körzel, F.",person,"Körzel, F.",privatperson,ja,christos,2026-09-26,,
"Linneweber, Dr., G.",person,"Linneweber, Dr., G.",privatperson,ja,christos,2026-09-26,,
"Noell, E.",person,"Noell, E.",privatperson,ja,christos,2026-09-26,,
Nürnberg,person,Nürnberg,privatperson,ja,christos,2026-09-26,,
"Pfeiffer, F.",person,"Pfeiffer, F.",privatperson,ja,christos,2026-09-26,,
"Pothmann, Cl.",person,"Pothmann, Cl.",privatperson,ja,christos,2026-09-26,,
Sandgathe,person,Sandgathe,privatperson,ja,christos,2026-09-26,,
"Schlanstein, W.",person,"Schlanstein, W.",privatperson,ja,christos,2026-09-26,,
"Schleich, J.",person,"Schleich, J.",privatperson,ja,christos,2026-09-26,,
"Schulz, E.",person,"Schulz, E.",privatperson,ja,christos,2026-09-26,,
"Sonnenschein, J.",person,"Sonnenschein, J.",privatperson,ja,christos,2026-09-26,,
Terboven,person,Terboven,privatperson,ja,christos,2026-09-26,,
"Vittinghoff-Schell, v.",person,"Vittinghoff-Schell, v.",privatperson,ja,christos,2026-09-26,,
"Wilhelm, R.",person,"Wilhelm, R.",privatperson,ja,christos,2026-09-26,,
"Aldick, H.",person,"Aldick, H.",privatperson,ja,christos,2026-09-26,,
"Arndt, A.",person,"Arndt, A.",privatperson,ja,christos,2026-09-26,,
"Berger, E.",person,"Berger, E.",privatperson,ja,christos,2026-09-26,,
"Bockelkamp, J.",person,"Bockelkamp, J.",privatperson,ja,christos,2026-09-26,,
"Bosch, van der, J.",person,"Bosch, van der, J.",privatperson,ja,christos,2026-09-26,,
"Brandhoff, H.",person,"Brandhoff, H.",privatperson,ja,christos,2026-09-26,,
Brecklinghaus,person,Brecklinghaus,privatperson,ja,christos,2026-09-26,,
"Buchholz, W.",person,"Buchholz, W.",privatperson,ja,christos,2026-09-26,,
"Büsch, E.",person,"Büsch, E.",privatperson,ja,christos,2026-09-26,,
"Denne, L.",person,"Denne, L.",privatperson,ja,christos,2026-09-26,,
"Dietzsch, P.",person,"Dietzsch, P.",privatperson,ja,christos,2026-09-26,,
"Dohm, E.",person,"Dohm, E.",privatperson,ja,christos,2026-09-26,,
"Draguhn, G.",person,"Draguhn, G.",privatperson,ja,christos,2026-09-26,,
"Flügel, F.",person,"Flügel, F.",privatperson,ja,christos,2026-09-26,,
"Gerschermann, H.",person,"Gerschermann, H.",privatperson,ja,christos,2026-09-26,,
"Giorgi, de, H.",person,"Giorgi, de, H.",privatperson,ja,christos,2026-09-26,,
Gödden,person,Gödden,privatperson,ja,christos,2026-09-26,,
"Göke, H.",person,"Göke, H.",privatperson,ja,christos,2026-09-26,,
"Heinz, A.",person,"Heinz, A.",privatperson,ja,christos,2026-09-26,,
"Helf, W.",person,"Helf, W.",privatperson,ja,christos,2026-09-26,,
"Hofmann, W.",person,"Hofmann, W.",privatperson,ja,christos,2026-09-26,,
"Hörster, H.",person,"Hörster, H.",privatperson,ja,christos,2026-09-26,,
"Hüttmann, F.",person,"Hüttmann, F.",privatperson,ja,christos,2026-09-26,,
"Kaub, W.",person,"Kaub, W.",privatperson,ja,christos,2026-09-26,,
Kemper,person,Kemper,privatperson,ja,christos,2026-09-26,,
Kinzius,person,Kinzius,privatperson,ja,christos,2026-09-26,,
"Klawitter, M.",person,"Klawitter, M.",privatperson,ja,christos,2026-09-26,,
"Lindemann, Th.",person,"Lindemann, Th.",privatperson,ja,christos,2026-09-26,,
"Loon, van, J.",person,"Loon, van, J.",privatperson,ja,christos,2026-09-26,,
"Lüttgens, A.",person,"Lüttgens, A.",privatperson,ja,christos,2026-09-26,,
"Maaßen, M.",person,"Maaßen, M.",privatperson,ja,christos,2026-09-26,,
"Markgraf, P.",person,"Markgraf, P.",privatperson,ja,christos,2026-09-26,,
"Menzel, F.",person,"Menzel, F.",privatperson,ja,christos,2026-09-26,,
"Nobermann, W.",person,"Nobermann, W.",privatperson,ja,christos,2026-09-26,,
"Noel, H.",person,"Noel, H.",privatperson,ja,christos,2026-09-26,,
"Oberembt, K.",person,"Oberembt, K.",privatperson,ja,christos,2026-09-26,,
"Rahmann, H.",person,"Rahmann, H.",privatperson,ja,christos,2026-09-26,,
Reich,person,Reich,privatperson,ja,christos,2026-09-26,,
"Riehl, W.",person,"Riehl, W.",privatperson,ja,christos,2026-09-26,,
"Rohden, F. W.",person,"Rohden, F. W.",privatperson,ja,christos,2026-09-26,,
"Rohmann, W.",person,"Rohmann, W.",privatperson,ja,christos,2026-09-26,,
Rotthoff,person,Rotthoff,privatperson,ja,christos,2026-09-26,,
"Ruhrbruch, G.",person,"Ruhrbruch, G.",privatperson,ja,christos,2026-09-26,,
"Rüping, M.",person,"Rüping, M.",privatperson,ja,christos,2026-09-26,,
"Schimanski, K.",person,"Schimanski, K.",privatperson,ja,christos,2026-09-26,,
"Silberkuhl gen. Wientgen, J.",person,"Silberkuhl gen. Wientgen, J.",privatperson,ja,christos,2026-09-26,,
"Stallmann, F.",person,"Stallmann, F.",privatperson,ja,christos,2026-09-26,,
"Surs, M.",person,"Surs, M.",privatperson,ja,christos,2026-09-26,,
Thol,person,Thol,privatperson,ja,christos,2026-09-26,,
"Uhle, K.",person,"Uhle, K.",privatperson,ja,christos,2026-09-26,,
"Viehausen, E.",person,"Viehausen, E.",privatperson,ja,christos,2026-09-26,,
"Vittinghoff-Schell, v., Frhr.",person,"Vittinghoff-Schell, v., Frhr.",privatperson,ja,christos,2026-09-26,,
"Waltmann, J.",person,"Waltmann, J.",privatperson,ja,christos,2026-09-26,,
"Wingenfeld, J.",person,"Wingenfeld, J.",privatperson,ja,christos,2026-09-26,,
"Arnholdt, P.",person,"Arnholdt, P.",privatperson,ja,christos,2026-09-26,,
"Arnst, P.",person,"Arnst, P.",privatperson,ja,christos,2026-09-26,,
"Austermann, H.",person,"Austermann, H.",privatperson,ja,christos,2026-09-26,,
"Barkhoff, J.",person,"Barkhoff, J.",privatperson,ja,christos,2026-09-26,,
"Beckmeier, K.",person,"Beckmeier, K.",privatperson,ja,christos,2026-09-26,,
"Beine, J.",person,"Beine, J.",privatperson,ja,christos,2026-09-26,,
Berning,person,Berning,privatperson,ja,christos,2026-09-26,,
"Bernsau, W.",person,"Bernsau, W.",privatperson,ja,christos,2026-09-26,,
"Betz, A.",person,"Betz, A.",privatperson,ja,christos,2026-09-26,,
"Bickenbach, A.",person,"Bickenbach, A.",privatperson,ja,christos,2026-09-26,,
"Bodenbach, J.",person,"Bodenbach, J.",privatperson,ja,christos,2026-09-26,,
"Boland, H.",person,"Boland, H.",privatperson,ja,christos,2026-09-26,,
"Brecklinghaus, A.",person,"Brecklinghaus, A.",privatperson,ja,christos,2026-09-26,,
"Brecklinghaus, E.",person,"Brecklinghaus, E.",privatperson,ja,christos,2026-09-26,,
"Brenker, W.",person,"Brenker, W.",privatperson,ja,christos,2026-09-26,,
"Breuer, M.",person,"Breuer, M.",privatperson,ja,christos,2026-09-26,,
Brinkmann,person,Brinkmann,privatperson,ja,christos,2026-09-26,,
Bruns,person,Bruns,privatperson,ja,christos,2026-09-26,,
"Böhmer, H.",person,"Böhmer, H.",privatperson,ja,christos,2026-09-26,,
"Bücking, F., sen.",person,"Bücking, F., sen.",privatperson,ja,christos,2026-09-26,,
Cahn,person,Cahn,privatperson,ja,christos,2026-09-26,,
"Classen, J.",person,"Classen, J.",privatperson,ja,christos,2026-09-26,,
"Clemens, H.",person,"Clemens, H.",privatperson,ja,christos,2026-09-26,,
"Droste, W.",person,"Droste, W.",privatperson,ja,christos,2026-09-26,,
"Dräger, F.",person,"Dräger, F.",privatperson,ja,christos,2026-09-26,,
"Duvenkamp, L.",person,"Duvenkamp, L.",privatperson,ja,christos,2026-09-26,,
"Eckrod, W.",person,"Eckrod, W.",privatperson,ja,christos,2026-09-26,,
"Eeltink, H.",person,"Eeltink, H.",privatperson,ja,christos,2026-09-26,,
"Eichholz, R.",person,"Eichholz, R.",privatperson,ja,christos,2026-09-26,,
"Eickhoff, H.",person,"Eickhoff, H.",privatperson,ja,christos,2026-09-26,,
"Engels, F.",person,"Engels, F.",privatperson,ja,christos,2026-09-26,,
"Engelskirchen, G.",person,"Engelskirchen, G.",privatperson,ja,christos,2026-09-26,,
"Eschenbruch, J.",person,"Eschenbruch, J.",privatperson,ja,christos,2026-09-26,,
"Eupen, von",person,"Eupen, von",privatperson,ja,christos,2026-09-26,,
"Freitag, W.",person,"Freitag, W.",privatperson,ja,christos,2026-09-26,,
"Friedmann, M.",person,"Friedmann, M.",privatperson,ja,christos,2026-09-26,,
"Fritz, F.",person,"Fritz, F.",privatperson,ja,christos,2026-09-26,,
"Fränsemeier, W.",person,"Fränsemeier, W.",privatperson,ja,christos,2026-09-26,,
"Funke, F.",person,"Funke, F.",privatperson,ja,christos,2026-09-26,,
"Funke-Kaiser, J.",person,"Funke-Kaiser, J.",privatperson,ja,christos,2026-09-26,,
"Gemer, v., R.",person,"Gemer, v., R.",privatperson,ja,christos,2026-09-26,,
"Gerling, F.",person,"Gerling, F.",privatperson,ja,christos,2026-09-26,,
"Gildemeyer, H.",person,"Gildemeyer, H.",privatperson,ja,christos,2026-09-26,,
"Gimken, F.",person,"Gimken, F.",privatperson,ja,christos,2026-09-26,,
"Groote, F.",person,"Groote, F.",privatperson,ja,christos,2026-09-26,,
"Gräf, J.",person,"Gräf, J.",privatperson,ja,christos,2026-09-26,,
"Hackländer, Dr. med., F.",person,"Hackländer, Dr. med., F.",privatperson,ja,christos,2026-09-26,,
"Hackmann, F.",person,"Hackmann, F.",privatperson,ja,christos,2026-09-26,,
"Happel, G.",person,"Happel, G.",privatperson,ja,christos,2026-09-26,,
"Hartmann, H.",person,"Hartmann, H.",privatperson,ja,christos,2026-09-26,,
"Hausen,zur",person,"Hausen,zur",privatperson,ja,christos,2026-09-26,,
Hegemann,person,Hegemann,privatperson,ja,christos,2026-09-26,,
"Helbing, R.",person,"Helbing, R.",privatperson,ja,christos,2026-09-26,,
"Hoffstadt gen. Große-Steinkamp, H.",person,"Hoffstadt gen. Große-Steinkamp, H.",privatperson,ja,christos,2026-09-26,,
"Hohmann, J.",person,"Hohmann, J.",privatperson,ja,christos,2026-09-26,,
"Holbeck, Th.",person,"Holbeck, Th.",privatperson,ja,christos,2026-09-26,,
"Holtkamp, F.",person,"Holtkamp, F.",privatperson,ja,christos,2026-09-26,,
"Horstbrink, E.",person,"Horstbrink, E.",privatperson,ja,christos,2026-09-26,,
"Hüsgen, H.",person,"Hüsgen, H.",privatperson,ja,christos,2026-09-26,,
"Jäckel, F.",person,"Jäckel, F.",privatperson,ja,christos,2026-09-26,,
"Jäger, H.",person,"Jäger, H.",privatperson,ja,christos,2026-09-26,,
"Kallenberg, W.",person,"Kallenberg, W.",privatperson,ja,christos,2026-09-26,,
"Kamphausen, O.",person,"Kamphausen, O.",privatperson,ja,christos,2026-09-26,,
Katemann,person,Katemann,privatperson,ja,christos,2026-09-26,,
"Kauke, J.",person,"Kauke, J.",privatperson,ja,christos,2026-09-26,,
"Kemper, W.",person,"Kemper, W.",privatperson,ja,christos,2026-09-26,,
"Kettler, F.",person,"Kettler, F.",privatperson,ja,christos,2026-09-26,,
"Keßler, A.",person,"Keßler, A.",privatperson,ja,christos,2026-09-26,,
"Kimmeskamp, P.",person,"Kimmeskamp, P.",privatperson,ja,christos,2026-09-26,,
Klein,person,Klein,privatperson,ja,christos,2026-09-26,,
"Kleinertz, W.",person,"Kleinertz, W.",privatperson,ja,christos,2026-09-26,,
"Kley, W.",person,"Kley, W.",privatperson,ja,christos,2026-09-26,,
"Kloh, J.",person,"Kloh, J.",privatperson,ja,christos,2026-09-26,,
"Klostermann, E.",person,"Klostermann, E.",privatperson,ja,christos,2026-09-26,,
"Kohl, M.",person,"Kohl, M.",privatperson,ja,christos,2026-09-26,,
"Koke, F.",person,"Koke, F.",privatperson,ja,christos,2026-09-26,,
"Krausenbaum, W.",person,"Krausenbaum, W.",privatperson,ja,christos,2026-09-26,,
"Kresken, H.",person,"Kresken, H.",privatperson,ja,christos,2026-09-26,,
"Kuhl, M.",person,"Kuhl, M.",privatperson,ja,christos,2026-09-26,,
"Kämper, W.",person,"Kämper, W.",privatperson,ja,christos,2026-09-26,,
"Köhler, R.",person,"Köhler, R.",privatperson,ja,christos,2026-09-26,,
"Köhne, Th.",person,"Köhne, Th.",privatperson,ja,christos,2026-09-26,,
"Küpper, F.",person,"Küpper, F.",privatperson,ja,christos,2026-09-26,,
Lagermann,person,Lagermann,privatperson,ja,christos,2026-09-26,,
"Löbbert, J.",person,"Löbbert, J.",privatperson,ja,christos,2026-09-26,,
"Maaßen, W.",person,"Maaßen, W.",privatperson,ja,christos,2026-09-26,,
"Mennekes, J.",person,"Mennekes, J.",privatperson,ja,christos,2026-09-26,,
"Möller, M.",person,"Möller, M.",privatperson,ja,christos,2026-09-26,,
"Mühlen, v. u. zu",person,"Mühlen, v. u. zu",privatperson,ja,christos,2026-09-26,,
"Müsse, F.",person,"Müsse, F.",privatperson,ja,christos,2026-09-26,,
"Nacke, A.",person,"Nacke, A.",privatperson,ja,christos,2026-09-26,,
"Neuhaus, H.",person,"Neuhaus, H.",privatperson,ja,christos,2026-09-26,,
"Niesen, W.",person,"Niesen, W.",privatperson,ja,christos,2026-09-26,,
"Ocklenburg, H.",person,"Ocklenburg, H.",privatperson,ja,christos,2026-09-26,,
"Osthoff, E.",person,"Osthoff, E.",privatperson,ja,christos,2026-09-26,,
"Pennekamp, E.",person,"Pennekamp, E.",privatperson,ja,christos,2026-09-26,,
"Pfeil, E.",person,"Pfeil, E.",privatperson,ja,christos,2026-09-26,,
"Piekenbrock, Joh.",person,"Piekenbrock, Joh.",privatperson,ja,christos,2026-09-26,,
"Pinnekamp, J.",person,"Pinnekamp, J.",privatperson,ja,christos,2026-09-26,,
"Pippert, J.",person,"Pippert, J.",privatperson,ja,christos,2026-09-26,,
"Platz, P.",person,"Platz, P.",privatperson,ja,christos,2026-09-26,,
"Plückthun, W.",person,"Plückthun, W.",privatperson,ja,christos,2026-09-26,,
"Pollerberg, J.",person,"Pollerberg, J.",privatperson,ja,christos,2026-09-26,,
Pothmann,person,Pothmann,privatperson,ja,christos,2026-09-26,,
Real,person,Real,privatperson,ja,christos,2026-09-26,,
"Rotthäuser, C.",person,"Rotthäuser, C.",privatperson,ja,christos,2026-09-26,,
"Rudolph, C.",person,"Rudolph, C.",privatperson,ja,christos,2026-09-26,,
"Rullich, J.",person,"Rullich, J.",privatperson,ja,christos,2026-09-26,,
"Röger, P.",person,"Röger, P.",privatperson,ja,christos,2026-09-26,,
"Rübsam, W.",person,"Rübsam, W.",privatperson,ja,christos,2026-09-26,,
"Samson, W.",person,"Samson, W.",privatperson,ja,christos,2026-09-26,,
"Schavhaus, W.",person,"Schavhaus, W.",privatperson,ja,christos,2026-09-26,,
"Schlömer, J.",person,"Schlömer, J.",privatperson,ja,christos,2026-09-26,,
"Scholten, W.",person,"Scholten, W.",privatperson,ja,christos,2026-09-26,,
Schulte-Möckershoff,person,Schulte-Möckershoff,privatperson,ja,christos,2026-09-26,,
"Schulte-Möckershoff, W.",person,"Schulte-Möckershoff, W.",privatperson,ja,christos,2026-09-26,,
"Schunk, E.",person,"Schunk, E.",privatperson,ja,christos,2026-09-26,,
"Schwarz, W.",person,"Schwarz, W.",privatperson,ja,christos,2026-09-26,,
"Schwedtmann, J.",person,"Schwedtmann, J.",privatperson,ja,christos,2026-09-26,,
"Schön, J.",person,"Schön, J.",privatperson,ja,christos,2026-09-26,,
"Schürenberg, W.",person,"Schürenberg, W.",privatperson,ja,christos,2026-09-26,,
"Siepmann-Rasche, A.",person,"Siepmann-Rasche, A.",privatperson,ja,christos,2026-09-26,,
"Simon, J.",person,"Simon, J.",privatperson,ja,christos,2026-09-26,,
"Simon, Ph.",person,"Simon, Ph.",privatperson,ja,christos,2026-09-26,,
"Stein, v. d., W.",person,"Stein, v. d., W.",privatperson,ja,christos,2026-09-26,,
"Stöckmann, J.",person,"Stöckmann, J.",privatperson,ja,christos,2026-09-26,,
"Tigges, W.",person,"Tigges, W.",privatperson,ja,christos,2026-09-26,,
"Vogelsang, M.",person,"Vogelsang, M.",privatperson,ja,christos,2026-09-26,,
"Vogt, H.",person,"Vogt, H.",privatperson,ja,christos,2026-09-26,,
"Vonessen, A.",person,"Vonessen, A.",privatperson,ja,christos,2026-09-26,,
"Wehling, B. sen.",person,"Wehling, B. sen.",privatperson,ja,christos,2026-09-26,,
"Weinberg, K.",person,"Weinberg, K.",privatperson,ja,christos,2026-09-26,,
Westerdorf,person,Westerdorf,privatperson,ja,christos,2026-09-26,,
"Willemsen, K.",person,"Willemsen, K.",privatperson,ja,christos,2026-09-26,,
"Wolbeck, H.",person,"Wolbeck, H.",privatperson,ja,christos,2026-09-26,,
"Wolf, E.",person,"Wolf, E.",privatperson,ja,christos,2026-09-26,,
"Wortberg, J.",person,"Wortberg, J.",privatperson,ja,christos,2026-09-26,,
