{"type":"FeatureCollection","features":[{"type":"Feature","properties":{"id":"Altendorf","quelle":"OpenStreetMap (ODbL), boundary=administrative admin_level=10","stand":"2026-09-25"},"geometry":{"type":"MultiPolygon","coordinates":[[[[6.9602399,51.4621514],[6.9601965,51.4621063],[6.9602204,51.462046],[6.9586791,51.4604384],[6.9587501,51.4603794],[6.9588097,51.4603705],[6.9588382,51.460381],[6.9590743,51.4600617],[6.9589373,51.4599978],[6.9570674,51.4592946],[6.9564871,51.4590959],[6.9562099,51.459031],[6.9556814,51.4588594],[6.9549954,51.4586031],[6.9540747,51.4580595],[6.9541413,51.4579046],[6.9543128,51.4576456],[6.9541244,51.457571],[6.9541539,51.4575062],[6.9544396,51.4575286],[6.9550687,51.4567551],[6.9551698,51.4567479],[6.9555303,51.4563974],[6.9556011,51.4562757],[6.956217,51.4558516],[6.9562666,51.4558861],[6.9567979,51.4555311],[6.9575078,51.4552206],[6.9594923,51.4548244],[6.9599038,51.4545299],[6.9630108,51.4550823],[6.9653812,51.4554782],[6.9673054,51.4557271],[6.9691222,51.4559558],[6.972351,51.4559457],[6.9745679,51.4559181],[6.9747301,51.4561829],[6.9754567,51.4561255],[6.9755742,51.456674],[6.9787923,51.4563075],[6.9806033,51.4554047],[6.9813534,51.4549247],[6.9813991,51.4547596],[6.9813871,51.4546919],[6.9814922,51.4546701],[6.9815963,51.4546405],[6.9816754,51.4547839],[6.9818531,51.4547624],[6.9857776,51.4537603],[6.987628,51.4532974],[6.9876306,51.4532935],[6.9876903,51.4532808],[6.9877507,51.4532494],[6.9883281,51.4530614],[6.9883561,51.4530537],[6.9884805,51.4530411],[6.9890416,51.4535084],[6.9889407,51.4538348],[6.9889193,51.4538215],[6.9887388,51.453962],[6.9885709,51.4539467],[6.9883477,51.4539336],[6.9880579,51.4539334],[6.9878079,51.453964],[6.9875664,51.4540066],[6.9872466,51.4541062],[6.9871391,51.4541449],[6.9867475,51.4542858],[6.9846689,51.4550335],[6.984386,51.455152],[6.9841466,51.4552825],[6.9839735,51.4554021],[6.9837944,51.4555412],[6.9836636,51.4556807],[6.9835353,51.4558472],[6.9834477,51.4560137],[6.9833709,51.4562086],[6.9833444,51.4563518],[6.9831484,51.4594873],[6.9831496,51.4595586],[6.9831793,51.4597518],[6.9833143,51.4601506],[6.9833668,51.4603238],[6.9835208,51.4606194],[6.9820482,51.4609256],[6.982759,51.4622173],[6.9838934,51.4620933],[6.9845377,51.4623574],[6.9847966,51.4627749],[6.9845701,51.4632443],[6.9843636,51.4635742],[6.9843268,51.4636439],[6.9842349,51.4637564],[6.9842243,51.4637937],[6.9841544,51.4639414],[6.9839389,51.4642757],[6.9836756,51.4647384],[6.9836102,51.4648171],[6.9834089,51.4651213],[6.983318,51.4652751],[6.9832284,51.4653968],[6.9831983,51.4654378],[6.9831596,51.4657405],[6.9834972,51.4657071],[6.983691,51.465773],[6.9836953,51.4657957],[6.9834452,51.4658083],[6.983442,51.4657877],[6.9833608,51.4657917],[6.9833634,51.4658136],[6.9831647,51.4658217],[6.9831771,51.4659492],[6.983191,51.4659492],[6.983248,51.4659895],[6.9831561,51.4659942],[6.9832416,51.466156],[6.9833993,51.4661467],[6.9833412,51.4662038],[6.9837016,51.4669107],[6.9833033,51.4683169],[6.9832946,51.4683592],[6.9832972,51.4684002],[6.9832702,51.4684135],[6.9834021,51.4686661],[6.9834601,51.4686867],[6.983631,51.4690601],[6.983644,51.4690715],[6.9836686,51.4690792],[6.9837083,51.4690802],[6.9836677,51.469085],[6.9833545,51.4689765],[6.9832874,51.469084],[6.9825942,51.4694543],[6.981763,51.4700379],[6.9803127,51.4708834],[6.9797793,51.4713188],[6.9797894,51.4712924],[6.9797717,51.4712721],[6.9797302,51.4712669],[6.9789968,51.471237],[6.9788936,51.4712264],[6.9788447,51.4712141],[6.978874,51.4711919],[6.9787046,51.471141],[6.9786789,51.4711648],[6.9786594,51.471156],[6.9786292,51.4711565],[6.9786845,51.4711112],[6.9784262,51.4709769],[6.9783824,51.470936],[6.9784601,51.4707761],[6.9784513,51.4707449],[6.9784287,51.4707222],[6.9783957,51.4707105],[6.9781842,51.47068],[6.978123,51.4706848],[6.977956,51.4705168],[6.9776268,51.470072],[6.9757776,51.4705325],[6.975159,51.4700641],[6.9740197,51.4698632],[6.9708452,51.4707696],[6.9700565,51.4694285],[6.9679788,51.4679877],[6.9658287,51.4665938],[6.9629106,51.4648475],[6.9627963,51.4648019],[6.9616794,51.4640471],[6.9617694,51.4640027],[6.9616581,51.4638345],[6.9615759,51.4638708],[6.9615514,51.463882],[6.9613009,51.4635299],[6.9613359,51.463519],[6.9609578,51.4629432],[6.9608901,51.4629617],[6.9603757,51.4623121],[6.9603838,51.4623103],[6.9602465,51.4621495],[6.9602399,51.4621514]]]]}},{"type":"Feature","properties":{"id":"Altenessen-Nord","quelle":"OpenStreetMap (ODbL), boundary=administrative admin_level=10","stand":"2026-09-25"},"geometry":{"type":"MultiPolygon","coordinates":[[[[7.0235597,51.5007736],[7.0450527,51.5113326],[7.0449577,51.5113917],[7.0447067,51.5114487],[7.0445437,51.5114297],[7.0441988,51.5113077],[7.0436209,51.5112767],[7.0432609,51.5111927],[7.042718,51.5112427],[7.04245,51.5113297],[7.0422511,51.5113337],[7.0419781,51.5112687],[7.0418351,51.5112577],[7.0417271,51.5112807],[7.0414772,51.5115097],[7.0414252,51.5115977],[7.0414142,51.5119096],[7.0411312,51.5122836],[7.0410982,51.5124516],[7.0411202,51.5126655],[7.0408833,51.5134964],[7.0407063,51.5136114],[7.0399544,51.5138974],[7.0397744,51.5139204],[7.0395205,51.5138864],[7.0388896,51.5139054],[7.0378457,51.5140924],[7.0377027,51.5141834],[7.0375968,51.5143173],[7.0375021,51.5143102],[7.0374368,51.5143053],[7.0374028,51.5143933],[7.0373498,51.5145613],[7.0373198,51.5146413],[7.0371238,51.5147293],[7.0364429,51.5146373],[7.0353805,51.5146447],[7.0324485,51.5143396],[7.0332862,51.5162004],[7.0310425,51.5163612],[7.0288551,51.5167232],[7.0269351,51.5170646],[7.025158,51.516972],[7.0245877,51.517159],[7.0245101,51.5172337],[7.022478,51.5165075],[7.0077267,51.5132215],[7.0077204,51.5132407],[7.0073301,51.5131564],[7.0072017,51.5131224],[7.0068778,51.5131112],[7.0068745,51.5130647],[7.006822,51.5130675],[7.0068347,51.5129687],[7.0067472,51.5129458],[7.0067359,51.5129227],[7.0064084,51.5128224],[7.0031001,51.5120803],[7.0009073,51.5116546],[6.9963608,51.5106773],[6.9945689,51.5102259],[6.9932143,51.5100179],[6.992441,51.5098753],[6.9933489,51.5088168],[6.9937392,51.5082206],[6.9939875,51.5076188],[6.9941028,51.5069177],[6.9939803,51.5062033],[6.9938579,51.5057699],[6.9934691,51.5051531],[6.9930363,51.5048799],[6.9935945,51.50406],[6.9942811,51.5040897],[6.9949386,51.5039529],[6.9953463,51.5038201],[6.9957634,51.5036054],[6.9960205,51.5033321],[6.9960833,51.5031077],[6.9960331,51.5027836],[6.9954216,51.5004235],[6.9949073,51.4993146],[6.9947254,51.4984127],[6.9948195,51.4977685],[6.994901,51.4974561],[6.9952585,51.4968743],[6.9957939,51.4960336],[6.9966752,51.4946466],[6.9970132,51.4939695],[6.9970345,51.4939176],[6.9971843,51.4935582],[6.9973741,51.4929529],[6.9974566,51.4925773],[6.9975673,51.4922016],[6.9979396,51.4902264],[6.9983278,51.4904158],[6.999253,51.4911787],[7.0006376,51.4922811],[7.0019915,51.4933294],[7.0034063,51.4935645],[7.0034625,51.4944601],[7.004771,51.4951654],[7.0064781,51.4959418],[7.0082161,51.4966287],[7.0082443,51.4963812],[7.0106219,51.4968782],[7.010649,51.4971054],[7.0113976,51.4971587],[7.0128589,51.4974551],[7.0130249,51.4972796],[7.0166481,51.4980419],[7.0191469,51.4987419],[7.0206948,51.4993642],[7.0235597,51.5007736]]]]}},{"type":"Feature","properties":{"id":"Altenessen-Süd","quelle":"OpenStreetMap (ODbL), boundary=administrative admin_level=10","stand":"2026-09-25"},"geometry":{"type":"MultiPolygon","coordinates":[[[[7.0034625,51.4944601],[7.004771,51.4951654],[7.0064781,51.4959418],[7.0082161,51.4966287],[7.0082443,51.4963812],[7.0106219,51.4968782],[7.010649,51.4971054],[7.0113976,51.4971587],[7.0128589,51.4974551],[7.0130249,51.4972796],[7.0166481,51.4980419],[7.0191469,51.4987419],[7.0206948,51.4993642],[7.0235597,51.5007736],[7.0236898,51.5003295],[7.0232304,51.5000491],[7.0241537,51.497715],[7.0249801,51.4963138],[7.023629,51.4959883],[7.0241129,51.493313],[7.0243036,51.4922545],[7.0249034,51.4906676],[7.0227624,51.4902357],[7.0227765,51.4900778],[7.0207099,51.4898467],[7.0207586,51.4896386],[7.0219728,51.4881057],[7.0222904,51.4873718],[7.022414,51.4867556],[7.0226614,51.4859855],[7.0226084,51.4856994],[7.0226879,51.4855839],[7.0227144,51.4854793],[7.0223964,51.4853583],[7.0215056,51.4843437],[7.0206686,51.483589],[7.0195066,51.482632],[7.020856,51.4816828],[7.0214432,51.4811459],[7.0226051,51.4799243],[7.0236546,51.4791228],[7.0235796,51.4789361],[7.0222803,51.4782436],[7.0234672,51.4774576],[7.0243293,51.476625],[7.0247541,51.4759558],[7.024954,51.47545],[7.0248695,51.4752767],[7.0244276,51.47437],[7.0241237,51.4737464],[7.0234672,51.4723994],[7.0234349,51.4722093],[7.0233432,51.4714732],[7.0232242,51.4705642],[7.0237221,51.4706956],[7.0239974,51.4707656],[7.024461,51.4700706],[7.0241874,51.4699961],[7.0242163,51.4699307],[7.0242208,51.4698101],[7.0242248,51.4696974],[7.0242818,51.4696107],[7.0241862,51.4696152],[7.0236292,51.4695175],[7.0234154,51.469467],[7.0230665,51.4694166],[7.0229732,51.4693985],[7.0229409,51.4693955],[7.0229139,51.4693968],[7.02289,51.4694045],[7.0228276,51.4694441],[7.0227302,51.4695021],[7.0226256,51.4695611],[7.0224555,51.4696466],[7.0222758,51.469727],[7.0221041,51.4697959],[7.0218915,51.4698679],[7.0216918,51.4699274],[7.0215258,51.4699678],[7.021353,51.4700039],[7.0211809,51.4700361],[7.0210027,51.470062],[7.020826,51.4700818],[7.0206393,51.4700967],[7.0203749,51.4701081],[7.0200654,51.470106],[7.0197064,51.4700911],[7.0191891,51.4700578],[7.0189614,51.4700366],[7.0188817,51.4700359],[7.0188174,51.4700386],[7.0187595,51.4700454],[7.0186788,51.4700617],[7.0185904,51.4700882],[7.0184911,51.470129],[7.0184289,51.4701684],[7.0183656,51.4702282],[7.0183232,51.470286],[7.0182796,51.4703692],[7.0181626,51.470343],[7.017986,51.4703854],[7.0179521,51.4703824],[7.0178411,51.4706674],[7.0177659,51.4707886],[7.0174902,51.4707644],[7.0172722,51.4712175],[7.0171971,51.4713379],[7.0171164,51.4714406],[7.0170245,51.4715343],[7.0169199,51.4716207],[7.0168185,51.4716961],[7.0166619,51.4717874],[7.0159311,51.4721615],[7.0159237,51.472174],[7.0158252,51.4722268],[7.0155263,51.4724055],[7.0151904,51.4726219],[7.0149733,51.4727775],[7.0145039,51.4731105],[7.0144561,51.4731275],[7.0144218,51.4731278],[7.0143775,51.4731214],[7.0143514,51.4731107],[7.0143292,51.4730931],[7.0143184,51.4730762],[7.0143175,51.4730522],[7.0141583,51.4730503],[7.0140257,51.4730488],[7.0140255,51.4728939],[7.0140255,51.4727171],[7.0139865,51.4722609],[7.0133752,51.4722969],[7.0133758,51.4723167],[7.0127339,51.4723414],[7.0127187,51.4721624],[7.0124059,51.4721749],[7.0124795,51.4727434],[7.0118915,51.47277],[7.011771,51.4718625],[7.0117831,51.4718241],[7.0118049,51.4717976],[7.0118547,51.4717633],[7.0103863,51.4724831],[7.0102899,51.4722178],[7.0099314,51.4724245],[7.0097089,51.472486],[7.0092796,51.472433],[7.0094031,51.4721434],[7.0074408,51.4709536],[7.0074473,51.4707454],[7.0069126,51.4707545],[7.0068977,51.4708482],[7.0064203,51.4709903],[7.0064069,51.4712391],[7.0064278,51.4714841],[7.0064876,51.4717774],[7.0065756,51.4720531],[7.0063698,51.4720493],[7.0064549,51.4720996],[7.0065116,51.4721499],[7.0065502,51.4722257],[7.0066612,51.4726278],[7.0068228,51.4730437],[7.0072304,51.4742705],[7.0074242,51.4748919],[7.007448,51.4750503],[7.0074536,51.4751968],[7.0074495,51.4753337],[7.0074193,51.4755125],[7.00738,51.4756857],[7.0073207,51.4758397],[7.0072712,51.4758815],[7.0072213,51.4759079],[7.0071686,51.47592],[7.0070445,51.4761733],[7.0060534,51.4757739],[7.0057115,51.4756838],[7.0054046,51.4756081],[7.0021951,51.4748589],[7.0012725,51.4746261],[7.000184,51.4743373],[6.9988815,51.4739671],[6.9987526,51.4739149],[6.9987653,51.4738987],[6.998084,51.4737066],[6.9978728,51.4736854],[6.9978209,51.4736985],[6.9978022,51.4737238],[6.9978116,51.4736827],[6.9978284,51.4736097],[6.9976331,51.4735781],[6.9948904,51.4727487],[6.9945597,51.472662],[6.9941992,51.4725871],[6.9938413,51.4725276],[6.9937887,51.4725293],[6.9937453,51.4725533],[6.9937358,51.4725736],[6.9934744,51.4725759],[6.9934501,51.4725444],[6.9934048,51.4725171],[6.9933501,51.4725023],[6.9927363,51.4724255],[6.9923758,51.4723717],[6.9918336,51.4722917],[6.9917546,51.4722927],[6.9915368,51.4723646],[6.9908944,51.4726897],[6.9903051,51.4729721],[6.9900421,51.4730876],[6.989524,51.473266],[6.9889071,51.4734359],[6.9885942,51.4735249],[6.9885495,51.4735427],[6.9854084,51.475117],[6.9853016,51.4755003],[6.9849105,51.4760534],[6.9850093,51.4770593],[6.9838009,51.4780781],[6.9837912,51.4781421],[6.9838037,51.4782365],[6.9838603,51.4783646],[6.9839665,51.4785818],[6.9840276,51.4786789],[6.9841021,51.4787557],[6.9845348,51.4798209],[6.9840664,51.479851],[6.9826583,51.4810353],[6.984012,51.4813731],[6.9863628,51.4819596],[6.9865981,51.4819732],[6.9870084,51.4819715],[6.9870166,51.4828266],[6.9883268,51.4829595],[6.9884718,51.4830072],[6.9886195,51.4831588],[6.9886784,51.4838308],[6.9891832,51.4843209],[6.9892646,51.4848724],[6.9889777,51.4855637],[6.9904673,51.4861437],[6.9914896,51.4865323],[6.9934616,51.4875478],[6.9950923,51.4883191],[6.9963125,51.4889742],[6.9966399,51.4891354],[6.9968594,51.4892476],[6.9978567,51.4899389],[6.9979551,51.4900096],[6.9979396,51.4902264],[6.9983278,51.4904158],[6.999253,51.4911787],[7.0006376,51.4922811],[7.0019915,51.4933294],[7.0034063,51.4935645],[7.0034625,51.4944601]]]]}},{"type":"Feature","properties":{"id":"Bedingrade","quelle":"OpenStreetMap (ODbL), boundary=administrative admin_level=10","stand":"2026-09-25"},"geometry":{"type":"MultiPolygon","coordinates":[[[[6.9284823,51.4792654],[6.9272279,51.4780808],[6.9268349,51.4783204],[6.9264726,51.4797286],[6.9263151,51.48181],[6.9253587,51.4817902],[6.923815,51.480375],[6.9238532,51.4798408],[6.9227368,51.4789376],[6.9216923,51.477617],[6.9212648,51.4772012],[6.9209346,51.4768801],[6.9207779,51.4765922],[6.9206979,51.4764746],[6.9206716,51.4764111],[6.9206827,51.4763329],[6.9206464,51.4761898],[6.9206836,51.4761328],[6.9206955,51.4760026],[6.9206515,51.4758548],[6.9205927,51.4757438],[6.9203398,51.4754053],[6.9199944,51.4750988],[6.9199827,51.4750506],[6.919923,51.4749588],[6.9197074,51.4747369],[6.9186868,51.4740256],[6.9179213,51.4736173],[6.9178524,51.4736262],[6.9178664,51.4736142],[6.9178067,51.4736274],[6.9175427,51.4736514],[6.9172018,51.4735946],[6.9171856,51.4736142],[6.9169894,51.4735512],[6.9168498,51.4734863],[6.9167941,51.4734623],[6.9167415,51.4734207],[6.9167335,51.4733924],[6.9167551,51.4733503],[6.916477,51.4732101],[6.9163185,51.4733074],[6.9162853,51.4733155],[6.9162442,51.4733161],[6.9159238,51.4732769],[6.9154774,51.4732486],[6.9152287,51.4732264],[6.9137557,51.4730244],[6.9136858,51.4730046],[6.9126072,51.4729558],[6.9112066,51.4731501],[6.9107691,51.4732002],[6.9090917,51.4733533],[6.9091384,51.4733817],[6.9091283,51.4734491],[6.9091484,51.4734623],[6.9082149,51.4735883],[6.9072369,51.473712],[6.9069433,51.4737635],[6.9064381,51.4738235],[6.9061242,51.4738357],[6.9061031,51.4738383],[6.904984,51.4739745],[6.9049474,51.4739872],[6.9049211,51.4740023],[6.9048835,51.4740477],[6.9048483,51.474037],[6.9047184,51.4740216],[6.9046763,51.4739948],[6.9044113,51.4739443],[6.9029527,51.4735433],[6.9028099,51.4735089],[6.9026946,51.4734913],[6.9025075,51.4734787],[6.9023133,51.4734816],[6.9021352,51.4735033],[6.9019177,51.4735455],[6.9017215,51.4735978],[6.9014746,51.4736841],[6.9013077,51.4737585],[6.9011287,51.4738562],[6.9006085,51.4742101],[6.9005713,51.4742512],[6.9005571,51.474289],[6.9005571,51.4743136],[6.9003953,51.4744062],[6.8989223,51.4742845],[6.8987181,51.4742625],[6.898536,51.4742273],[6.8985339,51.4741901],[6.8982655,51.4741355],[6.8982659,51.4741712],[6.8979501,51.4741081],[6.8979442,51.4740886],[6.8970703,51.4739276],[6.8969676,51.4739124],[6.8968196,51.4739003],[6.8966362,51.473901],[6.8964161,51.4739231],[6.8962211,51.4739698],[6.8959857,51.474071],[6.8952733,51.4744095],[6.8952796,51.4743352],[6.8952869,51.4742993],[6.8953029,51.4742935],[6.8953079,51.4742812],[6.8954564,51.4741776],[6.8957479,51.4740123],[6.8958881,51.4739446],[6.8959795,51.4739004],[6.8963274,51.473795],[6.8964346,51.4737433],[6.8967235,51.4733555],[6.8969245,51.4731525],[6.8971247,51.4729708],[6.8974201,51.4726071],[6.8975253,51.4724938],[6.8976323,51.4724301],[6.8976996,51.4724016],[6.8978209,51.4723693],[6.8979749,51.4723614],[6.8979757,51.4723746],[6.8981637,51.472368],[6.8981673,51.4725854],[6.8981787,51.4726097],[6.8982048,51.4726317],[6.8982699,51.4726647],[6.8984024,51.4727071],[6.8984866,51.4727217],[6.898548,51.4727287],[6.8986019,51.4727299],[6.8987163,51.4727229],[6.8988012,51.4726869],[6.8991125,51.4724448],[6.8993235,51.472233],[6.8998988,51.471457],[6.8998683,51.47145],[6.8998756,51.4714146],[6.8998784,51.4714022],[6.8999027,51.471404],[6.8998941,51.4713692],[6.8999206,51.4713554],[6.899955,51.471375],[6.8999905,51.4713831],[6.9001848,51.4713999],[6.9003127,51.4713898],[6.9004682,51.4713669],[6.9008196,51.4713711],[6.9008718,51.4713637],[6.9015078,51.4711403],[6.9016279,51.4711098],[6.9019161,51.4709785],[6.9022201,51.4708548],[6.9024238,51.4707366],[6.9024977,51.4707083],[6.9027017,51.4705819],[6.9030789,51.4703627],[6.9030846,51.470327],[6.9031384,51.4702869],[6.9032185,51.4702696],[6.9032947,51.4702277],[6.9033828,51.4702208],[6.9034132,51.4702044],[6.9034537,51.4701689],[6.9040821,51.4699185],[6.9041156,51.4698845],[6.9042312,51.4698336],[6.9043081,51.4698178],[6.9043933,51.4697795],[6.9044873,51.469751],[6.9045269,51.4696949],[6.9045944,51.4697165],[6.9046148,51.4697239],[6.9046352,51.4698036],[6.9047617,51.4698842],[6.9049398,51.4699578],[6.9049975,51.4699629],[6.9050725,51.4700108],[6.9050957,51.4699887],[6.9051293,51.4700003],[6.9051291,51.470024],[6.9051828,51.4700574],[6.9054642,51.4701426],[6.9055209,51.470176],[6.9055682,51.4701891],[6.9056647,51.4701962],[6.9058259,51.4701581],[6.9059036,51.4701087],[6.9060514,51.4700902],[6.906103,51.47006],[6.90616,51.4700557],[6.9061861,51.4699244],[6.9061942,51.4698689],[6.906179,51.4697945],[6.9061944,51.4697862],[6.9063551,51.4697983],[6.9063754,51.4697891],[6.9063602,51.4697327],[6.9063733,51.469681],[6.9063692,51.4696492],[6.9064317,51.4695348],[6.9065161,51.4695321],[6.9065768,51.4695429],[6.9067844,51.4695321],[6.9068745,51.4695466],[6.9069261,51.4695189],[6.9069737,51.4695195],[6.9070213,51.4695473],[6.9071377,51.4695359],[6.9072028,51.4694931],[6.9073037,51.4694968],[6.9073564,51.4694684],[6.9074576,51.4694628],[6.9076712,51.4694899],[6.90774,51.4694691],[6.9077593,51.4694489],[6.9077826,51.4693316],[6.9078352,51.4693101],[6.9078342,51.4692792],[6.907819,51.4692584],[6.9077714,51.4692446],[6.9077613,51.4691966],[6.9077633,51.469121],[6.9077522,51.4690774],[6.9078089,51.4690465],[6.9078585,51.4690295],[6.9079435,51.4690264],[6.908062,51.4690068],[6.9081106,51.4689709],[6.9081663,51.4689595],[6.9082341,51.4689936],[6.9083039,51.4690055],[6.9084274,51.4690074],[6.9084862,51.4690207],[6.908556,51.4690005],[6.9086076,51.4690018],[6.9086461,51.4689879],[6.9087058,51.4689147],[6.9087592,51.4688674],[6.9090146,51.4689343],[6.9090673,51.468916],[6.909125,51.468841],[6.9090905,51.4687842],[6.9088486,51.4687848],[6.9088081,51.4687747],[6.9088628,51.468706],[6.9088749,51.4686801],[6.9088476,51.4686499],[6.9088547,51.4686064],[6.9088881,51.4685893],[6.9089519,51.468583],[6.9092626,51.4685704],[6.9092971,51.4685654],[6.9093303,51.4685332],[6.9093659,51.4685029],[6.9094195,51.4684904],[6.9094439,51.4684525],[6.9094712,51.4683982],[6.9094808,51.4683086],[6.9095937,51.468221],[6.9096676,51.4682059],[6.9097334,51.4681769],[6.9097578,51.4681217],[6.9097385,51.4680596],[6.9097658,51.4680167],[6.909784,51.4679587],[6.9098183,51.4679127],[6.9099185,51.4678644],[6.9100007,51.4678521],[6.910032,51.4678351],[6.9100867,51.467801],[6.9102426,51.4677373],[6.9102882,51.467726],[6.9103844,51.467678],[6.9104259,51.4676679],[6.9105463,51.4676206],[6.9105969,51.4675765],[6.9106769,51.4675607],[6.9107811,51.4675195],[6.9108247,51.4674983],[6.9109412,51.4674945],[6.9110221,51.4674674],[6.9110706,51.4674376],[6.911147,51.4674224],[6.9111959,51.4674399],[6.9113196,51.4674205],[6.9113591,51.4673835],[6.911411,51.4673667],[6.9114911,51.4673745],[6.9115763,51.4673738],[6.9116221,51.4673602],[6.9116668,51.4673751],[6.9118549,51.4673421],[6.9118913,51.4673175],[6.9119235,51.4673207],[6.9119713,51.4673045],[6.9120222,51.4673],[6.912046,51.4672786],[6.9120503,51.4671964],[6.9120659,51.4671867],[6.9120473,51.4671647],[6.912122,51.4671472],[6.9121584,51.4671142],[6.9122021,51.4671103],[6.9122145,51.4670611],[6.9122021,51.4670242],[6.9121875,51.4670144],[6.9121709,51.4669923],[6.9122073,51.4669769],[6.9122624,51.4669782],[6.9123122,51.4669633],[6.9123351,51.4669678],[6.9123549,51.4669847],[6.9123923,51.4669646],[6.9124037,51.4669452],[6.9124422,51.4669329],[6.912491,51.4669393],[6.9125336,51.4669523],[6.9125867,51.466938],[6.912648,51.4669503],[6.912779,51.466938],[6.9128352,51.4669276],[6.9129051,51.4669603],[6.9129495,51.4669693],[6.9129927,51.4669542],[6.9130701,51.4668664],[6.913052,51.4668203],[6.9130843,51.4667775],[6.9130949,51.4667548],[6.9131448,51.4667269],[6.9131719,51.4666784],[6.913218,51.4666355],[6.9132789,51.4666156],[6.9133008,51.4665832],[6.9133018,51.4665307],[6.9133067,51.4665047],[6.9133495,51.4664451],[6.9133507,51.4664129],[6.9133236,51.4663889],[6.9133273,51.4663618],[6.9134129,51.4663361],[6.9135237,51.4662054],[6.9135282,51.4661467],[6.9135743,51.4660692],[6.9136859,51.4658577],[6.9137869,51.4657532],[6.9137778,51.4657255],[6.9138224,51.4656794],[6.9138942,51.4656378],[6.9139226,51.4656012],[6.9139589,51.4655025],[6.9140043,51.4654736],[6.9140957,51.4654555],[6.9141528,51.4654324],[6.9142339,51.4654107],[6.9143255,51.4653578],[6.9143722,51.4653044],[6.9144298,51.4652651],[6.9144581,51.4652354],[6.9144761,51.4652013],[6.9147087,51.4650766],[6.9148358,51.4650319],[6.9149177,51.4650115],[6.9149684,51.4649705],[6.9150562,51.4649427],[6.9150949,51.4649163],[6.9151535,51.4648579],[6.915266,51.4647908],[6.9157749,51.4644076],[6.9160101,51.463747],[6.9160192,51.4637078],[6.9160172,51.4635912],[6.9160303,51.4634418],[6.9160363,51.4632879],[6.9160551,51.463139],[6.9160688,51.4631303],[6.9161592,51.4631201],[6.9162186,51.4631257],[6.9162865,51.4631282],[6.9163716,51.4631506],[6.916469,51.4631331],[6.9165189,51.4631148],[6.9165521,51.4631096],[6.9165973,51.4630967],[6.9166628,51.4630304],[6.9167424,51.4629665],[6.9167866,51.4629592],[6.9167995,51.4629387],[6.9168757,51.4629112],[6.9168737,51.4628442],[6.9169131,51.4628248],[6.9169007,51.4628007],[6.9169456,51.4627833],[6.9170083,51.4627277],[6.917064,51.4627063],[6.917172,51.4626768],[6.9172107,51.4626564],[6.9171813,51.4625925],[6.9171825,51.462546],[6.9171401,51.4625061],[6.9171136,51.4624218],[6.917148,51.4624104],[6.9171287,51.462372],[6.9171338,51.4623367],[6.9171237,51.4622994],[6.9171221,51.4622367],[6.9170352,51.4621024],[6.916927,51.4619715],[6.9168688,51.4619321],[6.9168922,51.4618566],[6.916883,51.4618231],[6.916918,51.4617906],[6.9169273,51.4617053],[6.9169435,51.4616819],[6.9169437,51.4616644],[6.9170591,51.4616542],[6.9171137,51.4616184],[6.9170994,51.4615753],[6.9171024,51.4615243],[6.9171186,51.4615041],[6.9171227,51.4614908],[6.9171787,51.4614475],[6.9171682,51.4614139],[6.9171775,51.461396],[6.9171034,51.4613275],[6.9170866,51.4612945],[6.9171348,51.4612953],[6.9171338,51.4612587],[6.9171146,51.4612316],[6.9170943,51.4612392],[6.9170346,51.4611997],[6.9170346,51.4611736],[6.9170224,51.4611527],[6.9170034,51.4611416],[6.9169627,51.461142],[6.9169289,51.4611518],[6.9168858,51.4611275],[6.9168676,51.4610922],[6.9168159,51.4611174],[6.9167319,51.4610985],[6.9166843,51.4610771],[6.9166503,51.4610446],[6.9166661,51.4610221],[6.9166793,51.4609963],[6.9166752,51.4609604],[6.9166796,51.4609318],[6.9167208,51.4609131],[6.9167744,51.4608323],[6.9168048,51.4608254],[6.91682,51.4607945],[6.916773,51.4607747],[6.9167683,51.4607541],[6.9168007,51.4607125],[6.9168083,51.4606643],[6.9169149,51.460612],[6.916937,51.4605425],[6.9169496,51.4605214],[6.9169769,51.4604936],[6.916989,51.4604476],[6.9169336,51.4604138],[6.9169334,51.4603788],[6.9168271,51.4603315],[6.9167906,51.460334],[6.9167785,51.460322],[6.9167613,51.460281],[6.9166762,51.4602024],[6.9166965,51.4601416],[6.9166884,51.4600943],[6.9166651,51.4600666],[6.9166681,51.4600319],[6.9166995,51.4599827],[6.9167339,51.4598774],[6.916733,51.4598502],[6.9167039,51.4597873],[6.9166862,51.4597627],[6.9166613,51.4597623],[6.9166514,51.4597278],[6.9167652,51.4596125],[6.9167802,51.4595874],[6.9167715,51.4595289],[6.9168172,51.4594726],[6.9167932,51.459427],[6.9167507,51.4594104],[6.9167205,51.4593729],[6.9167185,51.4593308],[6.9167039,51.4593055],[6.9167083,51.4592685],[6.9167548,51.4592336],[6.916761,51.4591953],[6.9168318,51.4591637],[6.9168723,51.4591235],[6.9169295,51.4590814],[6.9169661,51.4590343],[6.916996,51.4589571],[6.917012,51.4587566],[6.9170343,51.4587029],[6.9171278,51.458304],[6.917073,51.4581533],[6.9171105,51.4581528],[6.9171028,51.4580347],[6.9169561,51.4578305],[6.9169172,51.4577029],[6.9169749,51.457655],[6.9169315,51.4574471],[6.916858,51.4572663],[6.9168534,51.4572028],[6.916822,51.4570194],[6.9168534,51.4569089],[6.9168959,51.4567299],[6.9169182,51.456412],[6.9169711,51.4562489],[6.9196542,51.4549252],[6.9191674,51.4544788],[6.9186907,51.4543124],[6.9198027,51.4545979],[6.9210605,51.4545563],[6.9254122,51.4579039],[6.9246205,51.458318],[6.9252327,51.4600896],[6.925148,51.4609694],[6.9258512,51.4617653],[6.9275937,51.4630473],[6.9290166,51.4645594],[6.9291837,51.4647084],[6.9292823,51.4647999],[6.9292748,51.4648152],[6.9293284,51.4647812],[6.9294811,51.4649201],[6.9293711,51.4649853],[6.9294063,51.4649835],[6.9294334,51.464987],[6.9294683,51.4649965],[6.9294981,51.4650119],[6.9302939,51.4657674],[6.9296171,51.4660696],[6.9295147,51.4660996],[6.9296913,51.4663974],[6.9297135,51.4665056],[6.9300087,51.4670757],[6.930212,51.4673049],[6.9303575,51.4674114],[6.9305521,51.4675188],[6.9305148,51.467555],[6.9308156,51.4676942],[6.9309842,51.4677511],[6.9315127,51.4681184],[6.931812,51.4683022],[6.9318751,51.4683752],[6.9319039,51.4683697],[6.932112,51.4685461],[6.9320115,51.4687362],[6.9319354,51.4688403],[6.9319095,51.4689134],[6.9319136,51.4690113],[6.9318965,51.4693378],[6.931736,51.4696421],[6.9317322,51.4698489],[6.9318504,51.4700225],[6.9318022,51.4703169],[6.9318021,51.4703801],[6.9318327,51.4704373],[6.9319663,51.4705875],[6.9320848,51.4707213],[6.9321284,51.470785],[6.9321552,51.4708351],[6.9321562,51.4708949],[6.9321607,51.4709423],[6.9322043,51.470986],[6.9322465,51.4710109],[6.9339295,51.4720457],[6.9340512,51.4721007],[6.934858,51.4724652],[6.9360215,51.4733597],[6.9361912,51.4734902],[6.937531,51.4742412],[6.9376533,51.4743098],[6.9377507,51.4743063],[6.938029,51.4743168],[6.9383433,51.4746209],[6.9383718,51.4746485],[6.9385414,51.4750778],[6.9385138,51.4754529],[6.9383783,51.4759694],[6.9379155,51.4763173],[6.9346539,51.4748972],[6.9333972,51.4760841],[6.9325104,51.4756689],[6.9310098,51.4769986],[6.9296425,51.4763855],[6.9285807,51.4772303],[6.9287904,51.4782422],[6.9284823,51.4792654]]]]}},{"type":"Feature","properties":{"id":"Bergeborbeck","quelle":"OpenStreetMap (ODbL), boundary=administrative admin_level=10","stand":"2026-09-25"},"geometry":{"type":"MultiPolygon","coordinates":[[[[6.9551322,51.5018112],[6.9554264,51.5018731],[6.9592575,51.5023996],[6.9597674,51.5024726],[6.9707458,51.5039605],[6.976098,51.5047994],[6.9764389,51.5048524],[6.9765449,51.5048184],[6.9767579,51.5048724],[6.9769878,51.5049864],[6.9772275,51.5050534],[6.9779775,51.504371],[6.9785984,51.5036781],[6.9799108,51.5017294],[6.9799725,51.5014178],[6.9802022,51.4944336],[6.9791504,51.4944303],[6.9784608,51.4944282],[6.978683,51.4939464],[6.9784621,51.4928958],[6.9786809,51.4922576],[6.9789978,51.4896181],[6.9803326,51.4893524],[6.9803299,51.4883577],[6.9799852,51.4867004],[6.979657,51.4857006],[6.9793553,51.4849936],[6.9793243,51.4845371],[6.9793311,51.4836681],[6.9792876,51.4835047],[6.9793239,51.4825525],[6.9760137,51.4835379],[6.9748122,51.4845061],[6.9730806,51.4847482],[6.9706776,51.4826796],[6.9690418,51.4820499],[6.9699355,51.4819974],[6.9699607,51.4811814],[6.9687085,51.481432],[6.9691304,51.4809349],[6.9691798,51.4808768],[6.9692009,51.480852],[6.9698799,51.480052],[6.9693803,51.4799273],[6.9693225,51.4799129],[6.9691838,51.4798782],[6.9679463,51.4795693],[6.966984,51.4793291],[6.9663183,51.4789182],[6.9662213,51.4788583],[6.9658249,51.4786137],[6.9656658,51.4783887],[6.9654476,51.47808],[6.9655648,51.4778847],[6.9650582,51.4777456],[6.9649549,51.4775481],[6.9646883,51.477038],[6.9639574,51.4770873],[6.9638063,51.4770917],[6.9619121,51.4771463],[6.9601958,51.4767111],[6.9596875,51.4767802],[6.9591528,51.4767796],[6.9567191,51.4767814],[6.956211,51.4767935],[6.9552704,51.4769928],[6.9544559,51.4764639],[6.9541609,51.4763003],[6.9541442,51.4763103],[6.9541074,51.4762886],[6.9541634,51.4762499],[6.9540181,51.4761474],[6.9539251,51.4763746],[6.9539373,51.4763819],[6.9539462,51.4763907],[6.9539499,51.4763995],[6.9539513,51.4764085],[6.9539523,51.4764161],[6.9539495,51.4764243],[6.9537189,51.4767334],[6.953705,51.476742],[6.9536933,51.4767461],[6.9536786,51.4767474],[6.9536651,51.4767462],[6.9536197,51.4767375],[6.9535414,51.4767897],[6.9534928,51.4768382],[6.9533984,51.476947],[6.9533829,51.4769454],[6.9529052,51.4777206],[6.9528867,51.4777485],[6.9528398,51.4778245],[6.9523659,51.4785876],[6.9518803,51.4793704],[6.9515958,51.4798471],[6.9516609,51.4798634],[6.9515835,51.4799803],[6.9515645,51.4799871],[6.9516082,51.4800041],[6.9516316,51.4800132],[6.9528679,51.4804949],[6.9533691,51.4806761],[6.9543507,51.4809886],[6.955987,51.4814978],[6.9560023,51.4815061],[6.9560073,51.4815195],[6.955994,51.481533],[6.9559816,51.4815448],[6.9562225,51.4815382],[6.9562816,51.4814926],[6.956738,51.4817163],[6.9569408,51.481479],[6.9579251,51.4819387],[6.959073,51.4820921],[6.9589417,51.482261],[6.9582373,51.4823761],[6.9577616,51.4824547],[6.9578098,51.4825717],[6.957958,51.4825471],[6.9584437,51.48354],[6.9588861,51.4834669],[6.9592692,51.4834136],[6.9601387,51.4833251],[6.9605107,51.4833084],[6.9605375,51.4833851],[6.9585474,51.4837342],[6.9587192,51.4839897],[6.9587783,51.4839798],[6.9588091,51.4842871],[6.9573087,51.4857952],[6.9581353,51.4860758],[6.9570307,51.4870381],[6.9563816,51.4876225],[6.9554336,51.4883751],[6.9550342,51.4881202],[6.9536885,51.4885014],[6.9521598,51.488868],[6.9522213,51.4889793],[6.9525023,51.4894892],[6.9523304,51.489531],[6.9523546,51.4895763],[6.9489659,51.4904485],[6.9488517,51.4905016],[6.9487581,51.4903778],[6.9487267,51.490415],[6.9485619,51.4904183],[6.9492766,51.4920375],[6.949674,51.4928783],[6.9500801,51.4932815],[6.9498697,51.4937605],[6.9500626,51.4939997],[6.9506652,51.4944273],[6.9519443,51.4953146],[6.9456694,51.4993141],[6.9457445,51.499337],[6.9464234,51.4995239],[6.9468044,51.4996269],[6.9477942,51.4998939],[6.9542892,51.5016337],[6.9551322,51.5018112]]]]}},{"type":"Feature","properties":{"id":"Bergerhausen","quelle":"OpenStreetMap (ODbL), boundary=administrative admin_level=10","stand":"2026-09-25"},"geometry":{"type":"MultiPolygon","coordinates":[[[[7.0217619,51.4309789],[7.0232521,51.4324747],[7.0234146,51.4345088],[7.0241929,51.4349598],[7.0242951,51.435019],[7.0252759,51.4356379],[7.0258807,51.4359901],[7.0264022,51.4362398],[7.026639,51.4363131],[7.0271321,51.4365395],[7.0283218,51.4370493],[7.0289767,51.437477],[7.0290868,51.4374758],[7.0292663,51.437431],[7.0293698,51.4376295],[7.0294884,51.4376036],[7.02943,51.4376328],[7.0294201,51.4376504],[7.0293765,51.4376705],[7.0293723,51.4376933],[7.0293773,51.4377143],[7.0296292,51.4381106],[7.0296279,51.4381185],[7.0298114,51.4383951],[7.0298385,51.4385393],[7.0299647,51.4387221],[7.0300619,51.4388325],[7.030048,51.4388427],[7.0300452,51.4388616],[7.0300658,51.438874],[7.0301103,51.4388739],[7.0303597,51.439181],[7.0308823,51.4396519],[7.0322433,51.4407041],[7.0329752,51.4415102],[7.033006,51.4415216],[7.0330524,51.4415162],[7.0331161,51.4416265],[7.0331063,51.4416481],[7.0334072,51.4419626],[7.0336762,51.4422554],[7.0337209,51.44229],[7.0338005,51.4423173],[7.0338721,51.4423284],[7.0339497,51.4423247],[7.0340432,51.4422999],[7.0341016,51.4422695],[7.0347257,51.4423915],[7.0351217,51.4425242],[7.0355056,51.4426904],[7.0358359,51.442864],[7.0361741,51.4430748],[7.036393,51.4432422],[7.0364029,51.4432658],[7.0365024,51.443329],[7.0365402,51.4433687],[7.036592,51.4433923],[7.0366656,51.4434009],[7.0367256,51.4433819],[7.0368033,51.4436833],[7.036823,51.4438113],[7.0368396,51.4443887],[7.0371423,51.4443821],[7.0373787,51.4443865],[7.0376347,51.4443988],[7.0379104,51.4444268],[7.0381454,51.4444575],[7.0384208,51.4445047],[7.038534,51.4445118],[7.0402093,51.4444026],[7.0405117,51.4443759],[7.0411089,51.4442908],[7.0418132,51.4441606],[7.0421922,51.444074],[7.0424744,51.4440012],[7.0427835,51.4439181],[7.0431204,51.4438346],[7.0436025,51.4437063],[7.0438347,51.4435982],[7.0442147,51.443485],[7.0444968,51.4434242],[7.0447078,51.443387],[7.0452985,51.4431056],[7.0454393,51.4430613],[7.0455471,51.4429907],[7.0457551,51.4428811],[7.0462722,51.4425806],[7.0465504,51.4425058],[7.0467255,51.4424463],[7.0471965,51.4423215],[7.047473,51.4422377],[7.0476027,51.4421638],[7.0476629,51.4421393],[7.0483836,51.4415395],[7.0484799,51.441487],[7.0486924,51.4414238],[7.0489715,51.4413594],[7.0498632,51.4412112],[7.0507282,51.4410189],[7.0509471,51.4409779],[7.0511094,51.4409063],[7.0514281,51.4409381],[7.0513695,51.4410798],[7.0513792,51.4411437],[7.0515094,51.4412431],[7.0517269,51.4413785],[7.0519745,51.4415825],[7.0522482,51.4417715],[7.0525717,51.4420056],[7.0526582,51.4420976],[7.0527416,51.4423625],[7.0527565,51.4424586],[7.0527509,51.442715],[7.0527822,51.4427949],[7.0528478,51.4428438],[7.0529436,51.4428833],[7.053056,51.4428933],[7.0531823,51.4428635],[7.0532349,51.4428355],[7.0532994,51.4425802],[7.0533666,51.4425935],[7.053427,51.4424989],[7.0534718,51.4424406],[7.0535384,51.4423904],[7.0536598,51.4423222],[7.0537768,51.4422728],[7.0540643,51.4422412],[7.0544081,51.4422431],[7.0546303,51.4422704],[7.0546661,51.4422666],[7.0547009,51.4422592],[7.0547298,51.4422449],[7.0547478,51.4422222],[7.0548581,51.441832],[7.0548816,51.4417221],[7.0549079,51.4414443],[7.0551398,51.4414387],[7.0551515,51.4414079],[7.0551628,51.4413974],[7.0551902,51.4413908],[7.0556432,51.4413736],[7.0560137,51.4413276],[7.0561615,51.4413041],[7.0563097,51.4412731],[7.0565166,51.4412216],[7.056638,51.4411789],[7.0567873,51.4411122],[7.0570838,51.4413394],[7.0573141,51.4411369],[7.0577311,51.4413224],[7.0575214,51.4415311],[7.0576199,51.4415851],[7.0580974,51.441631],[7.0581431,51.4416167],[7.0582161,51.4415683],[7.0584143,51.4412962],[7.0584987,51.4412041],[7.0586971,51.4410349],[7.0591529,51.4407201],[7.0593175,51.4406254],[7.0594029,51.4405516],[7.0593996,51.4396401],[7.0600177,51.4389521],[7.0627581,51.440293],[7.0680531,51.4396677],[7.0670799,51.4387367],[7.0623346,51.4380361],[7.0600869,51.43609],[7.0580889,51.4326646],[7.056907,51.4285657],[7.0562187,51.4286991],[7.056161,51.4287204],[7.0561348,51.4287239],[7.0561503,51.4288162],[7.0560457,51.4288693],[7.0560741,51.4288827],[7.0554221,51.4291172],[7.0554053,51.4291034],[7.0553758,51.4290954],[7.0553456,51.4291021],[7.0541507,51.4294433],[7.0536305,51.4295911],[7.0534629,51.4297959],[7.0534902,51.4299006],[7.0533774,51.4299332],[7.0533648,51.4299278],[7.0533051,51.4299855],[7.0533132,51.4299901],[7.0532582,51.4300478],[7.0532756,51.4300529],[7.053167,51.4301147],[7.0526004,51.4303066],[7.0524301,51.4303614],[7.0522812,51.4304032],[7.052129,51.4304358],[7.0518856,51.4304834],[7.0516106,51.4305177],[7.0514055,51.4305328],[7.0512364,51.4305391],[7.050979,51.4305386],[7.0507993,51.4305269],[7.0506102,51.4305085],[7.0498963,51.4304199],[7.0497881,51.4302803],[7.0485345,51.4301216],[7.048043,51.4300461],[7.0463267,51.4297635],[7.0447427,51.4295027],[7.0441139,51.4293697],[7.04366,51.4292516],[7.0418659,51.428758],[7.0418316,51.4287455],[7.0418092,51.4287325],[7.0417958,51.4287204],[7.0414459,51.4286731],[7.0414055,51.4286861],[7.0413663,51.4286928],[7.0413301,51.4286935],[7.0412841,51.4286889],[7.0412137,51.4286774],[7.0411105,51.4286531],[7.0409388,51.4286008],[7.0407924,51.4285442],[7.0406622,51.4284801],[7.0406216,51.4285147],[7.0399448,51.4284492],[7.038945,51.4285759],[7.0375736,51.4287731],[7.0370388,51.4288578],[7.0367837,51.4289488],[7.0361944,51.4291923],[7.0351583,51.4294438],[7.0331107,51.429813],[7.0325655,51.4297854],[7.031419,51.4295365],[7.0310387,51.4294956],[7.02995,51.4299918],[7.0280932,51.4305175],[7.0271467,51.4305214],[7.0266435,51.4305305],[7.0257899,51.4305395],[7.0252469,51.4305974],[7.0248419,51.4307515],[7.0243084,51.4309967],[7.0237597,51.4310598],[7.0217619,51.4309789]]]]}},{"type":"Feature","properties":{"id":"Bochold","quelle":"OpenStreetMap (ODbL), boundary=administrative admin_level=10","stand":"2026-09-25"},"geometry":{"type":"MultiPolygon","coordinates":[[[[6.9826583,51.4810353],[6.9822941,51.4813171],[6.9815107,51.4818924],[6.9806928,51.4823268],[6.979983,51.482699],[6.9800477,51.4830258],[6.9800405,51.4830652],[6.9800143,51.4831092],[6.9799887,51.4831435],[6.9799065,51.4832056],[6.9796696,51.4832646],[6.9795758,51.4832905],[6.9795163,51.4834443],[6.9792876,51.4835047],[6.9793239,51.4825525],[6.9760137,51.4835379],[6.9748122,51.4845061],[6.9730806,51.4847482],[6.9706776,51.4826796],[6.9690418,51.4820499],[6.9699355,51.4819974],[6.9699607,51.4811814],[6.9687085,51.481432],[6.9691304,51.4809349],[6.9691798,51.4808768],[6.9692009,51.480852],[6.9698799,51.480052],[6.9693803,51.4799273],[6.9693225,51.4799129],[6.9691838,51.4798782],[6.9679463,51.4795693],[6.966984,51.4793291],[6.9663183,51.4789182],[6.9662213,51.4788583],[6.9658249,51.4786137],[6.9656658,51.4783887],[6.9654476,51.47808],[6.9655648,51.4778847],[6.9650582,51.4777456],[6.9649549,51.4775481],[6.9646883,51.477038],[6.9639574,51.4770873],[6.9638063,51.4770917],[6.9619121,51.4771463],[6.9601958,51.4767111],[6.9596875,51.4767802],[6.9591528,51.4767796],[6.9567191,51.4767814],[6.956211,51.4767935],[6.9552704,51.4769928],[6.9544559,51.4764639],[6.9541609,51.4763003],[6.9541442,51.4763103],[6.9541074,51.4762886],[6.9541634,51.4762499],[6.9540181,51.4761474],[6.9540313,51.4761525],[6.9540415,51.4761549],[6.9540551,51.4761553],[6.9540657,51.4761537],[6.9540797,51.4761472],[6.9541018,51.476135],[6.9541838,51.4760885],[6.954266,51.4760292],[6.9543403,51.4759726],[6.9545335,51.4758157],[6.9547236,51.4756604],[6.9548981,51.4755068],[6.9549356,51.4755201],[6.9549918,51.4754616],[6.9549549,51.475448],[6.9553088,51.4750808],[6.9557729,51.4745926],[6.9561912,51.474105],[6.9560622,51.4741064],[6.9560999,51.4740283],[6.9560839,51.4740195],[6.9560938,51.4739629],[6.9561053,51.4738424],[6.9561029,51.473674],[6.9560942,51.473609],[6.9560843,51.4735486],[6.9559975,51.4732582],[6.9558638,51.4727991],[6.9557319,51.4722772],[6.9557192,51.4722876],[6.9556919,51.4723107],[6.9556592,51.4723378],[6.9556271,51.4723511],[6.9555958,51.4723644],[6.9555547,51.4723691],[6.9553753,51.4723743],[6.9550353,51.4723896],[6.9547396,51.4724028],[6.9545195,51.4724045],[6.9543344,51.472403],[6.9542779,51.4724032],[6.9542957,51.4723982],[6.9542899,51.4722143],[6.9542836,51.4719137],[6.9543208,51.4718793],[6.9543089,51.4718819],[6.9542968,51.471881],[6.9537888,51.4718393],[6.9533473,51.4716797],[6.9529422,51.4715325],[6.9523989,51.4713305],[6.9523981,51.4713247],[6.9526793,51.4710432],[6.9526941,51.4709837],[6.9527517,51.4709238],[6.9528028,51.4708543],[6.9528765,51.4707207],[6.953146,51.470242],[6.9533689,51.469855],[6.9535069,51.4696012],[6.953476,51.4695944],[6.9535287,51.4695035],[6.9535582,51.4695111],[6.9538143,51.4690573],[6.9533692,51.468957],[6.9527424,51.4688068],[6.9527157,51.4688493],[6.9526766,51.4688912],[6.9526019,51.4688544],[6.9525787,51.4688716],[6.9523601,51.4687276],[6.9523819,51.4686409],[6.9523655,51.4685438],[6.9522957,51.4684602],[6.9521659,51.4683969],[6.9520966,51.4683323],[6.9520901,51.4683067],[6.9520735,51.4682724],[6.9520396,51.4682304],[6.9514601,51.4677141],[6.951395,51.467657],[6.951506,51.4675871],[6.9513234,51.4674451],[6.9509983,51.467213],[6.9506067,51.4669167],[6.9505588,51.4668838],[6.9512666,51.4664451],[6.9505217,51.4659881],[6.9509442,51.4657319],[6.9512558,51.4655267],[6.951274,51.4655233],[6.951293,51.4655265],[6.9513092,51.4655349],[6.9512794,51.4655113],[6.9507303,51.4650655],[6.9502285,51.4646578],[6.9498575,51.464357],[6.9496414,51.4641821],[6.9494915,51.4640707],[6.9493344,51.4639543],[6.949129,51.4638341],[6.9489972,51.4637682],[6.9490475,51.4637521],[6.9489592,51.463673],[6.9489191,51.463677],[6.9488253,51.4635547],[6.9488089,51.4634791],[6.9490854,51.4634557],[6.9521255,51.4630612],[6.9530292,51.462984],[6.9571363,51.4628929],[6.9584109,51.4626122],[6.9588661,51.4625031],[6.9588713,51.4625116],[6.9590961,51.4624569],[6.9590893,51.46245],[6.9593376,51.46239],[6.959341,51.462394],[6.9602399,51.4621514],[6.9602465,51.4621495],[6.9603838,51.4623103],[6.9603757,51.4623121],[6.9608901,51.4629617],[6.9609578,51.4629432],[6.9613359,51.463519],[6.9613009,51.4635299],[6.9615514,51.463882],[6.9615759,51.4638708],[6.9616581,51.4638345],[6.9617694,51.4640027],[6.9616794,51.4640471],[6.9627963,51.4648019],[6.9629106,51.4648475],[6.9658287,51.4665938],[6.9679788,51.4679877],[6.9700565,51.4694285],[6.9708452,51.4707696],[6.9740197,51.4698632],[6.975159,51.4700641],[6.9757776,51.4705325],[6.9776268,51.470072],[6.977956,51.4705168],[6.978123,51.4706848],[6.9781842,51.47068],[6.9783957,51.4707105],[6.9784287,51.4707222],[6.9784513,51.4707449],[6.9784601,51.4707761],[6.9783824,51.470936],[6.9784262,51.4709769],[6.9786845,51.4711112],[6.9786292,51.4711565],[6.9786594,51.471156],[6.9786789,51.4711648],[6.9787046,51.471141],[6.978874,51.4711919],[6.9788447,51.4712141],[6.9788936,51.4712264],[6.9789968,51.471237],[6.9797302,51.4712669],[6.9797717,51.4712721],[6.9797894,51.4712924],[6.9797793,51.4713188],[6.9803127,51.4708834],[6.981763,51.4700379],[6.9825942,51.4694543],[6.9832874,51.469084],[6.9833545,51.4689765],[6.9835247,51.4691986],[6.9834013,51.4692125],[6.9837701,51.4699348],[6.9838547,51.4698924],[6.9842771,51.4706041],[6.984355,51.4707218],[6.9844744,51.4708414],[6.9846118,51.4709525],[6.9852954,51.4715121],[6.9855489,51.4717197],[6.9862023,51.472059],[6.9862413,51.4720132],[6.9862215,51.4720015],[6.9862877,51.4719248],[6.9867285,51.4720357],[6.9886743,51.4728202],[6.9887393,51.4728513],[6.9887816,51.4728946],[6.988796,51.4729409],[6.9887998,51.472953],[6.9885495,51.4735427],[6.9854084,51.475117],[6.9853016,51.4755003],[6.9849105,51.4760534],[6.9850093,51.4770593],[6.9838009,51.4780781],[6.9837912,51.4781421],[6.9838037,51.4782365],[6.9838603,51.4783646],[6.9839665,51.4785818],[6.9840276,51.4786789],[6.9841021,51.4787557],[6.9845348,51.4798209],[6.9840664,51.479851],[6.9826583,51.4810353]]]]}},{"type":"Feature","properties":{"id":"Borbeck-Mitte","quelle":"OpenStreetMap (ODbL), boundary=administrative admin_level=10","stand":"2026-09-25"},"geometry":{"type":"MultiPolygon","coordinates":[[[[6.938029,51.4743168],[6.9377507,51.4743063],[6.9376533,51.4743098],[6.937531,51.4742412],[6.9361912,51.4734902],[6.9360215,51.4733597],[6.934858,51.4724652],[6.9340512,51.4721007],[6.9339295,51.4720457],[6.9322465,51.4710109],[6.9322043,51.470986],[6.9321607,51.4709423],[6.9321562,51.4708949],[6.9321552,51.4708351],[6.9321284,51.470785],[6.9320848,51.4707213],[6.9319663,51.4705875],[6.9318327,51.4704373],[6.9318021,51.4703801],[6.9318022,51.4703169],[6.9318504,51.4700225],[6.9317322,51.4698489],[6.931736,51.4696421],[6.9318965,51.4693378],[6.9319136,51.4690113],[6.9319095,51.4689134],[6.9319354,51.4688403],[6.9320115,51.4687362],[6.932112,51.4685461],[6.9319039,51.4683697],[6.9318751,51.4683752],[6.931812,51.4683022],[6.9315127,51.4681184],[6.9309842,51.4677511],[6.9308156,51.4676942],[6.9305148,51.467555],[6.9305521,51.4675188],[6.9303575,51.4674114],[6.930212,51.4673049],[6.9300087,51.4670757],[6.9297135,51.4665056],[6.9296913,51.4663974],[6.9295147,51.4660996],[6.9296171,51.4660696],[6.9302939,51.4657674],[6.9294981,51.4650119],[6.9294683,51.4649965],[6.9294334,51.464987],[6.9294063,51.4649835],[6.9293711,51.4649853],[6.9294811,51.4649201],[6.9293284,51.4647812],[6.9297869,51.4644701],[6.9312809,51.4634875],[6.9324583,51.4626226],[6.9327779,51.4624987],[6.9335577,51.4623819],[6.9335637,51.4623968],[6.9338727,51.4623549],[6.9346899,51.4623501],[6.93528,51.4623401],[6.9371182,51.46231],[6.9377586,51.4623051],[6.9377591,51.4623128],[6.9380622,51.46231],[6.9380644,51.4623027],[6.9399306,51.4622884],[6.940282,51.4622864],[6.9406157,51.4622899],[6.9407951,51.4622964],[6.9411921,51.4623381],[6.9452207,51.4630214],[6.9464791,51.4632255],[6.9475112,51.4633862],[6.9481489,51.4634581],[6.9484987,51.4634945],[6.9486295,51.4634965],[6.9488089,51.4634791],[6.9488253,51.4635547],[6.9489191,51.463677],[6.9489592,51.463673],[6.9490475,51.4637521],[6.9489972,51.4637682],[6.949129,51.4638341],[6.9493344,51.4639543],[6.9494915,51.4640707],[6.9496414,51.4641821],[6.9498575,51.464357],[6.9502285,51.4646578],[6.9507303,51.4650655],[6.9512794,51.4655113],[6.9513092,51.4655349],[6.951293,51.4655265],[6.951274,51.4655233],[6.9512558,51.4655267],[6.9509442,51.4657319],[6.9505217,51.4659881],[6.9512666,51.4664451],[6.9505588,51.4668838],[6.9506067,51.4669167],[6.9509983,51.467213],[6.9513234,51.4674451],[6.951506,51.4675871],[6.951395,51.467657],[6.9514601,51.4677141],[6.9520396,51.4682304],[6.9520735,51.4682724],[6.9520901,51.4683067],[6.9520966,51.4683323],[6.9521659,51.4683969],[6.9522957,51.4684602],[6.9523655,51.4685438],[6.9523819,51.4686409],[6.9523601,51.4687276],[6.9525787,51.4688716],[6.9526019,51.4688544],[6.9526766,51.4688912],[6.9527157,51.4688493],[6.9527424,51.4688068],[6.9533692,51.468957],[6.9538143,51.4690573],[6.9535582,51.4695111],[6.9535287,51.4695035],[6.953476,51.4695944],[6.9535069,51.4696012],[6.9533689,51.469855],[6.953146,51.470242],[6.9528765,51.4707207],[6.9528028,51.4708543],[6.9527517,51.4709238],[6.9526941,51.4709837],[6.9526793,51.4710432],[6.9523981,51.4713247],[6.9523989,51.4713305],[6.9529422,51.4715325],[6.9533473,51.4716797],[6.9537888,51.4718393],[6.9542968,51.471881],[6.9543089,51.4718819],[6.9543208,51.4718793],[6.9542836,51.4719137],[6.9542899,51.4722143],[6.9542957,51.4723982],[6.9542779,51.4724032],[6.9543344,51.472403],[6.9545195,51.4724045],[6.9547396,51.4724028],[6.9550353,51.4723896],[6.9553753,51.4723743],[6.9555547,51.4723691],[6.9555958,51.4723644],[6.9556271,51.4723511],[6.9556592,51.4723378],[6.9556919,51.4723107],[6.9557192,51.4722876],[6.9557319,51.4722772],[6.9558638,51.4727991],[6.9559975,51.4732582],[6.9560843,51.4735486],[6.9560942,51.473609],[6.9561029,51.473674],[6.9561053,51.4738424],[6.9560938,51.4739629],[6.9560839,51.4740195],[6.9560999,51.4740283],[6.9560622,51.4741064],[6.9561912,51.474105],[6.9557729,51.4745926],[6.9553088,51.4750808],[6.9549549,51.475448],[6.9549918,51.4754616],[6.9549356,51.4755201],[6.9548981,51.4755068],[6.9547236,51.4756604],[6.9545335,51.4758157],[6.9543403,51.4759726],[6.954266,51.4760292],[6.9541838,51.4760885],[6.9541018,51.476135],[6.9540797,51.4761472],[6.9540657,51.4761537],[6.9540551,51.4761553],[6.9540415,51.4761549],[6.9540313,51.4761525],[6.9540181,51.4761474],[6.9539251,51.4763746],[6.9539373,51.4763819],[6.9539462,51.4763907],[6.9539499,51.4763995],[6.9539513,51.4764085],[6.9539523,51.4764161],[6.9539495,51.4764243],[6.9537189,51.4767334],[6.953705,51.476742],[6.9536933,51.4767461],[6.9536786,51.4767474],[6.9536651,51.4767462],[6.9536197,51.4767375],[6.9535414,51.4767897],[6.9534928,51.4768382],[6.9533984,51.476947],[6.9533829,51.4769454],[6.9529052,51.4777206],[6.9528867,51.4777485],[6.9528398,51.4778245],[6.9523659,51.4785876],[6.9518803,51.4793704],[6.9515958,51.4798471],[6.9516609,51.4798634],[6.9515835,51.4799803],[6.9515645,51.4799871],[6.9516082,51.4800041],[6.9516316,51.4800132],[6.9528679,51.4804949],[6.9533691,51.4806761],[6.9543507,51.4809886],[6.955987,51.4814978],[6.9560023,51.4815061],[6.9560073,51.4815195],[6.955994,51.481533],[6.9559816,51.4815448],[6.9562225,51.4815382],[6.9562816,51.4814926],[6.956738,51.4817163],[6.9569408,51.481479],[6.9579251,51.4819387],[6.959073,51.4820921],[6.9589417,51.482261],[6.9582373,51.4823761],[6.9577616,51.4824547],[6.9578098,51.4825717],[6.957958,51.4825471],[6.9584437,51.48354],[6.9588861,51.4834669],[6.9592692,51.4834136],[6.9601387,51.4833251],[6.9605107,51.4833084],[6.9605375,51.4833851],[6.9585474,51.4837342],[6.9587192,51.4839897],[6.9587783,51.4839798],[6.9588091,51.4842871],[6.9573087,51.4857952],[6.9581353,51.4860758],[6.9570307,51.4870381],[6.9563816,51.4876225],[6.9554336,51.4883751],[6.9550342,51.4881202],[6.9536885,51.4885014],[6.9521598,51.488868],[6.9522213,51.4889793],[6.9525023,51.4894892],[6.9523304,51.489531],[6.9523546,51.4895763],[6.9489659,51.4904485],[6.9488517,51.4905016],[6.9487581,51.4903778],[6.9487267,51.490415],[6.9485619,51.4904183],[6.9483678,51.4900208],[6.9482869,51.4898267],[6.9481434,51.489584],[6.9480102,51.4894115],[6.9477528,51.4891456],[6.9475201,51.488898],[6.9473954,51.4887655],[6.9474167,51.4887542],[6.9471801,51.488515],[6.9471547,51.4885325],[6.9468459,51.4883502],[6.9466437,51.4882431],[6.9467273,51.4881911],[6.9465393,51.4881124],[6.9465049,51.4881144],[6.9464616,51.4880905],[6.9464338,51.4880756],[6.9470363,51.4870685],[6.9470774,51.4870003],[6.9472888,51.4866468],[6.9473523,51.4865414],[6.9473894,51.4864757],[6.9476153,51.4860942],[6.9473841,51.4861351],[6.9471212,51.486185],[6.947089,51.4861115],[6.9470729,51.4861082],[6.9469964,51.4859665],[6.9462961,51.4851071],[6.9462348,51.4850936],[6.9459606,51.4850332],[6.9459454,51.4850084],[6.9455502,51.4843664],[6.9455294,51.4843326],[6.9451704,51.4837738],[6.9451295,51.4837102],[6.9450346,51.4835624],[6.9448938,51.4833433],[6.9447085,51.4830548],[6.9447286,51.4830488],[6.9450861,51.4829417],[6.9449004,51.4826589],[6.9446861,51.4823269],[6.9443714,51.4818431],[6.9444547,51.4811438],[6.9438592,51.4805216],[6.9429159,51.4799637],[6.9428588,51.47993],[6.9427358,51.4798562],[6.9426095,51.4797804],[6.9423225,51.4796101],[6.9421187,51.4792829],[6.9420866,51.4792604],[6.9419104,51.4789486],[6.941449,51.4782078],[6.940676,51.4769668],[6.9397247,51.4761236],[6.9396443,51.4758559],[6.939323,51.4747127],[6.9380457,51.4743219],[6.938029,51.4743168]]]]}},{"type":"Feature","properties":{"id":"Bredeney","quelle":"OpenStreetMap (ODbL), boundary=administrative admin_level=10","stand":"2026-09-25"},"geometry":{"type":"MultiPolygon","coordinates":[[[[6.9795586,51.4187378],[6.9796118,51.4186946],[6.9816385,51.4170495],[6.9817505,51.4164875],[6.9775414,51.4143416],[6.9783804,51.4137998],[6.9781192,51.4136486],[6.9798241,51.4123652],[6.979826,51.4120132],[6.9776243,51.4113866],[6.9776243,51.4112664],[6.9756965,51.410622],[6.9751999,51.4105023],[6.9744855,51.4103666],[6.9751807,51.4100215],[6.9757556,51.4098893],[6.9740429,51.4080823],[6.9725649,51.4062121],[6.9739326,51.4030127],[6.9756343,51.401409],[6.9773517,51.4007662],[6.9779974,51.4000182],[6.9780658,51.3995061],[6.9790613,51.3989598],[6.9796638,51.3986953],[6.9804213,51.3986049],[6.9806804,51.398501],[6.9808428,51.3983907],[6.9808922,51.3983368],[6.9810361,51.3982304],[6.9811169,51.3982186],[6.9812499,51.3982368],[6.9814369,51.3982355],[6.9817597,51.3983522],[6.9818378,51.3984061],[6.9819323,51.3984407],[6.982216,51.3983779],[6.982436,51.3983843],[6.982695,51.3984446],[6.9828286,51.3984522],[6.9827577,51.3983765],[6.9829355,51.3982086],[6.9828271,51.3980157],[6.9821359,51.397439],[6.9820639,51.3972992],[6.9819961,51.3972607],[6.9820269,51.3972518],[6.9819951,51.3971456],[6.9817454,51.397031],[6.9818254,51.3968978],[6.9818378,51.3968272],[6.9818193,51.3967464],[6.9816898,51.3963856],[6.9815849,51.396268],[6.9814035,51.3956882],[6.9813115,51.3955613],[6.9812352,51.3954884],[6.9812183,51.3953284],[6.9817021,51.3949431],[6.9818522,51.3947455],[6.9821071,51.3945544],[6.9821525,51.3944507],[6.9825408,51.3942325],[6.9827279,51.3939811],[6.9829609,51.3938348],[6.9829499,51.3937707],[6.9828574,51.3937079],[6.982878,51.3936206],[6.9828389,51.3935822],[6.9827875,51.3934423],[6.9827813,51.3933372],[6.9827197,51.3932859],[6.9831466,51.3927935],[6.982878,51.39232],[6.9827468,51.3918769],[6.9827378,51.3914986],[6.9827896,51.3912835],[6.9829047,51.3910219],[6.9823229,51.3910565],[6.982362,51.3908115],[6.9823766,51.3905293],[6.9824261,51.3904497],[6.9824349,51.3902188],[6.9824692,51.3898856],[6.9824224,51.3895763],[6.9823229,51.3894633],[6.9821297,51.3892875],[6.9819981,51.3889938],[6.9819183,51.3885887],[6.9819168,51.3883506],[6.9819159,51.3883049],[6.9823147,51.3882191],[6.9836756,51.3884614],[6.9841813,51.3886423],[6.9851577,51.3887269],[6.9851449,51.3887497],[6.9855481,51.3888185],[6.9855698,51.3887971],[6.9862555,51.3889168],[6.9863411,51.3890152],[6.9868187,51.388913],[6.9873372,51.3888434],[6.9884961,51.3886117],[6.9885813,51.3886227],[6.9891193,51.3889369],[6.9892468,51.3889603],[6.9892503,51.3889968],[6.9893562,51.3889826],[6.993683,51.3895724],[6.9937038,51.3896009],[6.9936481,51.3896244],[6.9935774,51.389675],[6.9935653,51.389702],[6.9938327,51.3898156],[6.994531,51.3899988],[6.9949355,51.3899525],[6.995076,51.3899827],[6.9952261,51.3900552],[6.9954146,51.3901141],[6.9956669,51.3904632],[6.9960294,51.3908627],[6.9960301,51.3909135],[6.9965096,51.3909558],[6.9965193,51.3910888],[6.997023,51.391078],[6.9969261,51.3912429],[6.9971465,51.3920771],[6.9976023,51.3927323],[6.9982289,51.3933554],[6.998765,51.3938538],[6.9994306,51.3942332],[6.9997981,51.3945914],[7.0006892,51.3954465],[7.0012016,51.3960509],[7.0020547,51.396807],[7.0026158,51.3975175],[7.0028524,51.3977105],[7.003014,51.3980181],[7.0035765,51.3987525],[7.003989,51.3991315],[7.0046413,51.3997525],[7.0054307,51.4004505],[7.0068266,51.4015002],[7.0076489,51.4019884],[7.0088742,51.4025413],[7.0099252,51.4029069],[7.0114169,51.4032967],[7.0128546,51.4037109],[7.0137151,51.4039096],[7.0155117,51.4043188],[7.017477,51.4047146],[7.0182204,51.4049257],[7.0189755,51.4051494],[7.0202188,51.4056183],[7.0211309,51.4058709],[7.0212224,51.4057503],[7.0219023,51.405972],[7.0230397,51.4062915],[7.02352,51.4064508],[7.0237257,51.4065521],[7.0238735,51.4065626],[7.0239801,51.4065475],[7.0240237,51.4064236],[7.026964,51.4070329],[7.027422,51.4071112],[7.0278498,51.4071034],[7.0296563,51.4071819],[7.0295038,51.4074363],[7.0308548,51.407534],[7.0317035,51.4075651],[7.0336115,51.4075552],[7.0347222,51.4075143],[7.035778,51.4074478],[7.0377454,51.4072265],[7.0377856,51.4073934],[7.0378349,51.4076922],[7.0376818,51.4077261],[7.0377065,51.4078616],[7.0376383,51.4080705],[7.037729,51.4081605],[7.0377586,51.4083193],[7.0378992,51.4086377],[7.0378214,51.4090701],[7.0378026,51.4092734],[7.0378493,51.4096228],[7.0375255,51.4102571],[7.0369337,51.4101669],[7.0350771,51.409694],[7.0342333,51.4097804],[7.0336263,51.4099529],[7.0333942,51.4100002],[7.0332354,51.40999],[7.0330733,51.410336],[7.0329718,51.4104658],[7.0328298,51.4104943],[7.0323474,51.4104594],[7.0318249,51.4104829],[7.0310978,51.41057],[7.0308465,51.4106411],[7.0307906,51.4106221],[7.0300387,51.4110477],[7.0299152,51.4114349],[7.0288268,51.4123015],[7.0281187,51.4122748],[7.0279949,51.4122561],[7.0274833,51.4121207],[7.0272139,51.412077],[7.0269617,51.4120446],[7.0266973,51.4126615],[7.0270495,51.4127238],[7.0275868,51.4128188],[7.0274138,51.4135115],[7.02752,51.4136553],[7.0271878,51.4138617],[7.0258019,51.4145523],[7.0242497,51.4136995],[7.0239939,51.4135881],[7.023901,51.4135476],[7.0234504,51.413389],[7.0231703,51.4133187],[7.022962,51.4133044],[7.0227781,51.4133282],[7.0226172,51.413373],[7.0225171,51.4134096],[7.0224005,51.4134768],[7.0223091,51.4135568],[7.0222358,51.4136799],[7.0222308,51.4139011],[7.022253,51.4139809],[7.0222666,51.414029],[7.022332,51.414171],[7.0226875,51.4146195],[7.0224824,51.4146735],[7.0222755,51.4147041],[7.0216763,51.4148722],[7.021866,51.4151284],[7.0214219,51.415289],[7.0218539,51.4155878],[7.0209579,51.4158843],[7.0203905,51.4155482],[7.0195639,51.4157949],[7.0123373,51.4179514],[7.0093225,51.4172128],[7.0079,51.4189349],[7.0063222,51.4183717],[7.0053853,51.4192835],[7.0043177,51.4199542],[7.0026879,51.4206948],[7.001092,51.421511],[7.0012782,51.4221687],[6.9978556,51.4222318],[6.9977931,51.4230618],[6.9945325,51.4229718],[6.9937135,51.4229159],[6.9937167,51.4228948],[6.9934395,51.422877],[6.993399,51.4228902],[6.9919873,51.4227573],[6.9914287,51.4226822],[6.9905488,51.422475],[6.9902565,51.4224808],[6.9889156,51.4223826],[6.9878519,51.4222347],[6.9869014,51.4220706],[6.9862432,51.4219155],[6.9855512,51.4224149],[6.9855128,51.4223662],[6.9842494,51.421965],[6.9830215,51.4214779],[6.9829369,51.4214623],[6.9828455,51.4214777],[6.9827885,51.4214567],[6.9827546,51.4214812],[6.9824947,51.4213713],[6.9825285,51.4213426],[6.9816378,51.4208572],[6.9787959,51.4194309],[6.9795586,51.4187378]]]]}},{"type":"Feature","properties":{"id":"Byfang","quelle":"OpenStreetMap (ODbL), boundary=administrative admin_level=10","stand":"2026-09-25"},"geometry":{"type":"MultiPolygon","coordinates":[[[[7.095082,51.4109126],[7.0930992,51.4096427],[7.0897574,51.4084519],[7.0853257,51.407415],[7.0812447,51.4073565],[7.0822591,51.4031574],[7.08294,51.4031737],[7.0835822,51.4024546],[7.0846711,51.4023501],[7.0852042,51.4014655],[7.0852613,51.400806],[7.086797,51.4007925],[7.0892685,51.4011411],[7.0898879,51.4008518],[7.0903173,51.4003731],[7.090911,51.4002893],[7.091738,51.3987592],[7.0932608,51.3979675],[7.0958214,51.3980912],[7.0961039,51.3977759],[7.0970828,51.3979523],[7.0977684,51.3982014],[7.0985353,51.3980603],[7.0993445,51.3978001],[7.0986344,51.3975876],[7.099868,51.3972172],[7.1010021,51.3965429],[7.1006619,51.3960613],[7.1009484,51.3957487],[7.1020313,51.395558],[7.1029809,51.3958137],[7.1042833,51.3944203],[7.1031708,51.3936683],[7.1035424,51.3933923],[7.0973367,51.3904565],[7.0985168,51.3893863],[7.098121,51.3888306],[7.0992613,51.3878612],[7.099373,51.3871642],[7.1003545,51.3867135],[7.1003861,51.3856458],[7.1014949,51.3843166],[7.1020614,51.382708],[7.1081726,51.3834376],[7.1113221,51.3839003],[7.1148227,51.3835464],[7.1156893,51.3833805],[7.1161252,51.3832629],[7.1165704,51.3831289],[7.1169573,51.3829988],[7.1173198,51.3828655],[7.1172875,51.3830658],[7.1172575,51.3831724],[7.1172431,51.38322],[7.1171673,51.383342],[7.117135,51.3833918],[7.1170257,51.3834868],[7.1168294,51.3836757],[7.1166251,51.3840542],[7.116609,51.3840827],[7.116505,51.384151],[7.116316,51.3841719],[7.1161791,51.3841409],[7.1160877,51.384099],[7.116153,51.3842363],[7.1163195,51.3843139],[7.1163595,51.3844235],[7.1163934,51.3845104],[7.1164775,51.3846802],[7.1163954,51.384782],[7.1163517,51.3849491],[7.1163254,51.3851583],[7.1163504,51.3854115],[7.1164383,51.3856169],[7.1166467,51.3858322],[7.1168842,51.3860398],[7.1170622,51.3861318],[7.1176528,51.3862884],[7.1181348,51.3864336],[7.118673,51.3865496],[7.1187769,51.3866085],[7.1188769,51.3866866],[7.1190309,51.3868224],[7.1190975,51.3869691],[7.1195284,51.3873272],[7.1193096,51.3874245],[7.1190019,51.3879966],[7.1189289,51.3880846],[7.1186839,51.3882716],[7.11835,51.3886036],[7.118277,51.3886685],[7.117981,51.3885116],[7.1172928,51.3882851],[7.1173221,51.3883056],[7.117919,51.3888595],[7.118174,51.3890195],[7.118063,51.3890805],[7.118049,51.3891985],[7.11801,51.3892745],[7.117951,51.3893745],[7.117893,51.3894695],[7.1178221,51.3895844],[7.1177431,51.3896794],[7.1177001,51.3897744],[7.1175609,51.3899694],[7.1175531,51.3900834],[7.1175821,51.3901634],[7.1176621,51.3903504],[7.1178101,51.3905953],[7.11842,51.3915252],[7.1185199,51.3917282],[7.1186169,51.3920142],[7.1186879,51.3922661],[7.1187079,51.3925171],[7.1187029,51.3926171],[7.1187053,51.3928088],[7.1186609,51.393147],[7.1186429,51.393341],[7.1185259,51.393818],[7.11841,51.3941309],[7.117806,51.3947109],[7.1176531,51.3948638],[7.1175321,51.3950808],[7.1174721,51.3951188],[7.1173941,51.3951148],[7.1169862,51.3952868],[7.1168442,51.3953018],[7.1166202,51.3954128],[7.1161053,51.3957407],[7.1159824,51.3959254],[7.1159052,51.396011],[7.1161712,51.39607],[7.1157507,51.3964823],[7.1152894,51.3968436],[7.1147865,51.3978045],[7.1146875,51.3978885],[7.1137406,51.3986324],[7.1134862,51.3988396],[7.1134397,51.3988724],[7.1130977,51.3992004],[7.1129888,51.3993803],[7.1127418,51.4000283],[7.1125178,51.4001502],[7.1124818,51.4002122],[7.1123019,51.4003562],[7.1122189,51.4007192],[7.1122959,51.4018371],[7.1123693,51.4019721],[7.1125988,51.402394],[7.1125978,51.402542],[7.1125528,51.402642],[7.1123458,51.4028129],[7.1123178,51.4029089],[7.1123798,51.4032939],[7.1124328,51.4033669],[7.1127108,51.4035499],[7.1127098,51.4037098],[7.1126308,51.4038208],[7.1126638,51.4040268],[7.1125738,51.4041218],[7.1124088,51.4042168],[7.1120409,51.4043508],[7.1118799,51.4043888],[7.1117039,51.4044308],[7.111594,51.4049037],[7.1116809,51.4055146],[7.110982,51.4056976],[7.1106011,51.4058386],[7.1083734,51.4064255],[7.1080627,51.4064788],[7.1055202,51.4073322],[7.1041595,51.4078607],[7.1039157,51.408019],[7.1017552,51.4094213],[7.0996206,51.4109647],[7.0961851,51.4103373],[7.0958361,51.4113531],[7.095082,51.4109126]]]]}},{"type":"Feature","properties":{"id":"Dellwig","quelle":"OpenStreetMap (ODbL), boundary=administrative admin_level=10","stand":"2026-09-25"},"geometry":{"type":"MultiPolygon","coordinates":[[[[6.9281501,51.4977651],[6.9282981,51.4977191],[6.9285001,51.4975552],[6.9285201,51.4974642],[6.9285511,51.4973262],[6.9286061,51.4970292],[6.9295419,51.4971742],[6.9296629,51.4972352],[6.9314946,51.4974672],[6.9331874,51.4976541],[6.9352787,51.4978494],[6.9353664,51.497858],[6.93554,51.4978761],[6.9394385,51.4981811],[6.9396784,51.4982421],[6.9398924,51.4982611],[6.9413702,51.4983911],[6.942186,51.4984861],[6.9433479,51.498673],[6.9453806,51.499238],[6.9454815,51.499264],[6.9455655,51.499287],[6.9456694,51.4993141],[6.9519443,51.4953146],[6.9506652,51.4944273],[6.9500626,51.4939997],[6.9498697,51.4937605],[6.9500801,51.4932815],[6.9489974,51.4936345],[6.9439849,51.4919033],[6.9426678,51.4937029],[6.9414443,51.4924019],[6.9349553,51.4857358],[6.9323853,51.4849305],[6.932337,51.4846828],[6.9323157,51.4842694],[6.9323037,51.4838936],[6.932299,51.4837488],[6.9322956,51.4836447],[6.9323006,51.4834997],[6.9323139,51.4834268],[6.9323316,51.4833481],[6.9323614,51.4832154],[6.9323919,51.4830784],[6.9324199,51.4829466],[6.9324387,51.4826574],[6.9324217,51.4825333],[6.9323961,51.482438],[6.9323559,51.4823528],[6.932262,51.4822284],[6.932106,51.482069],[6.9319226,51.4819529],[6.9314667,51.4817874],[6.9311341,51.4816813],[6.9307707,51.4815786],[6.9298404,51.4811132],[6.9284823,51.4792654],[6.9272279,51.4780808],[6.9268349,51.4783204],[6.9264726,51.4797286],[6.9263151,51.48181],[6.9253587,51.4817902],[6.923815,51.480375],[6.9238532,51.4798408],[6.9227368,51.4789376],[6.9214272,51.4796459],[6.9210541,51.4790752],[6.9209641,51.4791178],[6.9208509,51.4788491],[6.9205901,51.4788856],[6.9199651,51.4789056],[6.919378,51.4788263],[6.9180083,51.4786234],[6.9179213,51.4789257],[6.9179133,51.4792147],[6.9179764,51.4793213],[6.9180393,51.4794419],[6.91858,51.4800299],[6.9150616,51.4816246],[6.9147881,51.4814899],[6.9100709,51.4838959],[6.9102456,51.4839902],[6.9101533,51.4843496],[6.9097522,51.4847845],[6.9107,51.4851409],[6.9102823,51.4855602],[6.9101435,51.4857559],[6.9094946,51.4860608],[6.9096557,51.4861257],[6.9094672,51.4866816],[6.9028134,51.4859404],[6.9022176,51.4883878],[6.9023494,51.4884144],[6.9034949,51.4885154],[6.9050652,51.4886521],[6.9064875,51.4887992],[6.9079356,51.4889478],[6.9085947,51.4890251],[6.9092677,51.4891083],[6.9106184,51.4892777],[6.911592,51.4893282],[6.9115968,51.4894085],[6.9117734,51.4894352],[6.9119643,51.4894352],[6.9124179,51.4894579],[6.9129189,51.4894857],[6.9133007,51.4895214],[6.9134265,51.4895313],[6.9135059,51.4894946],[6.9140698,51.4894999],[6.9163686,51.4899785],[6.9173723,51.4901905],[6.9180783,51.4903773],[6.9181929,51.4904486],[6.9187847,51.490615],[6.9188935,51.4906309],[6.9190109,51.4906378],[6.9216563,51.4914307],[6.9211779,51.4921979],[6.9208255,51.4927592],[6.9205313,51.4933436],[6.9200161,51.4942939],[6.9199212,51.4945587],[6.919845,51.4947242],[6.9197484,51.4949684],[6.9196994,51.4950984],[6.9195454,51.4955184],[6.9193805,51.4959723],[6.9193495,51.4960603],[6.9193065,51.4961893],[6.9192985,51.4962883],[6.9192101,51.4965008],[6.9203072,51.4966592],[6.9213249,51.4967957],[6.9259775,51.4974442],[6.9280592,51.4977311],[6.9281501,51.4977651]]]]}},{"type":"Feature","properties":{"id":"Fischlaken","quelle":"OpenStreetMap (ODbL), boundary=administrative admin_level=10","stand":"2026-09-25"},"geometry":{"type":"MultiPolygon","coordinates":[[[[7.0154299,51.3886744],[7.0185189,51.3883731],[7.0202845,51.3883069],[7.02109,51.3882587],[7.0218775,51.3881284],[7.0230673,51.3877152],[7.0242065,51.3871588],[7.0253602,51.386457],[7.0257127,51.3862043],[7.0258953,51.3857138],[7.0275892,51.3852674],[7.0285711,51.3846818],[7.0290261,51.3844594],[7.0295254,51.3842122],[7.0338153,51.3844542],[7.0339421,51.3845048],[7.0341694,51.3844972],[7.0342033,51.3844553],[7.0347701,51.3844339],[7.0353422,51.3843885],[7.0354818,51.3843966],[7.035538,51.3844144],[7.0355672,51.384441],[7.0361251,51.3846506],[7.0362504,51.3846702],[7.036414,51.3846565],[7.0365379,51.3846364],[7.0366557,51.3845575],[7.036703,51.3844747],[7.036703,51.3843308],[7.0366405,51.3842727],[7.0365171,51.3842054],[7.0367485,51.3840342],[7.0368168,51.3840342],[7.0370104,51.3839986],[7.0371527,51.3839382],[7.0372182,51.3838707],[7.0373649,51.3838376],[7.0376367,51.3838725],[7.0381149,51.383876],[7.038539,51.3839098],[7.0385594,51.3838815],[7.0384468,51.3838461],[7.0387525,51.3837748],[7.0389404,51.3836824],[7.0392234,51.383472],[7.0392251,51.3834195],[7.0395602,51.3831932],[7.0395286,51.3831422],[7.0395439,51.3831015],[7.0394926,51.3830037],[7.0393428,51.3831084],[7.0385569,51.3818185],[7.0384628,51.3817053],[7.0382435,51.3812459],[7.03828,51.3807206],[7.0382715,51.3805822],[7.0382934,51.3803085],[7.0382768,51.3801718],[7.0382833,51.3799453],[7.0385958,51.3783534],[7.0385931,51.3782903],[7.0389832,51.3761957],[7.0389148,51.3761491],[7.038991,51.3758199],[7.0390038,51.3758186],[7.0390059,51.3757254],[7.039055,51.3756095],[7.0391062,51.3756561],[7.0391233,51.3755722],[7.0391126,51.3755282],[7.0391309,51.3752545],[7.03904,51.374552],[7.0390512,51.3743883],[7.0390251,51.3741951],[7.0389739,51.3740685],[7.0389931,51.3740432],[7.0389739,51.3739327],[7.0388894,51.3739101],[7.0388907,51.3738661],[7.0388736,51.3738168],[7.0388267,51.3737569],[7.0386432,51.3736117],[7.0386603,51.373605],[7.0385045,51.3733347],[7.0385365,51.3732787],[7.0384974,51.373159],[7.0384768,51.3727553],[7.0384853,51.3726474],[7.0385984,51.3724183],[7.038752,51.3722238],[7.039374,51.3713286],[7.0396439,51.3710531],[7.039966,51.37067],[7.0401197,51.3705456],[7.0402562,51.3704816],[7.041669,51.3702215],[7.0423114,51.3698677],[7.042441,51.3698316],[7.0425797,51.369809],[7.0427973,51.3697997],[7.0431451,51.3697424],[7.0434328,51.3696459],[7.0436508,51.3695346],[7.0438381,51.3694187],[7.04399,51.369488],[7.0440178,51.3695506],[7.044057,51.3695709],[7.0441266,51.3695692],[7.0443513,51.3696205],[7.0466745,51.3718558],[7.0488407,51.3718706],[7.0498049,51.3716751],[7.0519721,51.3728274],[7.0523924,51.3725136],[7.0534984,51.3726115],[7.0599107,51.375467],[7.0614085,51.3774543],[7.0640693,51.3810096],[7.0640447,51.382421],[7.0670395,51.3838015],[7.0669733,51.3869524],[7.0656755,51.3873321],[7.0637789,51.3880217],[7.0618535,51.3893197],[7.06003,51.3909408],[7.0566993,51.3939401],[7.0562287,51.3971845],[7.0503453,51.4021864],[7.0499398,51.4024537],[7.0484919,51.4032007],[7.0467607,51.4040583],[7.0470993,51.4041835],[7.0457659,51.404778],[7.0447042,51.4051816],[7.0431881,51.4059209],[7.0422901,51.4063013],[7.0399881,51.4068112],[7.0386399,51.4070823],[7.0377454,51.4072265],[7.035778,51.4074478],[7.0347222,51.4075143],[7.0336115,51.4075552],[7.0317035,51.4075651],[7.0308548,51.407534],[7.0295038,51.4074363],[7.0296563,51.4071819],[7.0278498,51.4071034],[7.027422,51.4071112],[7.026964,51.4070329],[7.0240237,51.4064236],[7.0239801,51.4065475],[7.0238735,51.4065626],[7.0237257,51.4065521],[7.02352,51.4064508],[7.0230397,51.4062915],[7.0219023,51.405972],[7.0212224,51.4057503],[7.0211309,51.4058709],[7.0202188,51.4056183],[7.0189755,51.4051494],[7.0182204,51.4049257],[7.017477,51.4047146],[7.0155117,51.4043188],[7.0137151,51.4039096],[7.014129,51.4032695],[7.0141933,51.4032021],[7.0134268,51.4028555],[7.012647,51.4021213],[7.0123971,51.4019213],[7.0121386,51.4017718],[7.0117368,51.4016237],[7.0106197,51.4012537],[7.0102047,51.4002648],[7.0102253,51.4000621],[7.0111531,51.4003285],[7.0112668,51.4003615],[7.0115018,51.4003703],[7.01196,51.4003439],[7.012302,51.4003433],[7.0123236,51.4002776],[7.0122076,51.400242],[7.0119664,51.400158],[7.0117685,51.4000387],[7.0115229,51.3998694],[7.011633,51.3997683],[7.0117762,51.399271],[7.0121477,51.3985859],[7.0125006,51.3981443],[7.012494,51.3973699],[7.0134823,51.3965135],[7.013459,51.3955046],[7.0137416,51.3951078],[7.0137925,51.3948092],[7.0133883,51.3947872],[7.0135039,51.3942502],[7.013369,51.3934847],[7.0134723,51.3929958],[7.0120793,51.3926178],[7.0115321,51.3918094],[7.0120395,51.3918415],[7.0123414,51.3904026],[7.0132058,51.390446],[7.013551,51.3897485],[7.0159014,51.3903167],[7.0157628,51.3890516],[7.0154299,51.3886744]]]]}},{"type":"Feature","properties":{"id":"Freisenbruch","quelle":"OpenStreetMap (ODbL), boundary=administrative admin_level=10","stand":"2026-09-25"},"geometry":{"type":"MultiPolygon","coordinates":[[[[7.0872623,51.4447466],[7.0913796,51.4424893],[7.0921648,51.442817],[7.0938788,51.4421199],[7.0955771,51.4411746],[7.0994542,51.4404425],[7.1017916,51.440524],[7.1047703,51.4410583],[7.1084067,51.4417019],[7.1112801,51.4418847],[7.1160729,51.44225],[7.1184504,51.4426232],[7.1208379,51.4431873],[7.1246881,51.4447236],[7.1286105,51.446982],[7.1280764,51.4474909],[7.1280004,51.4476191],[7.1264106,51.4495587],[7.1263007,51.4496957],[7.1256008,51.4503486],[7.1250388,51.4508746],[7.1249209,51.4508786],[7.124047,51.4515805],[7.1230401,51.4523934],[7.1229751,51.4524464],[7.1226102,51.4529423],[7.1224472,51.4531633],[7.1224072,51.4532243],[7.1219963,51.4538772],[7.1213692,51.4549501],[7.1206715,51.4549688],[7.1197269,51.4551294],[7.1188503,51.4553369],[7.1183774,51.4553517],[7.1179859,51.4553111],[7.1178069,51.4552881],[7.11699,51.4551321],[7.1162781,51.4549871],[7.1160332,51.4549371],[7.1157842,51.455918],[7.1156948,51.4563717],[7.1154342,51.4563373],[7.1154071,51.4564166],[7.1147044,51.4582297],[7.1145084,51.4584237],[7.1132036,51.4597325],[7.1129846,51.4599535],[7.1129318,51.4600057],[7.1120492,51.4598167],[7.1112808,51.4596559],[7.1112201,51.4598063],[7.11067,51.4596796],[7.1100697,51.459527],[7.1095557,51.4593792],[7.1094166,51.4598007],[7.1094545,51.4601498],[7.1092693,51.4604797],[7.1089008,51.4607178],[7.1086673,51.4609874],[7.1083617,51.4613497],[7.1069122,51.4609269],[7.1061622,51.4606301],[7.1055374,51.4603411],[7.1054087,51.4602511],[7.10507,51.4604302],[7.1049352,51.4604814],[7.1046973,51.4600864],[7.1045776,51.4598142],[7.1045816,51.4597827],[7.1043747,51.4595691],[7.1043188,51.4594768],[7.1042751,51.4592696],[7.1043278,51.4592183],[7.1038655,51.4587346],[7.1027009,51.4574823],[7.1025303,51.457369],[7.1014536,51.4562875],[7.1010594,51.4560292],[7.1006589,51.4557993],[7.1005069,51.4557501],[7.1002495,51.4556955],[7.1007743,51.4550634],[7.1003564,51.4548127],[7.1007672,51.4545332],[7.100487,51.4542516],[7.0997649,51.4546825],[7.0991434,51.455293],[7.0990101,51.4553893],[7.0988041,51.4554134],[7.0976092,51.4553111],[7.0960736,51.454807],[7.0950337,51.4547606],[7.0941972,51.4546537],[7.0924145,51.4544722],[7.0924314,51.4544041],[7.0915924,51.4542258],[7.0917488,51.4540254],[7.0911786,51.4539049],[7.0915035,51.4532276],[7.0919885,51.4520949],[7.0920676,51.4515714],[7.0923119,51.4510264],[7.0931849,51.4511633],[7.094435,51.4491102],[7.0936653,51.4487514],[7.0930775,51.4483371],[7.0927897,51.4477102],[7.092546,51.4461314],[7.0920424,51.4454372],[7.0915321,51.4450512],[7.0908531,51.4447587],[7.0901822,51.4445851],[7.0893581,51.4445338],[7.0872623,51.4447466]]]]}},{"type":"Feature","properties":{"id":"Frillendorf","quelle":"OpenStreetMap (ODbL), boundary=administrative admin_level=10","stand":"2026-09-25"},"geometry":{"type":"MultiPolygon","coordinates":[[[[7.0434743,51.4556273],[7.0436539,51.4556813],[7.043852,51.4557479],[7.0440495,51.455819],[7.0442071,51.4558891],[7.0443161,51.4559517],[7.0443973,51.4560149],[7.0444572,51.4560848],[7.0445095,51.4561607],[7.0445651,51.456264],[7.0435988,51.4565611],[7.0416167,51.457142],[7.0410539,51.4574802],[7.0408724,51.4575744],[7.0407016,51.4576479],[7.0404523,51.4577439],[7.0402633,51.4578023],[7.0400487,51.4578616],[7.0398689,51.4578993],[7.0396172,51.4579452],[7.0393546,51.4579746],[7.0389271,51.4597463],[7.0376941,51.4596329],[7.0370699,51.4595849],[7.0364506,51.4595528],[7.0367359,51.4598542],[7.036938,51.4598709],[7.0368553,51.459939],[7.036943,51.4599945],[7.0370488,51.4601113],[7.0371712,51.4602996],[7.0373314,51.4605849],[7.0374432,51.4608194],[7.0376147,51.4612858],[7.0375989,51.461471],[7.0376941,51.4619211],[7.037676,51.4619417],[7.0377355,51.4623997],[7.0373301,51.4622858],[7.0373324,51.4623795],[7.0372902,51.4623666],[7.0372697,51.4624029],[7.0372769,51.4624045],[7.0368955,51.4632976],[7.0366904,51.4635629],[7.0364854,51.4638002],[7.0360073,51.4642924],[7.0355534,51.4647383],[7.0347497,51.4656159],[7.0350231,51.4656329],[7.0361392,51.4656825],[7.0365612,51.4657395],[7.0375981,51.4658378],[7.037639,51.4658123],[7.0378623,51.4658372],[7.0384581,51.4659891],[7.0384757,51.4659898],[7.0386071,51.4660418],[7.0393309,51.4660684],[7.0393708,51.466027],[7.0396825,51.4660358],[7.0403416,51.4660665],[7.0404557,51.4659974],[7.0405354,51.4660407],[7.0407752,51.4660723],[7.0409041,51.4660766],[7.0408138,51.4663828],[7.040839,51.4664668],[7.0413462,51.4665261],[7.0420155,51.4665837],[7.0425143,51.4666943],[7.0428677,51.4667635],[7.0434804,51.4668673],[7.0439958,51.4669193],[7.0442273,51.4670029],[7.0452319,51.4672509],[7.0455359,51.467313],[7.0449913,51.468285],[7.0449155,51.468441],[7.0448661,51.4685775],[7.0448364,51.4687018],[7.0447936,51.4689707],[7.0448013,51.4692303],[7.0448402,51.4694814],[7.0448615,51.4695225],[7.0448893,51.4695436],[7.0449232,51.4695667],[7.0449711,51.4695811],[7.0449916,51.4697589],[7.0450158,51.469866],[7.0450683,51.4698426],[7.0451115,51.469832],[7.0451778,51.4698272],[7.0452349,51.4698311],[7.0458738,51.469932],[7.0461677,51.4699891],[7.0464452,51.4700559],[7.0476731,51.4703828],[7.0503152,51.4711198],[7.0510126,51.4713287],[7.0515326,51.4714976],[7.0518607,51.4716178],[7.0524563,51.4718418],[7.0532472,51.4721726],[7.0536554,51.4723637],[7.0542454,51.4726655],[7.0547973,51.4729607],[7.0553716,51.4732962],[7.0555344,51.4731264],[7.055666,51.4729939],[7.0559173,51.473269],[7.0560864,51.4734294],[7.0562106,51.4735314],[7.0563375,51.4736174],[7.0567,51.4730515],[7.0566933,51.4730461],[7.0569194,51.4728629],[7.0570776,51.4727626],[7.0571964,51.4726689],[7.0573587,51.4724921],[7.0576049,51.4722403],[7.0576884,51.4722216],[7.0578528,51.4721291],[7.0579564,51.4720017],[7.0581381,51.4719253],[7.0582821,51.4718285],[7.0585112,51.4716299],[7.0587018,51.4714444],[7.0587186,51.4714112],[7.0586943,51.4713548],[7.0587318,51.4711502],[7.0594569,51.4712582],[7.0595723,51.4711581],[7.0598857,51.4711328],[7.0599606,51.4709094],[7.0601227,51.4706837],[7.0603991,51.4704904],[7.0606406,51.4703943],[7.0609163,51.4703373],[7.0612965,51.4702847],[7.0612778,51.4695102],[7.0613436,51.4690336],[7.0613923,51.4689736],[7.0614514,51.4687145],[7.0614909,51.4686426],[7.0617481,51.4684905],[7.0620676,51.4684109],[7.0623681,51.468364],[7.0627151,51.4683304],[7.0624873,51.4683045],[7.0616214,51.4682189],[7.0615888,51.4679448],[7.0619055,51.4679913],[7.0619424,51.4679825],[7.0625322,51.4680585],[7.0625461,51.4680791],[7.0630013,51.468148],[7.0634172,51.4681948],[7.064175,51.4682507],[7.0642849,51.4682411],[7.0632886,51.4678731],[7.0631912,51.4678137],[7.0631286,51.4677356],[7.0631474,51.467688],[7.0631326,51.4676447],[7.0632667,51.4676624],[7.0632127,51.4675222],[7.063283,51.4675357],[7.0633172,51.4675333],[7.0633381,51.4675255],[7.0633553,51.4675071],[7.0633986,51.4669927],[7.0630242,51.4669798],[7.0629627,51.4668449],[7.0629173,51.4668037],[7.0626917,51.4666643],[7.0625998,51.466586],[7.0623454,51.4664558],[7.0620071,51.4662458],[7.061426,51.465848],[7.0612787,51.4657246],[7.0611735,51.4656246],[7.0610899,51.4655204],[7.0608155,51.4651764],[7.061187,51.4650851],[7.0614905,51.4650254],[7.0618224,51.4649868],[7.0618183,51.4649683],[7.06105,51.4649194],[7.0607661,51.4649759],[7.0604141,51.4650322],[7.060096,51.4650714],[7.0600414,51.4650665],[7.0599161,51.4650711],[7.0591126,51.4649018],[7.0579131,51.4641413],[7.0576129,51.4639494],[7.0567983,51.4636596],[7.0565925,51.4635388],[7.0564131,51.4633976],[7.0563106,51.4633043],[7.0560664,51.4630807],[7.0558848,51.46293],[7.0548124,51.4625288],[7.0548421,51.4621877],[7.0543416,51.461821],[7.0543922,51.4617888],[7.0545006,51.4613516],[7.0546024,51.4612114],[7.0548062,51.4610231],[7.0548968,51.4609602],[7.0550882,51.46082],[7.0552824,51.4606951],[7.0555319,51.4605015],[7.0559109,51.4602316],[7.055896,51.4600107],[7.0561472,51.4589768],[7.0565035,51.4589546],[7.0565711,51.4586889],[7.0565349,51.4585302],[7.0559198,51.4585827],[7.0552316,51.4586725],[7.0552387,51.4584905],[7.0551401,51.4579619],[7.0564757,51.4578107],[7.0565904,51.4577137],[7.0566977,51.4576507],[7.0566931,51.4576169],[7.0564163,51.4575615],[7.0562147,51.457444],[7.0562179,51.4573615],[7.0561936,51.4572423],[7.0558025,51.4571545],[7.0535806,51.4573296],[7.0538166,51.4542811],[7.0543342,51.4542449],[7.0546549,51.454238],[7.0547021,51.4542691],[7.0549205,51.4542137],[7.0558467,51.4540843],[7.0557801,51.4537774],[7.0557783,51.4536538],[7.055756,51.4535548],[7.0558474,51.4535513],[7.0559372,51.4535393],[7.0560241,51.4534966],[7.0561442,51.4534504],[7.0564644,51.4533686],[7.0567893,51.4532743],[7.0572175,51.4532125],[7.0576154,51.4531965],[7.0576265,51.4529925],[7.058584,51.4529376],[7.059008,51.4527999],[7.0587399,51.4527818],[7.0586955,51.452737],[7.0578771,51.4527333],[7.0571094,51.4526719],[7.055592,51.4527372],[7.0542587,51.4528398],[7.0537294,51.452902],[7.0534573,51.4529483],[7.0523689,51.4531846],[7.0523545,51.4532034],[7.0523214,51.4531947],[7.0519896,51.4532694],[7.0509672,51.4535579],[7.050952,51.453515],[7.0508501,51.4535347],[7.0508693,51.453585],[7.0496741,51.4539038],[7.0494821,51.4539768],[7.0494504,51.4539768],[7.0487725,51.4541363],[7.0480299,51.4543442],[7.0479976,51.4543803],[7.0476085,51.4545134],[7.0470771,51.4546673],[7.0463314,51.454795],[7.0455338,51.4549631],[7.0447105,51.4551477],[7.0444679,51.4552118],[7.0446822,51.4553324],[7.0435129,51.4556235],[7.0435028,51.4556204],[7.0434743,51.4556273]]]]}},{"type":"Feature","properties":{"id":"Frintrop","quelle":"OpenStreetMap (ODbL), boundary=administrative admin_level=10","stand":"2026-09-25"},"geometry":{"type":"MultiPolygon","coordinates":[[[[6.8967278,51.4812519],[6.8970183,51.4812193],[6.8973137,51.4811685],[6.8981743,51.481062],[6.8983798,51.4810361],[6.8984227,51.4811235],[6.8984708,51.4812513],[6.8985799,51.4816047],[6.8987559,51.4821778],[6.8994402,51.4838959],[6.8992917,51.483969],[6.8993988,51.4842373],[6.8996252,51.4848636],[6.8997406,51.4851911],[6.8998624,51.4854786],[6.8999959,51.4856923],[6.8999632,51.4857333],[6.8999699,51.4857602],[6.901097,51.485879],[6.9021985,51.4859882],[6.9022424,51.4858935],[6.9023844,51.4859004],[6.9025239,51.4859134],[6.9028134,51.4859404],[6.9094672,51.4866816],[6.9096557,51.4861257],[6.9094946,51.4860608],[6.9101435,51.4857559],[6.9102823,51.4855602],[6.9107,51.4851409],[6.9097522,51.4847845],[6.9101533,51.4843496],[6.9102456,51.4839902],[6.9100709,51.4838959],[6.9147881,51.4814899],[6.9150616,51.4816246],[6.91858,51.4800299],[6.9180393,51.4794419],[6.9179764,51.4793213],[6.9179133,51.4792147],[6.9179213,51.4789257],[6.9180083,51.4786234],[6.919378,51.4788263],[6.9199651,51.4789056],[6.9205901,51.4788856],[6.9208509,51.4788491],[6.9209641,51.4791178],[6.9210541,51.4790752],[6.9214272,51.4796459],[6.9227368,51.4789376],[6.9216923,51.477617],[6.9212648,51.4772012],[6.9209346,51.4768801],[6.9207779,51.4765922],[6.9206979,51.4764746],[6.9206716,51.4764111],[6.9206827,51.4763329],[6.9206464,51.4761898],[6.9206836,51.4761328],[6.9206955,51.4760026],[6.9206515,51.4758548],[6.9205927,51.4757438],[6.9203398,51.4754053],[6.9199944,51.4750988],[6.9199827,51.4750506],[6.919923,51.4749588],[6.9197074,51.4747369],[6.9186868,51.4740256],[6.9179213,51.4736173],[6.9178524,51.4736262],[6.9178664,51.4736142],[6.9178067,51.4736274],[6.9175427,51.4736514],[6.9172018,51.4735946],[6.9171856,51.4736142],[6.9169894,51.4735512],[6.9168498,51.4734863],[6.9167941,51.4734623],[6.9167415,51.4734207],[6.9167335,51.4733924],[6.9167551,51.4733503],[6.916477,51.4732101],[6.9163185,51.4733074],[6.9162853,51.4733155],[6.9162442,51.4733161],[6.9159238,51.4732769],[6.9154774,51.4732486],[6.9152287,51.4732264],[6.9137557,51.4730244],[6.9136858,51.4730046],[6.9126072,51.4729558],[6.9112066,51.4731501],[6.9107691,51.4732002],[6.9090917,51.4733533],[6.9091384,51.4733817],[6.9091283,51.4734491],[6.9091484,51.4734623],[6.9082149,51.4735883],[6.9072369,51.473712],[6.9069433,51.4737635],[6.9064381,51.4738235],[6.9061242,51.4738357],[6.9061031,51.4738383],[6.904984,51.4739745],[6.9049474,51.4739872],[6.9049211,51.4740023],[6.9048835,51.4740477],[6.9048483,51.474037],[6.9047184,51.4740216],[6.9046763,51.4739948],[6.9044113,51.4739443],[6.9029527,51.4735433],[6.9028099,51.4735089],[6.9026946,51.4734913],[6.9025075,51.4734787],[6.9023133,51.4734816],[6.9021352,51.4735033],[6.9019177,51.4735455],[6.9017215,51.4735978],[6.9014746,51.4736841],[6.9013077,51.4737585],[6.9011287,51.4738562],[6.9006085,51.4742101],[6.9005713,51.4742512],[6.9005571,51.474289],[6.9005571,51.4743136],[6.9003953,51.4744062],[6.8989223,51.4742845],[6.8987181,51.4742625],[6.898536,51.4742273],[6.8985339,51.4741901],[6.8982655,51.4741355],[6.8982659,51.4741712],[6.8979501,51.4741081],[6.8979442,51.4740886],[6.8970703,51.4739276],[6.8969676,51.4739124],[6.8968196,51.4739003],[6.8966362,51.473901],[6.8964161,51.4739231],[6.8962211,51.4739698],[6.8959857,51.474071],[6.8952733,51.4744095],[6.8951785,51.4745437],[6.8951759,51.4746238],[6.8951358,51.4746858],[6.8951164,51.4747422],[6.895103,51.4747904],[6.8950204,51.4749354],[6.895004,51.4749934],[6.8944562,51.4759756],[6.8943562,51.4761205],[6.8943442,51.4762545],[6.8945862,51.4764215],[6.8947465,51.4779395],[6.8947997,51.4782441],[6.8953408,51.4790786],[6.8966942,51.4811338],[6.8967278,51.4812519]]]]}},{"type":"Feature","properties":{"id":"Frohnhausen","quelle":"OpenStreetMap (ODbL), boundary=administrative admin_level=10","stand":"2026-09-25"},"geometry":{"type":"MultiPolygon","coordinates":[[[[6.9595089,51.4390222],[6.9599875,51.43871],[6.9602314,51.438603],[6.9605507,51.4384959],[6.9607511,51.4384515],[6.9607384,51.4384462],[6.9607155,51.4384111],[6.9612549,51.4382801],[6.9614757,51.4382845],[6.9615342,51.4382721],[6.961667,51.4382904],[6.9617948,51.4382912],[6.9652903,51.438056],[6.9666546,51.4378792],[6.9669149,51.4377845],[6.96725,51.4377364],[6.9677258,51.4376825],[6.9695483,51.4374469],[6.9708361,51.4373212],[6.9722222,51.4370397],[6.9732633,51.4368331],[6.973264,51.4369733],[6.9735385,51.4373404],[6.9730758,51.4375045],[6.974073,51.4385189],[6.9741647,51.4386631],[6.974443,51.4392332],[6.9744068,51.4394355],[6.97392,51.4399513],[6.9738744,51.4400968],[6.974408,51.4415893],[6.975498,51.4422054],[6.9756305,51.442165],[6.975859,51.4422793],[6.9757546,51.4423531],[6.9777035,51.4435204],[6.9779904,51.443859],[6.9784501,51.4439873],[6.9792527,51.4444927],[6.9793706,51.4445584],[6.9794535,51.4446061],[6.9801677,51.4450667],[6.9807991,51.4454347],[6.9811717,51.4456485],[6.9814171,51.4458137],[6.981795,51.4461899],[6.9819191,51.4464606],[6.9819473,51.4466891],[6.983328,51.4468],[6.9831672,51.447373],[6.9828993,51.4485658],[6.9828739,51.4492868],[6.9828677,51.4494642],[6.9829995,51.4506437],[6.9830036,51.4506806],[6.9830056,51.4506985],[6.9830109,51.4507459],[6.9860959,51.4518708],[6.9876104,51.4524363],[6.9877376,51.4523236],[6.987745,51.452305],[6.9877408,51.452285],[6.9880028,51.4526433],[6.988166,51.4528546],[6.9882914,51.4530056],[6.9883281,51.4530614],[6.9877507,51.4532494],[6.9876903,51.4532808],[6.9876306,51.4532935],[6.987628,51.4532974],[6.9857776,51.4537603],[6.9818531,51.4547624],[6.9816754,51.4547839],[6.9815963,51.4546405],[6.9814922,51.4546701],[6.9813871,51.4546919],[6.9813991,51.4547596],[6.9813534,51.4549247],[6.9806033,51.4554047],[6.9787923,51.4563075],[6.9755742,51.456674],[6.9754567,51.4561255],[6.9747301,51.4561829],[6.9745679,51.4559181],[6.972351,51.4559457],[6.9691222,51.4559558],[6.9673054,51.4557271],[6.9653812,51.4554782],[6.9630108,51.4550823],[6.9599038,51.4545299],[6.9594923,51.4548244],[6.9575078,51.4552206],[6.9567979,51.4555311],[6.9562666,51.4558861],[6.956217,51.4558516],[6.9556011,51.4562757],[6.9555303,51.4563974],[6.9551698,51.4567479],[6.9550687,51.4567551],[6.9544396,51.4575286],[6.9541539,51.4575062],[6.9541244,51.457571],[6.9535031,51.4574255],[6.9533864,51.4573549],[6.9534435,51.4572931],[6.9534249,51.4572943],[6.9531015,51.4566741],[6.9529667,51.4564755],[6.952549,51.4559769],[6.9523882,51.4555875],[6.9523982,51.4555742],[6.9522524,51.4553114],[6.952026,51.4549033],[6.9519024,51.454884],[6.9518741,51.454676],[6.9518346,51.454495],[6.9517385,51.4542721],[6.9516777,51.4542425],[6.9515764,51.4541496],[6.9515191,51.4540664],[6.9514876,51.4540745],[6.9513377,51.4537819],[6.9512006,51.4534438],[6.9511576,51.45345],[6.9510806,51.4532803],[6.9513571,51.4532378],[6.9517232,51.4534183],[6.9518372,51.4533523],[6.9519821,51.4534509],[6.951864,51.453939],[6.9520867,51.4537827],[6.9522288,51.4536281],[6.9522281,51.453603],[6.9522422,51.4535871],[6.9523065,51.4536098],[6.9524327,51.4534104],[6.9525279,51.4533632],[6.9525654,51.4532554],[6.9525507,51.4529854],[6.9524773,51.4527632],[6.9523973,51.4526064],[6.9523431,51.4526237],[6.9522764,51.452479],[6.9521509,51.4522489],[6.9520941,51.4520104],[6.952127,51.451933],[6.9522268,51.4517778],[6.952322,51.4516406],[6.9520075,51.4514916],[6.9516339,51.4512601],[6.9510131,51.4507247],[6.950862,51.4505792],[6.9504565,51.4499652],[6.9505378,51.4496389],[6.9506003,51.4496408],[6.9506175,51.4495454],[6.9506185,51.4494632],[6.9513332,51.4493151],[6.951557,51.4492304],[6.9519167,51.4490777],[6.9519398,51.4490643],[6.9521602,51.448859],[6.9523141,51.4487714],[6.9523724,51.4487397],[6.9526047,51.4485487],[6.9527577,51.4484139],[6.9528317,51.4483447],[6.9529352,51.4482517],[6.9532313,51.447945],[6.9533896,51.447756],[6.9534493,51.4476711],[6.9535124,51.4475748],[6.9535804,51.4474425],[6.9538024,51.4469934],[6.9539004,51.4468392],[6.9540894,51.4464112],[6.9544615,51.4452957],[6.9545013,51.4451765],[6.9547493,51.4444183],[6.9548352,51.4441847],[6.9549782,51.4441164],[6.9549669,51.444022],[6.9549412,51.4439524],[6.9557161,51.4430664],[6.9558291,51.4429502],[6.9559724,51.4428572],[6.9560432,51.4428501],[6.9560432,51.442738],[6.9562363,51.4424687],[6.9563795,51.4423307],[6.9563223,51.4423055],[6.9563988,51.4422697],[6.956502,51.4422018],[6.9566683,51.4420839],[6.9568844,51.4419111],[6.9571539,51.4416811],[6.9572151,51.4416036],[6.9572533,51.4414737],[6.9572992,51.4414011],[6.9573585,51.4413451],[6.9574369,51.4412104],[6.9580008,51.4406206],[6.9581068,51.4405146],[6.9581928,51.4404284],[6.9582354,51.4404069],[6.9583762,51.4403054],[6.958422,51.4402346],[6.9584354,51.4401506],[6.9585472,51.4400168],[6.9586694,51.4399059],[6.9586462,51.439849],[6.9587102,51.4397749],[6.959121,51.4393365],[6.959381,51.4394783],[6.9595443,51.4394672],[6.9595095,51.4393621],[6.9595058,51.4392701],[6.9595322,51.4391531],[6.9595338,51.4390919],[6.9595089,51.4390222]]]]}},{"type":"Feature","properties":{"id":"Fulerum","quelle":"OpenStreetMap (ODbL), boundary=administrative admin_level=10","stand":"2026-09-25"},"geometry":{"type":"MultiPolygon","coordinates":[[[[6.9543598,51.4233521],[6.9543463,51.4233692],[6.9543504,51.4233709],[6.9542021,51.4236872],[6.9541275,51.42438],[6.9540686,51.4252659],[6.9542069,51.4252908],[6.9543354,51.4253145],[6.9543781,51.425326],[6.9540256,51.4258412],[6.9539637,51.4260326],[6.9540011,51.4263498],[6.9540878,51.4265782],[6.9541824,51.4275002],[6.9542638,51.4277612],[6.9543397,51.4280258],[6.9543701,51.4283792],[6.9543664,51.4284259],[6.9544013,51.4286831],[6.9546675,51.4293634],[6.9545653,51.4295656],[6.954302,51.4297278],[6.9539758,51.4298444],[6.9536706,51.4300029],[6.9533509,51.4301831],[6.9526714,51.4306124],[6.9524036,51.4308036],[6.9522246,51.4309651],[6.9520926,51.4310473],[6.9518117,51.4312858],[6.9516758,51.4313835],[6.9514366,51.431633],[6.951362,51.4317267],[6.9511874,51.4318485],[6.9520724,51.431985],[6.9525008,51.432062],[6.9556338,51.4326285],[6.9558095,51.4330804],[6.9563993,51.4331256],[6.9577533,51.4332595],[6.9577977,51.4332604],[6.9578196,51.4332599],[6.957852,51.4336259],[6.9578566,51.4336771],[6.9578786,51.4340293],[6.9578847,51.4341108],[6.9578951,51.4342499],[6.95791,51.4344356],[6.9579079,51.434453],[6.9578947,51.4345143],[6.9578681,51.4346472],[6.9578368,51.4347391],[6.9577175,51.4350967],[6.9576886,51.4351894],[6.9575811,51.4355167],[6.9575156,51.43572],[6.9574398,51.4359083],[6.9574197,51.4359517],[6.9571337,51.4362776],[6.9570576,51.4363633],[6.9569035,51.4365518],[6.9568046,51.4367577],[6.9567452,51.4368707],[6.9567303,51.4369788],[6.9569035,51.4370388],[6.9572186,51.4371145],[6.9593644,51.4374582],[6.9593543,51.4374857],[6.9590291,51.4383665],[6.959143,51.438518],[6.9592868,51.4386016],[6.9592663,51.4386652],[6.9593095,51.4387083],[6.9594,51.4388415],[6.9594403,51.4388561],[6.9594751,51.4388676],[6.9595131,51.4388988],[6.9595269,51.438917],[6.9595039,51.4389778],[6.9595089,51.4390222],[6.9599875,51.43871],[6.9602314,51.438603],[6.9605507,51.4384959],[6.9607511,51.4384515],[6.9607384,51.4384462],[6.9607155,51.4384111],[6.9612549,51.4382801],[6.9614757,51.4382845],[6.9615342,51.4382721],[6.961667,51.4382904],[6.9617948,51.4382912],[6.9652903,51.438056],[6.9666546,51.4378792],[6.9669149,51.4377845],[6.96725,51.4377364],[6.9677258,51.4376825],[6.9695483,51.4374469],[6.9708361,51.4373212],[6.9722222,51.4370397],[6.9720279,51.4369625],[6.9719905,51.4369155],[6.9721149,51.4367674],[6.9721277,51.4367663],[6.9718405,51.4363992],[6.9717294,51.4362175],[6.971596,51.4360541],[6.9715627,51.4359254],[6.9714902,51.4358232],[6.9712177,51.4356424],[6.9711159,51.435545],[6.9707755,51.4355447],[6.970693,51.4354917],[6.9705944,51.4354039],[6.9704238,51.4352253],[6.970345,51.435034],[6.9703519,51.4349662],[6.9703829,51.4348925],[6.9702487,51.4347544],[6.9701718,51.434635],[6.9701259,51.4346167],[6.9700776,51.4345299],[6.9700174,51.4344961],[6.9700109,51.4343951],[6.9700554,51.4343438],[6.9699834,51.4342452],[6.9699311,51.4341326],[6.9699703,51.4340716],[6.9699815,51.4339758],[6.9698972,51.4337571],[6.9698361,51.4336982],[6.9698174,51.4336374],[6.9698317,51.4334831],[6.9697108,51.4332418],[6.9696985,51.4331331],[6.9696397,51.4330777],[6.9695992,51.4329962],[6.9696672,51.4329024],[6.9696737,51.4327901],[6.9697887,51.432632],[6.9697978,51.4325334],[6.9698583,51.4323885],[6.9698201,51.4322792],[6.9697406,51.4321408],[6.9698449,51.4319875],[6.9699403,51.4319126],[6.9699703,51.4317895],[6.9700827,51.4317863],[6.970216,51.4318221],[6.9702777,51.4317089],[6.9703327,51.4316568],[6.9703339,51.4316232],[6.9701791,51.4314915],[6.9701355,51.4313551],[6.9701265,51.4311734],[6.9700255,51.4304192],[6.9700498,51.4303713],[6.9700229,51.4302747],[6.9700562,51.4301295],[6.9700408,51.429875],[6.9700575,51.4297848],[6.9699781,51.4297337],[6.9699873,51.4297015],[6.9698732,51.4296204],[6.9698208,51.4295523],[6.9698553,51.4294457],[6.9699231,51.4293803],[6.9699013,51.4292773],[6.9699743,51.4292462],[6.969973,51.429093],[6.97006,51.4290507],[6.9699909,51.4289669],[6.9700076,51.4289247],[6.9699645,51.4289002],[6.9699743,51.4288911],[6.9701227,51.4288895],[6.9702098,51.4288672],[6.9702488,51.4287578],[6.9703972,51.4287866],[6.9704767,51.4287714],[6.9705504,51.4287819],[6.9707163,51.4288143],[6.9708714,51.4286526],[6.9709648,51.4285528],[6.971034,51.4284595],[6.9711298,51.4282656],[6.9712349,51.4279959],[6.9714086,51.4274322],[6.9714999,51.4270661],[6.9714665,51.4269059],[6.9714191,51.4267606],[6.971136,51.4261746],[6.9710774,51.4259661],[6.9710404,51.4256147],[6.9710698,51.4255373],[6.9712285,51.4253067],[6.9711741,51.4252857],[6.9710992,51.4253546],[6.9709751,51.425041],[6.9708292,51.425029],[6.9706267,51.4249844],[6.9659123,51.4233623],[6.9631562,51.4251939],[6.9617402,51.4261349],[6.9610829,51.425751],[6.9579223,51.4251716],[6.9577062,51.4251309],[6.9571892,51.4249741],[6.9562977,51.4246355],[6.9554466,51.4238951],[6.9543598,51.4233521]]]]}},{"type":"Feature","properties":{"id":"Gerschede","quelle":"OpenStreetMap (ODbL), boundary=administrative admin_level=10","stand":"2026-09-25"},"geometry":{"type":"MultiPolygon","coordinates":[[[[6.9485619,51.4904183],[6.9492766,51.4920375],[6.949674,51.4928783],[6.9500801,51.4932815],[6.9489974,51.4936345],[6.9439849,51.4919033],[6.9426678,51.4937029],[6.9414443,51.4924019],[6.9349553,51.4857358],[6.9323853,51.4849305],[6.932337,51.4846828],[6.9323157,51.4842694],[6.9323037,51.4838936],[6.932299,51.4837488],[6.9322956,51.4836447],[6.9323006,51.4834997],[6.9323139,51.4834268],[6.9323316,51.4833481],[6.9323614,51.4832154],[6.9323919,51.4830784],[6.9324199,51.4829466],[6.9324387,51.4826574],[6.9324217,51.4825333],[6.9323961,51.482438],[6.9323559,51.4823528],[6.932262,51.4822284],[6.932106,51.482069],[6.9319226,51.4819529],[6.9314667,51.4817874],[6.9311341,51.4816813],[6.9307707,51.4815786],[6.9298404,51.4811132],[6.9284823,51.4792654],[6.9287904,51.4782422],[6.9285807,51.4772303],[6.9296425,51.4763855],[6.9310098,51.4769986],[6.9325104,51.4756689],[6.9333972,51.4760841],[6.9346539,51.4748972],[6.9379155,51.4763173],[6.9383783,51.4759694],[6.9385138,51.4754529],[6.9385414,51.4750778],[6.9383718,51.4746485],[6.9383433,51.4746209],[6.938029,51.4743168],[6.9380457,51.4743219],[6.939323,51.4747127],[6.9396443,51.4758559],[6.9397247,51.4761236],[6.940676,51.4769668],[6.941449,51.4782078],[6.9419104,51.4789486],[6.9420866,51.4792604],[6.9421187,51.4792829],[6.9423225,51.4796101],[6.9426095,51.4797804],[6.9427358,51.4798562],[6.9428588,51.47993],[6.9429159,51.4799637],[6.9438592,51.4805216],[6.9444547,51.4811438],[6.9443714,51.4818431],[6.9446861,51.4823269],[6.9449004,51.4826589],[6.9450861,51.4829417],[6.9447286,51.4830488],[6.9447085,51.4830548],[6.9448938,51.4833433],[6.9450346,51.4835624],[6.9451295,51.4837102],[6.9451704,51.4837738],[6.9455294,51.4843326],[6.9455502,51.4843664],[6.9459454,51.4850084],[6.9459606,51.4850332],[6.9462348,51.4850936],[6.9462961,51.4851071],[6.9469964,51.4859665],[6.9470729,51.4861082],[6.947089,51.4861115],[6.9471212,51.486185],[6.9473841,51.4861351],[6.9476153,51.4860942],[6.9473894,51.4864757],[6.9473523,51.4865414],[6.9472888,51.4866468],[6.9470774,51.4870003],[6.9470363,51.4870685],[6.9464338,51.4880756],[6.9464616,51.4880905],[6.9465049,51.4881144],[6.9465393,51.4881124],[6.9467273,51.4881911],[6.9466437,51.4882431],[6.9468459,51.4883502],[6.9471547,51.4885325],[6.9471801,51.488515],[6.9474167,51.4887542],[6.9473954,51.4887655],[6.9475201,51.488898],[6.9477528,51.4891456],[6.9480102,51.4894115],[6.9481434,51.489584],[6.9482869,51.4898267],[6.9483678,51.4900208],[6.9485619,51.4904183]]]]}},{"type":"Feature","properties":{"id":"Haarzopf","quelle":"OpenStreetMap (ODbL), boundary=administrative admin_level=10","stand":"2026-09-25"},"geometry":{"type":"MultiPolygon","coordinates":[[[[6.9505752,51.4214242],[6.9509598,51.4217118],[6.951298,51.4219894],[6.9514725,51.4221592],[6.9514935,51.4221738],[6.9514597,51.4221852],[6.9515171,51.4222105],[6.9515533,51.4222256],[6.951598,51.4222139],[6.9516479,51.4222368],[6.9523522,51.4225279],[6.9533558,51.4229297],[6.953736,51.4230689],[6.9543675,51.4233415],[6.9543598,51.4233521],[6.9554466,51.4238951],[6.9562977,51.4246355],[6.9571892,51.4249741],[6.9577062,51.4251309],[6.9579223,51.4251716],[6.9610829,51.425751],[6.9617402,51.4261349],[6.9631562,51.4251939],[6.9659123,51.4233623],[6.9706267,51.4249844],[6.9708292,51.425029],[6.9709751,51.425041],[6.9710992,51.4253546],[6.9711741,51.4252857],[6.9713014,51.4251719],[6.972036,51.4247058],[6.972164,51.424618],[6.9722664,51.4245223],[6.9723381,51.42441],[6.9726606,51.4235854],[6.9738788,51.4216281],[6.9743791,51.4200189],[6.9764444,51.4197542],[6.9773067,51.4184307],[6.9764203,51.4178245],[6.9747207,51.4167617],[6.9741235,51.4163429],[6.9740089,51.4162351],[6.9737784,51.4159751],[6.973713,51.4159531],[6.9736292,51.4159365],[6.9733097,51.4154548],[6.9733377,51.4153793],[6.9732489,51.415212],[6.9733017,51.4151506],[6.9731721,51.4149814],[6.9730212,51.4148408],[6.9729141,51.4146678],[6.9727101,51.4143984],[6.9724936,51.4142235],[6.9709876,51.4128126],[6.9679057,51.4100941],[6.965302,51.4079168],[6.9627696,51.4063689],[6.9607254,51.4050287],[6.9592939,51.4040416],[6.9563875,51.4025626],[6.9521891,51.4006317],[6.9511795,51.4001603],[6.9509462,51.4000814],[6.9498717,51.3994887],[6.9488808,51.3988952],[6.9486259,51.3986966],[6.9478578,51.398228],[6.9475313,51.3981287],[6.9449634,51.3966311],[6.9444836,51.3962928],[6.9429961,51.3952144],[6.9430061,51.3951556],[6.9427863,51.3952821],[6.9425469,51.3953987],[6.9420602,51.3955655],[6.941757,51.3956465],[6.9414607,51.3957156],[6.940289,51.3959306],[6.940038,51.3960145],[6.9399056,51.3960836],[6.9397945,51.3961581],[6.9393873,51.3965645],[6.9392712,51.3966866],[6.9391882,51.3968099],[6.938905,51.3972502],[6.9388727,51.3973303],[6.9389042,51.3973822],[6.9389523,51.3974152],[6.9389585,51.39745],[6.9389674,51.3974733],[6.9432179,51.3993479],[6.9440751,51.3997079],[6.9442666,51.399769],[6.944335,51.399778],[6.9444882,51.3997966],[6.9447222,51.3998262],[6.9439278,51.4085271],[6.9438905,51.4086092],[6.9438616,51.4086816],[6.9435639,51.4093514],[6.9439518,51.4093682],[6.9441603,51.4093867],[6.9444261,51.4098705],[6.9443193,51.410351],[6.9441252,51.4105982],[6.944518,51.4109974],[6.9448138,51.4115258],[6.9450492,51.4117334],[6.9445613,51.4123945],[6.9444114,51.4125618],[6.9443314,51.4125783],[6.9443344,51.4126617],[6.944382,51.4128818],[6.9443871,51.4129354],[6.9443861,51.4129477],[6.944417,51.4129935],[6.9444589,51.4130076],[6.9445116,51.4130499],[6.9445282,51.4130954],[6.9444782,51.4132136],[6.9444675,51.4133529],[6.9444482,51.4133861],[6.9443837,51.4134148],[6.9442738,51.4135247],[6.9442919,51.4135531],[6.9443913,51.413583],[6.9444308,51.4136505],[6.9444826,51.4136658],[6.9444887,51.4137008],[6.9444647,51.4137277],[6.9444813,51.4138287],[6.9443988,51.4138707],[6.9443782,51.4138947],[6.9443357,51.4139037],[6.9442862,51.4139294],[6.9442698,51.4139692],[6.9442279,51.4139919],[6.9442106,51.414018],[6.9442052,51.4140838],[6.9441405,51.4141506],[6.9441285,51.4141768],[6.9441232,51.4142144],[6.9440508,51.4142421],[6.9440375,51.4142656],[6.9439804,51.4142893],[6.9439485,51.41432],[6.9438733,51.4143513],[6.943808,51.4143951],[6.9437961,51.4144139],[6.9438202,51.4144494],[6.9437918,51.4144838],[6.9438029,51.414502],[6.9438941,51.4145222],[6.9439493,51.4145585],[6.9439379,51.4145694],[6.9439161,51.4145834],[6.9439245,51.4145864],[6.9440033,51.4146178],[6.9440544,51.4146588],[6.9440927,51.4146697],[6.9441756,51.4147337],[6.9444522,51.4148847],[6.9444171,51.4149575],[6.9441052,51.4150363],[6.9442612,51.4152868],[6.9443962,51.4154469],[6.9445032,51.4155471],[6.9449983,51.4160165],[6.9457027,51.4166867],[6.9459104,51.4169197],[6.9458553,51.4169492],[6.9459719,51.4170153],[6.9465031,51.4174875],[6.9471479,51.4181538],[6.9474699,51.4185311],[6.9476419,51.418767],[6.9478423,51.4191018],[6.9484105,51.4198488],[6.9488932,51.4203159],[6.9502145,51.4211697],[6.9505752,51.4214242]]]]}},{"type":"Feature","properties":{"id":"Heidhausen","quelle":"OpenStreetMap (ODbL), boundary=administrative admin_level=10","stand":"2026-09-25"},"geometry":{"type":"MultiPolygon","coordinates":[[[[6.9989707,51.3570815],[6.9981642,51.3571912],[6.9981187,51.3572312],[6.9980617,51.3572576],[6.9979598,51.3572325],[6.9978786,51.3572354],[6.9977941,51.3572903],[6.9977718,51.3573421],[6.9970941,51.3575289],[6.9962378,51.3581563],[6.9951938,51.3583767],[6.9949791,51.3583595],[6.9944739,51.3582458],[6.9936911,51.3585957],[6.9930231,51.359077],[6.9922748,51.3593688],[6.9920339,51.3593879],[6.991839,51.3591686],[6.9916094,51.3591881],[6.9915117,51.3591854],[6.9913541,51.35915],[6.9912355,51.3590971],[6.9910864,51.3589979],[6.9907604,51.358648],[6.9905763,51.3584937],[6.9903004,51.3583323],[6.9900749,51.3581469],[6.9900068,51.3581631],[6.9895307,51.3582519],[6.9882213,51.3584628],[6.987768,51.3581926],[6.9872584,51.3579158],[6.9868687,51.3576364],[6.9862647,51.3572106],[6.9861251,51.3580802],[6.9856368,51.3593786],[6.9857288,51.3602379],[6.9863698,51.3601032],[6.9864021,51.3608686],[6.9854841,51.3607145],[6.9836195,51.3608382],[6.9827338,51.361373],[6.981481,51.3613549],[6.98119,51.3617699],[6.9820346,51.3619443],[6.9824061,51.3625111],[6.980947,51.3644082],[6.9835697,51.3659171],[6.9833845,51.3661694],[6.9818834,51.3682143],[6.979661,51.3680008],[6.9791753,51.3695314],[6.9803055,51.3707149],[6.9798107,51.3709602],[6.9796073,51.3712299],[6.9791329,51.3717343],[6.9790106,51.3720354],[6.9785036,51.3726021],[6.9787607,51.3728396],[6.9789932,51.3730005],[6.9795037,51.3731394],[6.9790126,51.3732629],[6.9787704,51.3733379],[6.9786329,51.3734032],[6.9783171,51.3734939],[6.9777262,51.3738743],[6.9766316,51.3730827],[6.9759846,51.3727356],[6.9758257,51.3728662],[6.9747029,51.3722554],[6.9742255,51.3725215],[6.9740175,51.372424],[6.9733556,51.3727163],[6.9729254,51.3731006],[6.9655125,51.3698441],[6.9633996,51.3686352],[6.963226,51.3685622],[6.9630931,51.3686341],[6.9623455,51.3687194],[6.962071,51.3713323],[6.9620246,51.3723717],[6.9620607,51.373189],[6.9620861,51.3733744],[6.9621559,51.3736726],[6.9624408,51.3739743],[6.9625721,51.3741382],[6.9630889,51.3745619],[6.9635694,51.3748218],[6.9641859,51.375101],[6.9668657,51.3757442],[6.967902,51.3760214],[6.9697586,51.3764846],[6.9718865,51.3768597],[6.9768256,51.377029],[6.980772,51.3774411],[6.9822212,51.3778171],[6.9834384,51.3785881],[6.985792,51.3795557],[6.9863815,51.3797527],[6.9869915,51.3798961],[6.9877436,51.379982],[6.996729,51.3803083],[6.9977917,51.3806713],[6.9988523,51.3814699],[6.9996258,51.3810931],[7.0000202,51.3813558],[7.0001247,51.3813216],[7.0001889,51.3813884],[7.0002518,51.3813664],[7.0003989,51.3815242],[7.0003574,51.3815383],[7.0004404,51.3816082],[7.0005096,51.381762],[7.0007107,51.3820188],[7.0006787,51.3820284],[7.001215,51.3824456],[7.0013447,51.3825854],[7.0018441,51.3832422],[7.0030545,51.3828619],[7.0032769,51.3830704],[7.0034397,51.3850211],[7.0036711,51.3850546],[7.0045273,51.3856235],[7.0047864,51.3851331],[7.0056226,51.3853433],[7.006689,51.3845381],[7.0059863,51.3837288],[7.0057406,51.3830911],[7.0059137,51.3826353],[7.0071491,51.3834238],[7.0077086,51.3831611],[7.0077608,51.3831366],[7.0084285,51.3840296],[7.0095677,51.3836339],[7.0103449,51.3842905],[7.0121125,51.3849875],[7.0129739,51.3853307],[7.0142946,51.3855033],[7.0145437,51.3853694],[7.0148096,51.3853669],[7.0149008,51.3856022],[7.0140467,51.3865897],[7.0137709,51.3871182],[7.0140382,51.3878307],[7.0154299,51.3886744],[7.0185189,51.3883731],[7.0202845,51.3883069],[7.02109,51.3882587],[7.0218775,51.3881284],[7.0230673,51.3877152],[7.0242065,51.3871588],[7.0253602,51.386457],[7.0257127,51.3862043],[7.0258953,51.3857138],[7.0275892,51.3852674],[7.0285711,51.3846818],[7.0290261,51.3844594],[7.0295254,51.3842122],[7.0338153,51.3844542],[7.0339421,51.3845048],[7.0341694,51.3844972],[7.0342033,51.3844553],[7.0347701,51.3844339],[7.0353422,51.3843885],[7.0354818,51.3843966],[7.035538,51.3844144],[7.0355672,51.384441],[7.0361251,51.3846506],[7.0362504,51.3846702],[7.036414,51.3846565],[7.0365379,51.3846364],[7.0366557,51.3845575],[7.036703,51.3844747],[7.036703,51.3843308],[7.0366405,51.3842727],[7.0365171,51.3842054],[7.0367485,51.3840342],[7.0368168,51.3840342],[7.0370104,51.3839986],[7.0371527,51.3839382],[7.0372182,51.3838707],[7.0373649,51.3838376],[7.0376367,51.3838725],[7.0381149,51.383876],[7.038539,51.3839098],[7.0385594,51.3838815],[7.0384468,51.3838461],[7.0387525,51.3837748],[7.0389404,51.3836824],[7.0392234,51.383472],[7.0392251,51.3834195],[7.0395602,51.3831932],[7.0395286,51.3831422],[7.0395439,51.3831015],[7.0394926,51.3830037],[7.0393428,51.3831084],[7.0385569,51.3818185],[7.0384628,51.3817053],[7.0382435,51.3812459],[7.03828,51.3807206],[7.0382715,51.3805822],[7.0382934,51.3803085],[7.0382768,51.3801718],[7.0382833,51.3799453],[7.0385958,51.3783534],[7.0385931,51.3782903],[7.0389832,51.3761957],[7.0389148,51.3761491],[7.038991,51.3758199],[7.0390038,51.3758186],[7.0390059,51.3757254],[7.039055,51.3756095],[7.0391062,51.3756561],[7.0391233,51.3755722],[7.0391126,51.3755282],[7.0391309,51.3752545],[7.03904,51.374552],[7.0390512,51.3743883],[7.0390251,51.3741951],[7.0389739,51.3740685],[7.0389931,51.3740432],[7.0389739,51.3739327],[7.0388894,51.3739101],[7.0388907,51.3738661],[7.0388736,51.3738168],[7.0388267,51.3737569],[7.0386432,51.3736117],[7.0386603,51.373605],[7.0385045,51.3733347],[7.0385365,51.3732787],[7.0384974,51.373159],[7.0384768,51.3727553],[7.0384853,51.3726474],[7.0385984,51.3724183],[7.038752,51.3722238],[7.039374,51.3713286],[7.0396439,51.3710531],[7.039966,51.37067],[7.0401197,51.3705456],[7.0402562,51.3704816],[7.041669,51.3702215],[7.0423114,51.3698677],[7.042441,51.3698316],[7.0425797,51.369809],[7.0427973,51.3697997],[7.0431451,51.3697424],[7.0434328,51.3696459],[7.0436508,51.3695346],[7.0438381,51.3694187],[7.0441319,51.3683294],[7.0441514,51.3681522],[7.0440978,51.3681342],[7.04402,51.3681861],[7.0439482,51.3681903],[7.0437801,51.3682154],[7.0436398,51.3679441],[7.0435286,51.3677837],[7.0433146,51.3675268],[7.0432937,51.3674816],[7.0432884,51.3674033],[7.0433333,51.3670135],[7.0432448,51.3669972],[7.0431292,51.3669936],[7.0428307,51.3670505],[7.0423796,51.3670354],[7.0421971,51.3668727],[7.0418429,51.36656],[7.0416015,51.3663446],[7.0410188,51.3659325],[7.0404362,51.3654895],[7.0398071,51.3649177],[7.0392376,51.3644026],[7.037706,51.3626139],[7.0366634,51.3623274],[7.0363864,51.3622327],[7.0363388,51.3622947],[7.0362174,51.3621736],[7.0359847,51.3619412],[7.0358959,51.3615616],[7.0356262,51.3618892],[7.0352763,51.3619954],[7.0351936,51.3619953],[7.0346256,51.3622357],[7.0344995,51.3623124],[7.034403,51.3623899],[7.0341032,51.3624907],[7.0340133,51.3625599],[7.0333843,51.3632404],[7.0332787,51.3633585],[7.0326304,51.3635844],[7.0314205,51.3630924],[7.0312145,51.362916],[7.0310036,51.3628564],[7.0306696,51.3627025],[7.0304456,51.3626195],[7.0303072,51.3625304],[7.0297666,51.3624394],[7.0294289,51.3623913],[7.0293064,51.362366],[7.0292043,51.3623385],[7.0288159,51.362582],[7.0286573,51.3625209],[7.0279476,51.3627824],[7.0278853,51.3629917],[7.0266384,51.3635009],[7.0257949,51.3636764],[7.0253805,51.3637641],[7.0243835,51.3640949],[7.0239541,51.3642905],[7.0241314,51.3644128],[7.0242031,51.3644465],[7.0238402,51.3647072],[7.0235002,51.3650697],[7.0232978,51.3652528],[7.0229063,51.3651065],[7.022329,51.3649303],[7.0214708,51.3647082],[7.0210736,51.3655144],[7.0204945,51.3653731],[7.0198675,51.3652228],[7.0196051,51.3651756],[7.0189984,51.36495],[7.0188018,51.3649099],[7.0182592,51.3648211],[7.0182339,51.3648529],[7.0179431,51.3650128],[7.0173794,51.364944],[7.0170578,51.36487],[7.016172,51.364561],[7.0157445,51.364129],[7.0152895,51.3639179],[7.0147363,51.3636634],[7.013955,51.3633581],[7.0131497,51.3630683],[7.0118037,51.3625168],[7.011411,51.3624555],[7.0112375,51.3623985],[7.0111332,51.3622949],[7.0105152,51.3618547],[7.00986,51.3613975],[7.009736,51.3612931],[7.0094842,51.3611321],[7.0107325,51.3605468],[7.0098108,51.3601868],[7.0092036,51.3600145],[7.0086313,51.3598365],[7.0080874,51.3596567],[7.0070806,51.3593183],[7.0074047,51.3587633],[7.0078814,51.357706],[7.0076432,51.357609],[7.0076488,51.3575349],[7.0075897,51.3575057],[7.0075231,51.357532],[7.0072985,51.3574961],[7.0072789,51.3574723],[7.0072506,51.3574673],[7.0071879,51.3574894],[7.0071535,51.3574814],[7.0071234,51.357426],[7.007026,51.3574321],[7.0068823,51.3574218],[7.0067546,51.3574202],[7.0065972,51.3574081],[7.0065339,51.3574433],[7.0064723,51.3574282],[7.0063036,51.3574665],[7.0062577,51.3574494],[7.0061745,51.3574466],[7.0060804,51.3574332],[7.0060144,51.357455],[7.0059418,51.3574444],[7.0059274,51.3574257],[7.0058912,51.3574125],[7.0058389,51.3573662],[7.0057747,51.3573634],[7.00574,51.3573455],[7.0056828,51.3573467],[7.0056217,51.357357],[7.0056141,51.357336],[7.0055756,51.3573327],[7.0054134,51.3573811],[7.0053836,51.3573522],[7.0053389,51.3573359],[7.0052274,51.3573685],[7.0051898,51.3573541],[7.0051328,51.3572812],[7.0050378,51.3572916],[7.0049739,51.3572538],[7.0049299,51.3572968],[7.0048503,51.3573117],[7.0047271,51.3574417],[7.0047516,51.3574667],[7.0047261,51.3574835],[7.0046927,51.3574759],[7.0046742,51.3574884],[7.0046043,51.3574822],[7.0045956,51.3575401],[7.0045537,51.3575523],[7.0045121,51.3575465],[7.0044497,51.3575449],[7.0044015,51.3575864],[7.0043259,51.3575868],[7.0042519,51.3576129],[7.0041795,51.3576213],[7.003754,51.3576286],[7.003467,51.3576652],[7.0034811,51.3576971],[7.0035156,51.3577088],[7.0034647,51.357753],[7.0034382,51.357807],[7.003174,51.357887],[7.0029064,51.357884],[7.0028327,51.3578932],[7.0027046,51.3578765],[7.0024163,51.357892],[7.0022439,51.3578912],[7.0019945,51.3578334],[7.0018413,51.3577706],[7.0018357,51.3577856],[7.0017452,51.3577598],[7.0016694,51.357761],[7.00157,51.3577152],[7.0014693,51.3577137],[7.0014634,51.3577277],[7.0013692,51.3577348],[7.0012711,51.3577268],[7.0011268,51.3576979],[7.0009927,51.357619],[7.0009224,51.3576138],[7.0008299,51.3575947],[7.0007922,51.3575526],[7.0008165,51.3575281],[7.0008136,51.3575005],[7.0007632,51.3574889],[7.0007997,51.357426],[7.0007063,51.3573388],[7.0005511,51.3573039],[7.0004401,51.3573355],[7.0003295,51.3574002],[7.0003275,51.3574341],[7.0002313,51.3574666],[7.0001377,51.3574733],[6.9999587,51.3574442],[6.9999045,51.3574015],[6.9997117,51.357392],[6.999591,51.3570637],[6.9990932,51.3570683],[6.9989707,51.3570815]]]]}},{"type":"Feature","properties":{"id":"Heisingen","quelle":"OpenStreetMap (ODbL), boundary=administrative admin_level=10","stand":"2026-09-25"},"geometry":{"type":"MultiPolygon","coordinates":[[[[7.0683679,51.4203396],[7.0677763,51.419906],[7.0671929,51.4194811],[7.0664044,51.4189099],[7.0650554,51.4179354],[7.063529,51.4185143],[7.0630717,51.4187142],[7.0628023,51.4186632],[7.0623465,51.4188612],[7.0618477,51.419096],[7.0614624,51.4192771],[7.0611209,51.4194373],[7.0606738,51.4196214],[7.0602794,51.4198354],[7.0600157,51.4199873],[7.0593855,51.4203626],[7.0592543,51.42044],[7.0589929,51.4206324],[7.0586253,51.4204927],[7.0585012,51.4204535],[7.0584657,51.4204329],[7.0578723,51.420399],[7.0577459,51.420399],[7.0574384,51.420399],[7.0571414,51.4203902],[7.0570361,51.420366],[7.0568406,51.4203541],[7.0566954,51.4203449],[7.0566079,51.4203202],[7.0565308,51.4202878],[7.0564447,51.4202598],[7.0563551,51.4202432],[7.0562658,51.420234],[7.0561375,51.4202014],[7.056109,51.4201931],[7.0560185,51.4201646],[7.0559682,51.420151],[7.0558955,51.4201404],[7.055753,51.4201278],[7.0556246,51.4201099],[7.0554935,51.4200881],[7.0554254,51.4200731],[7.0553926,51.4200536],[7.0553319,51.4200062],[7.0552712,51.4199593],[7.0552045,51.4198874],[7.0551569,51.4198454],[7.0551123,51.4198107],[7.0550694,51.4197852],[7.0550563,51.4197799],[7.0550402,51.4197745],[7.0550221,51.4197732],[7.0549262,51.4197718],[7.0548588,51.4197686],[7.0548219,51.4197634],[7.0548025,51.4197588],[7.0547683,51.4197479],[7.0547334,51.4197318],[7.0547066,51.4197226],[7.0546828,51.4197159],[7.0546613,51.4197139],[7.0546261,51.4197143],[7.0545658,51.4197126],[7.0545058,51.4196936],[7.0544276,51.4196396],[7.0543961,51.4196156],[7.0543566,51.4195938],[7.0542895,51.4195644],[7.0542469,51.4195512],[7.0542194,51.4195478],[7.0541861,51.4195378],[7.0541534,51.4195186],[7.0541323,51.4194964],[7.0541095,51.4194667],[7.054083,51.4194264],[7.0540612,51.4194084],[7.0540266,51.4193986],[7.0539096,51.419382],[7.053865,51.4193685],[7.0538256,51.4193473],[7.0536149,51.4192342],[7.0535687,51.4192041],[7.0535288,51.419174],[7.0535197,51.4191594],[7.053517,51.4191424],[7.0535217,51.4191268],[7.0535469,51.4190782],[7.0535586,51.4190638],[7.0535599,51.4190465],[7.0535519,51.4190258],[7.053517,51.4189969],[7.0533809,51.418885],[7.053305,51.4188614],[7.0531952,51.4188288],[7.0530785,51.4187933],[7.052994,51.4187707],[7.052879,51.4187441],[7.0528539,51.4187353],[7.0528307,51.4187098],[7.0528146,51.4186797],[7.0527925,51.4186494],[7.052765,51.4186168],[7.0527305,51.4185924],[7.0526996,51.4185812],[7.0526587,51.4185746],[7.0526289,51.4185741],[7.0526057,51.4185716],[7.052589,51.4185681],[7.0525595,51.4185572],[7.0525293,51.4185367],[7.0525146,51.4185166],[7.0525089,51.4184968],[7.0525095,51.4184759],[7.0525139,51.4184531],[7.0525135,51.4184366],[7.0524988,51.4184194],[7.0524733,51.4184037],[7.0524639,51.4183908],[7.0524596,51.4183763],[7.0524505,51.4183651],[7.0524099,51.4183395],[7.0523969,51.4183073],[7.0523861,51.4182651],[7.0523664,51.418222],[7.0523375,51.4181794],[7.0523127,51.4181463],[7.0522933,51.4181288],[7.0522812,51.4181171],[7.0522711,51.4180966],[7.0522691,51.4180669],[7.0522872,51.4180322],[7.0523107,51.4179991],[7.0523342,51.4179753],[7.0523476,51.4179473],[7.0523489,51.417923],[7.0523174,51.4178879],[7.0522872,51.4178645],[7.0522664,51.4178457],[7.0522215,51.4178051],[7.0521706,51.4177666],[7.0520686,51.4177173],[7.052015,51.4176989],[7.051962,51.4176847],[7.0518702,51.4176692],[7.0517379,51.4176602],[7.051663,51.4176389],[7.0516241,51.4176144],[7.0516093,51.4175956],[7.0515999,51.4175797],[7.0515932,51.4175663],[7.0515905,51.4175377],[7.0515721,51.4175061],[7.0515329,51.4174718],[7.051504,51.417457],[7.0514264,51.417433],[7.0512928,51.4173689],[7.0511721,51.4172887],[7.0510755,51.4172418],[7.050979,51.4171803],[7.0509203,51.4171588],[7.0507725,51.417118],[7.0507416,51.4171042],[7.0506927,51.4170587],[7.0506323,51.4170218],[7.050584,51.4169846],[7.0505559,51.4169629],[7.0505123,51.4169395],[7.0504781,51.4169319],[7.0503969,51.4169173],[7.0503453,51.4169031],[7.0503131,51.4168939],[7.0502773,51.4168746],[7.0502099,51.4168376],[7.0501398,51.4168019],[7.0500563,51.4167626],[7.049945,51.4167182],[7.0498907,51.4167021],[7.0497653,51.4166614],[7.0496996,51.4166208],[7.0496637,51.4165955],[7.0496369,51.4165687],[7.0495884,51.4164892],[7.0495521,51.4164556],[7.0495076,51.4164422],[7.0494642,51.4164527],[7.0494018,51.4164577],[7.0493737,51.4164552],[7.0492195,51.4163787],[7.0492148,51.4163481],[7.0491859,51.4163256],[7.0491417,51.4163176],[7.0490632,51.4162921],[7.0490022,51.4162842],[7.0489439,51.4162591],[7.0488641,51.4162595],[7.0488198,51.4162415],[7.0487762,51.4161993],[7.0487829,51.4161583],[7.0487574,51.4161324],[7.0487209,51.4160945],[7.0487038,51.4160755],[7.0486911,51.4160537],[7.0486797,51.4160247],[7.0486579,51.4160042],[7.0486284,51.4159874],[7.0485757,51.4159709],[7.0484688,51.4159465],[7.0484329,51.4159371],[7.048396,51.4159191],[7.0483669,51.4158934],[7.0483384,51.4158727],[7.0482985,51.415854],[7.0482549,51.4158375],[7.0482337,51.4158246],[7.048217,51.4158083],[7.0481925,51.4157809],[7.0481486,51.4157453],[7.0480822,51.4157029],[7.0480165,51.4156709],[7.0479447,51.4156443],[7.0478881,51.4156299],[7.0478639,51.4156178],[7.0478448,51.4156038],[7.0477942,51.4155548],[7.0477687,51.4155425],[7.047698,51.4155304],[7.0476534,51.4155201],[7.0476199,51.4155032],[7.04753,51.4154415],[7.0475082,51.4154235],[7.0474992,51.4154045],[7.0474894,51.4153947],[7.0474562,51.4153829],[7.0474251,51.4153817],[7.0473952,51.4153869],[7.0473469,51.4153988],[7.0473198,51.4154011],[7.047291,51.4153953],[7.0472675,51.4153794],[7.0472524,51.4153627],[7.0472209,51.4153072],[7.0472041,51.4152845],[7.0471867,51.4152738],[7.0471595,51.4152753],[7.0471428,51.4152769],[7.0471307,51.4152845],[7.0471022,51.4153052],[7.047066,51.4153286],[7.0470355,51.415334],[7.047018,51.415334],[7.0469952,51.415329],[7.0469406,51.415311],[7.0469107,51.4152924],[7.0468897,51.4152743],[7.0468115,51.4152336],[7.046719,51.4151968],[7.0466761,51.4151579],[7.0466469,51.415136],[7.04661,51.4151186],[7.0465185,51.4150889],[7.0464672,51.415053],[7.0464481,51.4150396],[7.0464125,51.4150327],[7.046378,51.4150413],[7.0463351,51.415059],[7.0462855,51.4150754],[7.0462422,51.4150781],[7.0462083,51.4150636],[7.0461762,51.4150411],[7.0461487,51.4150191],[7.0461353,51.4149976],[7.0461265,51.4149574],[7.0461259,51.4149445],[7.0461108,51.4149311],[7.0460856,51.4149238],[7.0460585,51.4149244],[7.0460276,51.4149235],[7.0459944,51.4149166],[7.0459663,51.4149049],[7.0459445,51.4148947],[7.0459093,51.4148861],[7.0458878,51.4148857],[7.0458486,51.4148823],[7.0458288,51.414874],[7.0458157,51.4148658],[7.0458117,51.4148343],[7.045807,51.4148179],[7.0457876,51.4148085],[7.0457681,51.4148026],[7.04573,51.4147958],[7.045698,51.4147831],[7.0456736,51.4147646],[7.0456434,51.4147063],[7.0455981,51.4146774],[7.0455794,51.4146553],[7.0455482,51.4146005],[7.0455254,51.4145863],[7.0455014,51.4145767],[7.045343,51.4145574],[7.0450272,51.4144307],[7.0448931,51.4143884],[7.04483,51.4143495],[7.0448206,51.4143332],[7.0447972,51.4143211],[7.0447643,51.414286],[7.0447294,51.4142705],[7.0446932,51.4142751],[7.0446148,51.4142893],[7.0445779,51.4142764],[7.0445625,51.4142471],[7.0445403,51.414222],[7.044484,51.4142094],[7.0444089,51.4142458],[7.0443667,51.4142475],[7.0443305,51.4142446],[7.0443177,51.4142345],[7.0443077,51.4141998],[7.0442855,51.414171],[7.0442554,51.4141597],[7.0441709,51.4141471],[7.0441434,51.4141358],[7.0441394,51.4141229],[7.0441119,51.4140848],[7.0439912,51.414038],[7.0439583,51.4140279],[7.0439523,51.4140141],[7.0438731,51.4139752],[7.0438463,51.4139424],[7.0438343,51.4139278],[7.0437994,51.4139123],[7.0437219,51.4139284],[7.0436639,51.4139495],[7.0436361,51.4139395],[7.0436277,51.4138933],[7.0436348,51.4138523],[7.0436163,51.4138236],[7.0435955,51.4138124],[7.0435466,51.4138471],[7.0434725,51.4138182],[7.043446,51.4138126],[7.0434249,51.4137975],[7.0433696,51.4137141],[7.0433344,51.4136963],[7.043272,51.4136857],[7.043211,51.4136722],[7.0431479,51.4136283],[7.0431151,51.4136204],[7.0430467,51.4136152],[7.0429116,51.4136066],[7.0428764,51.4135972],[7.0428408,51.4135719],[7.0427999,51.4135476],[7.0427486,51.4135378],[7.0426678,51.4135146],[7.0426397,51.4135014],[7.0425981,51.4134893],[7.0425619,51.4134964],[7.0424918,51.4134539],[7.0424717,51.4134508],[7.0424509,51.4134291],[7.0424382,51.4134063],[7.0423805,51.4133805],[7.0423611,51.413363],[7.042233,51.4133232],[7.0421384,51.4132777],[7.0420566,51.4132632],[7.0419634,51.4132145],[7.041897,51.4131752],[7.0418259,51.413143],[7.0417462,51.4131376],[7.0416094,51.4131422],[7.0415188,51.4131037],[7.0413908,51.4130924],[7.0413512,51.4130828],[7.0412902,51.4130435],[7.0412634,51.4130401],[7.0411688,51.4130409],[7.041142,51.4130347],[7.041024,51.4129774],[7.0409911,51.412951],[7.0409562,51.4129397],[7.0408972,51.4129489],[7.0408704,51.4129397],[7.0408322,51.4129318],[7.0407484,51.4128975],[7.0407544,51.4128883],[7.0406874,51.4128473],[7.040676,51.4128306],[7.0406545,51.4128122],[7.0406236,51.4128118],[7.0405982,51.4127883],[7.0405782,51.412756],[7.0404989,51.4126855],[7.0404158,51.4126248],[7.0403796,51.4126177],[7.0402522,51.412575],[7.040222,51.4125738],[7.0401429,51.4125445],[7.039988,51.4124734],[7.0398337,51.4124441],[7.0396929,51.4123584],[7.0396245,51.4123032],[7.0395125,51.4122271],[7.0394428,51.4122074],[7.0394368,51.4121944],[7.0394026,51.4121756],[7.0393731,51.4121631],[7.0393362,51.4121355],[7.0392825,51.41211],[7.0392577,51.4120884],[7.0392068,51.4120604],[7.0391692,51.4120343],[7.0391551,51.4120154],[7.039137,51.4120146],[7.0391015,51.4119933],[7.0390867,51.4119707],[7.039015,51.4119418],[7.038952,51.4119264],[7.0389352,51.4119184],[7.0389124,51.411913],[7.0387729,51.411841],[7.038726,51.4118314],[7.0386985,51.4118126],[7.038669,51.4118113],[7.0385899,51.4117632],[7.0385583,51.4117586],[7.0385389,51.4117503],[7.0385369,51.4117227],[7.0385191,51.4116982],[7.0385151,51.4116704],[7.0384883,51.411661],[7.0384692,51.4116418],[7.038441,51.411634],[7.0384199,51.4116162],[7.038383,51.4116139],[7.0383575,51.4116014],[7.038322,51.4115974],[7.0382593,51.411607],[7.0381624,51.4115934],[7.0380306,51.4115596],[7.0379093,51.4114772],[7.0378509,51.4114052],[7.0376672,51.4113228],[7.0375364,51.4112597],[7.0374313,51.4111839],[7.0373721,51.4111179],[7.0372327,51.4109824],[7.0372316,51.4107196],[7.037232,51.4107047],[7.0373252,51.4105374],[7.0374674,51.41036],[7.0375255,51.4102571],[7.0378493,51.4096228],[7.0378026,51.4092734],[7.0378214,51.4090701],[7.0378992,51.4086377],[7.0377586,51.4083193],[7.037729,51.4081605],[7.0376383,51.4080705],[7.0377065,51.4078616],[7.0376818,51.4077261],[7.0378349,51.4076922],[7.0377856,51.4073934],[7.0377454,51.4072265],[7.0386399,51.4070823],[7.0399881,51.4068112],[7.0422901,51.4063013],[7.0431881,51.4059209],[7.0447042,51.4051816],[7.0457659,51.404778],[7.0470993,51.4041835],[7.0467607,51.4040583],[7.0484919,51.4032007],[7.0499398,51.4024537],[7.0503453,51.4021864],[7.0562287,51.3971845],[7.0566993,51.3939401],[7.06003,51.3909408],[7.0618535,51.3893197],[7.0637789,51.3880217],[7.0656755,51.3873321],[7.0669733,51.3869524],[7.0691102,51.3868021],[7.0713023,51.3869834],[7.0726449,51.3873555],[7.0739823,51.3883354],[7.074563,51.3923092],[7.0761318,51.3944862],[7.0771286,51.3957405],[7.0808486,51.3994293],[7.0819293,51.4010555],[7.0822591,51.4031574],[7.0812447,51.4073565],[7.080532,51.4093159],[7.0794529,51.4103126],[7.0770666,51.4118679],[7.0750292,51.4135994],[7.0731412,51.4165881],[7.0713332,51.4188709],[7.0683679,51.4203396]]]]}},{"type":"Feature","properties":{"id":"Holsterhausen","quelle":"OpenStreetMap (ODbL), boundary=administrative admin_level=10","stand":"2026-09-25"},"geometry":{"type":"MultiPolygon","coordinates":[[[[6.9884805,51.4530411],[6.9885522,51.4529876],[6.9888706,51.4528871],[6.9889172,51.4529009],[6.9892582,51.4528329],[6.9902381,51.4525472],[6.9904756,51.4524661],[6.9904913,51.4524828],[6.9911391,51.4522673],[6.9916359,51.4521498],[6.991699,51.4521488],[6.9918689,51.4521155],[6.9918616,51.4520968],[6.9954093,51.4514183],[6.9961079,51.4512992],[6.9973332,51.4511173],[6.9976425,51.4510746],[6.9985059,51.450978],[6.9988823,51.4509356],[6.9992307,51.4509021],[6.99915,51.4505285],[6.997917,51.4506562],[6.9977783,51.4498952],[6.9980083,51.4498561],[6.9979985,51.4496689],[6.9979519,51.4495696],[6.9984687,51.4494618],[6.9988641,51.4493852],[6.999407,51.4492893],[6.9999485,51.4492004],[7.0005798,51.4491112],[7.0005766,51.4488673],[7.0009055,51.4488253],[7.0011263,51.448779],[7.0013682,51.4486973],[7.0015212,51.4485825],[7.0018805,51.4481851],[7.001918,51.4481882],[7.002446,51.4475329],[7.0024159,51.4474841],[7.0016574,51.4473375],[7.0016677,51.4473062],[7.0014191,51.4472582],[7.0013836,51.4472586],[7.0013489,51.4472723],[7.0013368,51.4472883],[7.0013226,51.4473246],[7.0011667,51.447293],[7.001172,51.4472695],[7.0011675,51.4472525],[7.0011524,51.447236],[7.0011146,51.4472247],[7.000586,51.4471938],[7.0006451,51.4470468],[7.0006942,51.4470494],[7.0008497,51.4466487],[7.0011056,51.4465975],[7.0017433,51.4462219],[7.0015067,51.4460642],[7.0012602,51.4453503],[7.0012588,51.445317],[7.0012673,51.4452823],[7.0012848,51.4452488],[7.0019243,51.4444111],[7.001945,51.4443974],[7.0019737,51.444397],[7.0019976,51.444406],[7.0021094,51.4442672],[7.0022968,51.4443203],[7.00213,51.4442134],[7.0020934,51.44419],[7.0018714,51.4441668],[7.0013011,51.4436547],[7.0014719,51.4435861],[7.0012589,51.4434151],[7.0012377,51.4433898],[7.0012238,51.4433572],[7.0012251,51.4433308],[7.0012623,51.4432266],[7.0012785,51.4431721],[7.0012687,51.4431267],[7.0012366,51.4430861],[7.001072,51.4429329],[7.001024,51.4428836],[7.0009962,51.4428376],[7.0009781,51.4427874],[7.0009876,51.4427291],[7.0010064,51.4426799],[7.00076,51.4426172],[7.0007884,51.4426207],[7.0008188,51.4426185],[7.0008519,51.4426105],[7.0008808,51.4425885],[7.0010355,51.4423487],[7.0010336,51.4423168],[7.0010218,51.4423014],[7.0010037,51.4422868],[7.0009769,51.4422755],[7.0009898,51.4421809],[7.0008037,51.4418413],[7.0007886,51.4418281],[7.0007689,51.4418238],[7.0007501,51.4418257],[7.0007481,51.441784],[7.0007433,51.441682],[7.0001665,51.4417928],[7.0002103,51.4417012],[7.0002483,51.4417061],[7.0005335,51.4410654],[6.9980122,51.4402016],[6.9978742,51.4400292],[6.9978763,51.4400266],[6.9985676,51.4391659],[6.9975484,51.4388739],[6.9959866,51.4383316],[6.9965122,51.4378329],[6.9965813,51.4377162],[6.996622,51.4375973],[6.9966302,51.4374529],[6.9965744,51.4371065],[6.9965464,51.4371053],[6.9965215,51.4371107],[6.9963549,51.436752],[6.9963126,51.4364162],[6.9955063,51.4343104],[6.9952641,51.4340349],[6.9950158,51.4338441],[6.9946688,51.4336644],[6.9931703,51.4331384],[6.9931886,51.4330444],[6.9945094,51.4327964],[6.9947779,51.4327296],[6.9948452,51.4321456],[6.9939767,51.4321385],[6.9938555,51.4320695],[6.9931352,51.4320464],[6.9931297,51.432134],[6.9923847,51.4320651],[6.9917119,51.4320252],[6.9905699,51.4319835],[6.989798,51.4320279],[6.9896611,51.4320192],[6.9891955,51.4320524],[6.9887319,51.4321281],[6.9883921,51.4321825],[6.9881248,51.4322507],[6.9873982,51.4323853],[6.9873842,51.43237],[6.9873076,51.4323849],[6.9872677,51.4323359],[6.98721,51.4323497],[6.9872209,51.4324089],[6.9872003,51.4324265],[6.9862822,51.4326289],[6.9862395,51.4325909],[6.9853184,51.4328721],[6.9839364,51.4333732],[6.9807861,51.434822],[6.9793957,51.4352615],[6.9755314,51.4363351],[6.9732633,51.4368331],[6.973264,51.4369733],[6.9735385,51.4373404],[6.9730758,51.4375045],[6.974073,51.4385189],[6.9741647,51.4386631],[6.974443,51.4392332],[6.9744068,51.4394355],[6.97392,51.4399513],[6.9738744,51.4400968],[6.974408,51.4415893],[6.975498,51.4422054],[6.9756305,51.442165],[6.975859,51.4422793],[6.9757546,51.4423531],[6.9777035,51.4435204],[6.9779904,51.443859],[6.9784501,51.4439873],[6.9792527,51.4444927],[6.9793706,51.4445584],[6.9794535,51.4446061],[6.9801677,51.4450667],[6.9807991,51.4454347],[6.9811717,51.4456485],[6.9814171,51.4458137],[6.981795,51.4461899],[6.9819191,51.4464606],[6.9819473,51.4466891],[6.983328,51.4468],[6.9831672,51.447373],[6.9828993,51.4485658],[6.9828739,51.4492868],[6.9828677,51.4494642],[6.9829995,51.4506437],[6.9830036,51.4506806],[6.9830056,51.4506985],[6.9830109,51.4507459],[6.9860959,51.4518708],[6.9876104,51.4524363],[6.9877376,51.4523236],[6.987745,51.452305],[6.9877408,51.452285],[6.9880028,51.4526433],[6.988166,51.4528546],[6.9882914,51.4530056],[6.9883281,51.4530614],[6.9883561,51.4530537],[6.9884805,51.4530411]]]]}},{"type":"Feature","properties":{"id":"Horst","quelle":"OpenStreetMap (ODbL), boundary=administrative admin_level=10","stand":"2026-09-25"},"geometry":{"type":"MultiPolygon","coordinates":[[[[7.0810691,51.4427076],[7.0825276,51.4420324],[7.0834767,51.441104],[7.0842913,51.439509],[7.0844809,51.4372887],[7.0866001,51.4332978],[7.0887507,51.430691],[7.0895834,51.4303262],[7.0944792,51.4296945],[7.0987414,51.4290038],[7.1007187,51.4286818],[7.1029924,51.428648],[7.1072622,51.4288391],[7.1141057,51.4295544],[7.1163113,51.4299783],[7.1192529,51.4309026],[7.1190641,51.4312888],[7.1198304,51.4314237],[7.1215633,51.431601],[7.1221723,51.4316487],[7.1229448,51.4316835],[7.1229418,51.4317051],[7.1228308,51.4326617],[7.1226959,51.4338246],[7.1226619,51.4341224],[7.1227341,51.434152],[7.1233313,51.4344097],[7.1234975,51.4344816],[7.1241633,51.4347758],[7.1245056,51.4349542],[7.1248829,51.4351503],[7.1255192,51.4355754],[7.1263352,51.4360959],[7.1270331,51.4366088],[7.1274415,51.4367915],[7.1284469,51.4373855],[7.1298983,51.4382449],[7.1304411,51.4385489],[7.1310409,51.4388789],[7.1314005,51.4390426],[7.1322618,51.4393469],[7.1323698,51.4393849],[7.1326705,51.4394919],[7.1324758,51.4396785],[7.1327871,51.4397976],[7.1326461,51.4401038],[7.1328019,51.4401621],[7.1323407,51.440533],[7.1327386,51.440673],[7.1331559,51.4407849],[7.1331216,51.4408274],[7.1331789,51.4408426],[7.132931,51.44119],[7.1329588,51.4412674],[7.133711,51.4414132],[7.1337344,51.4415252],[7.133534,51.4418759],[7.1338879,51.4421569],[7.1338796,51.4421689],[7.1332276,51.4420545],[7.1332205,51.4420533],[7.1329037,51.4419976],[7.1322916,51.4423261],[7.1317792,51.442679],[7.131251,51.4427256],[7.130909,51.4427558],[7.1309595,51.4428884],[7.1310054,51.4430089],[7.1318174,51.4435038],[7.1312999,51.4438173],[7.1301959,51.4442671],[7.1298183,51.4440212],[7.1294414,51.444253],[7.1294235,51.444243],[7.1281961,51.4451281],[7.1289436,51.4455536],[7.1282477,51.4460853],[7.1283202,51.4461543],[7.1284722,51.4462074],[7.1285306,51.4462911],[7.1286224,51.4463483],[7.1289512,51.4466226],[7.1287058,51.4468818],[7.1286105,51.446982],[7.1246881,51.4447236],[7.1208379,51.4431873],[7.1184504,51.4426232],[7.1160729,51.44225],[7.1112801,51.4418847],[7.1084067,51.4417019],[7.1047703,51.4410583],[7.1017916,51.440524],[7.0994542,51.4404425],[7.0955771,51.4411746],[7.0938788,51.4421199],[7.0921648,51.442817],[7.0913796,51.4424893],[7.0872623,51.4447466],[7.0852231,51.4446714],[7.0835323,51.4442863],[7.0810691,51.4427076]]]]}},{"type":"Feature","properties":{"id":"Huttrop","quelle":"OpenStreetMap (ODbL), boundary=administrative admin_level=10","stand":"2026-09-25"},"geometry":{"type":"MultiPolygon","coordinates":[[[[7.0582161,51.4415683],[7.0581267,51.441755],[7.0581809,51.4417705],[7.0582138,51.4417934],[7.0582317,51.4418244],[7.058239,51.4418577],[7.0580588,51.4423627],[7.0580282,51.4424746],[7.057991,51.442646],[7.0579969,51.4426487],[7.0579255,51.442919],[7.0578249,51.4434238],[7.0577829,51.4438174],[7.0577824,51.4441651],[7.057804,51.4443503],[7.0578489,51.4445511],[7.0580266,51.4451927],[7.0580626,51.4453753],[7.0580595,51.4453951],[7.058043,51.4454146],[7.0580131,51.445421],[7.0580946,51.4454182],[7.0580995,51.445454],[7.0581478,51.4454473],[7.0581836,51.4455933],[7.0583332,51.4455868],[7.0595597,51.4474042],[7.059477,51.4476796],[7.0592757,51.4480046],[7.0592822,51.448056],[7.0596702,51.4483037],[7.060224,51.4487347],[7.0615304,51.4498973],[7.0618398,51.4501112],[7.0617523,51.4501429],[7.060742,51.4507506],[7.0603357,51.4510055],[7.0608963,51.4513799],[7.0614836,51.4517446],[7.0616078,51.4518074],[7.0610318,51.4521358],[7.060889,51.4522021],[7.0607227,51.4521921],[7.0604794,51.4522179],[7.0600408,51.4521715],[7.0598293,51.4521736],[7.0590572,51.4524189],[7.0588076,51.4525282],[7.0585268,51.4525552],[7.0586955,51.452737],[7.0578771,51.4527333],[7.0571094,51.4526719],[7.055592,51.4527372],[7.0542587,51.4528398],[7.0537294,51.452902],[7.0534573,51.4529483],[7.0523689,51.4531846],[7.0523545,51.4532034],[7.0523214,51.4531947],[7.0519896,51.4532694],[7.0509672,51.4535579],[7.050952,51.453515],[7.0508501,51.4535347],[7.0508693,51.453585],[7.0496741,51.4539038],[7.0494821,51.4539768],[7.0494504,51.4539768],[7.0487725,51.4541363],[7.0480299,51.4543442],[7.0479976,51.4543803],[7.0476085,51.4545134],[7.0470771,51.4546673],[7.0463314,51.454795],[7.0455338,51.4549631],[7.0447105,51.4551477],[7.0444679,51.4552118],[7.0446822,51.4553324],[7.0435129,51.4556235],[7.0435028,51.4556204],[7.0434743,51.4556273],[7.0433189,51.4555847],[7.0431349,51.4555395],[7.042593,51.455766],[7.0422029,51.4558448],[7.0419526,51.4558552],[7.0412518,51.4559167],[7.0405806,51.4559713],[7.0399696,51.4560009],[7.0392507,51.4560431],[7.0391575,51.4558854],[7.0390714,51.4556197],[7.0390924,51.4556176],[7.0391223,51.4555983],[7.0391303,51.4555723],[7.0390893,51.4553567],[7.0390839,51.4552197],[7.0390922,51.4549658],[7.0381479,51.4548751],[7.0381917,51.4547372],[7.0380724,51.4547225],[7.0382509,51.4542754],[7.0345844,51.4536993],[7.0346011,51.4531908],[7.0346449,51.4527781],[7.0333895,51.4514787],[7.0327542,51.4508195],[7.0345853,51.450147],[7.0341071,51.4496389],[7.0340018,51.4494829],[7.033971,51.4485133],[7.0340124,51.4483818],[7.0339751,51.4482911],[7.0337338,51.4470714],[7.033756,51.4467214],[7.0340029,51.44631],[7.0312008,51.4456716],[7.0284783,51.4464474],[7.0284503,51.4463982],[7.0279688,51.4465071],[7.0273691,51.4456628],[7.0272797,51.4454677],[7.0272546,51.4453366],[7.0272458,51.4452002],[7.0273722,51.4440357],[7.0273809,51.4436381],[7.0275508,51.4434097],[7.0254675,51.4434097],[7.0252653,51.4434527],[7.0232448,51.443456],[7.0232768,51.4424887],[7.0231902,51.4424648],[7.0232018,51.442305],[7.0231928,51.4421458],[7.0231586,51.4419616],[7.0231506,51.4417283],[7.0231982,51.4415514],[7.02319,51.4415505],[7.0232222,51.4411455],[7.0232387,51.4411468],[7.0232509,51.4408331],[7.0232447,51.4406126],[7.023246,51.4403681],[7.0232575,51.4403535],[7.0232618,51.4402808],[7.0233128,51.4402837],[7.0233032,51.4398233],[7.0233173,51.4396398],[7.0232877,51.4396246],[7.0232816,51.439577],[7.0232862,51.4395768],[7.0232854,51.43956],[7.0240551,51.439288],[7.0240802,51.4393036],[7.0244935,51.4391521],[7.0257158,51.4389243],[7.0258999,51.4388756],[7.0265473,51.4386569],[7.0266368,51.4386135],[7.0266962,51.4385688],[7.0271795,51.4380422],[7.0286851,51.4376126],[7.0290868,51.4374758],[7.0292663,51.437431],[7.0293698,51.4376295],[7.0294884,51.4376036],[7.02943,51.4376328],[7.0294201,51.4376504],[7.0293765,51.4376705],[7.0293723,51.4376933],[7.0293773,51.4377143],[7.0296292,51.4381106],[7.0296279,51.4381185],[7.0298114,51.4383951],[7.0298385,51.4385393],[7.0299647,51.4387221],[7.0300619,51.4388325],[7.030048,51.4388427],[7.0300452,51.4388616],[7.0300658,51.438874],[7.0301103,51.4388739],[7.0303597,51.439181],[7.0308823,51.4396519],[7.0322433,51.4407041],[7.0329752,51.4415102],[7.033006,51.4415216],[7.0330524,51.4415162],[7.0331161,51.4416265],[7.0331063,51.4416481],[7.0334072,51.4419626],[7.0336762,51.4422554],[7.0337209,51.44229],[7.0338005,51.4423173],[7.0338721,51.4423284],[7.0339497,51.4423247],[7.0340432,51.4422999],[7.0341016,51.4422695],[7.0347257,51.4423915],[7.0351217,51.4425242],[7.0355056,51.4426904],[7.0358359,51.442864],[7.0361741,51.4430748],[7.036393,51.4432422],[7.0364029,51.4432658],[7.0365024,51.443329],[7.0365402,51.4433687],[7.036592,51.4433923],[7.0366656,51.4434009],[7.0367256,51.4433819],[7.0368033,51.4436833],[7.036823,51.4438113],[7.0368396,51.4443887],[7.0371423,51.4443821],[7.0373787,51.4443865],[7.0376347,51.4443988],[7.0379104,51.4444268],[7.0381454,51.4444575],[7.0384208,51.4445047],[7.038534,51.4445118],[7.0402093,51.4444026],[7.0405117,51.4443759],[7.0411089,51.4442908],[7.0418132,51.4441606],[7.0421922,51.444074],[7.0424744,51.4440012],[7.0427835,51.4439181],[7.0431204,51.4438346],[7.0436025,51.4437063],[7.0438347,51.4435982],[7.0442147,51.443485],[7.0444968,51.4434242],[7.0447078,51.443387],[7.0452985,51.4431056],[7.0454393,51.4430613],[7.0455471,51.4429907],[7.0457551,51.4428811],[7.0462722,51.4425806],[7.0465504,51.4425058],[7.0467255,51.4424463],[7.0471965,51.4423215],[7.047473,51.4422377],[7.0476027,51.4421638],[7.0476629,51.4421393],[7.0483836,51.4415395],[7.0484799,51.441487],[7.0486924,51.4414238],[7.0489715,51.4413594],[7.0498632,51.4412112],[7.0507282,51.4410189],[7.0509471,51.4409779],[7.0511094,51.4409063],[7.0514281,51.4409381],[7.0513695,51.4410798],[7.0513792,51.4411437],[7.0515094,51.4412431],[7.0517269,51.4413785],[7.0519745,51.4415825],[7.0522482,51.4417715],[7.0525717,51.4420056],[7.0526582,51.4420976],[7.0527416,51.4423625],[7.0527565,51.4424586],[7.0527509,51.442715],[7.0527822,51.4427949],[7.0528478,51.4428438],[7.0529436,51.4428833],[7.053056,51.4428933],[7.0531823,51.4428635],[7.0532349,51.4428355],[7.0532994,51.4425802],[7.0533666,51.4425935],[7.053427,51.4424989],[7.0534718,51.4424406],[7.0535384,51.4423904],[7.0536598,51.4423222],[7.0537768,51.4422728],[7.0540643,51.4422412],[7.0544081,51.4422431],[7.0546303,51.4422704],[7.0546661,51.4422666],[7.0547009,51.4422592],[7.0547298,51.4422449],[7.0547478,51.4422222],[7.0548581,51.441832],[7.0548816,51.4417221],[7.0549079,51.4414443],[7.0551398,51.4414387],[7.0551515,51.4414079],[7.0551628,51.4413974],[7.0551902,51.4413908],[7.0556432,51.4413736],[7.0560137,51.4413276],[7.0561615,51.4413041],[7.0563097,51.4412731],[7.0565166,51.4412216],[7.056638,51.4411789],[7.0567873,51.4411122],[7.0570838,51.4413394],[7.0573141,51.4411369],[7.0577311,51.4413224],[7.0575214,51.4415311],[7.0576199,51.4415851],[7.0580974,51.441631],[7.0581431,51.4416167],[7.0582161,51.4415683]]]]}},{"type":"Feature","properties":{"id":"Karnap","quelle":"OpenStreetMap (ODbL), boundary=administrative admin_level=10","stand":"2026-09-25"},"geometry":{"type":"MultiPolygon","coordinates":[[[[6.9923784,51.5194468],[6.9924005,51.5194857],[6.9928594,51.5202986],[6.9943962,51.5217175],[6.9950571,51.5223124],[6.9951081,51.5223854],[6.9951021,51.5226484],[6.9950791,51.5242882],[6.9950791,51.5244412],[6.9950761,51.5245562],[6.9949641,51.5287827],[6.9949251,51.5302285],[6.9951871,51.5303315],[6.9951821,51.5305295],[6.9950531,51.5306095],[6.9950901,51.5309534],[6.995593,51.5312084],[6.995682,51.5312694],[6.995755,51.5313114],[6.9967248,51.5318573],[6.9969438,51.5318303],[6.9972618,51.5316934],[6.9974407,51.5316394],[6.9975817,51.5317164],[6.9976457,51.5319373],[6.9980896,51.5320823],[6.9981306,51.5321703],[6.9990155,51.5324103],[6.9990795,51.5326693],[6.9988435,51.5328452],[6.9988485,51.5331692],[6.9990525,51.5333902],[6.9991075,51.5335092],[6.9990565,51.5335892],[6.9989049,51.5336679],[6.9989133,51.5336914],[6.9989719,51.5337669],[6.9991855,51.5337681],[6.9993026,51.5337424],[6.9996469,51.533809],[6.9999552,51.5338489],[7.0001839,51.5339938],[7.0003737,51.5340126],[7.0005298,51.5340226],[7.0006275,51.5339311],[7.0009481,51.5338931],[7.0012857,51.5339164],[7.0016733,51.5340334],[7.0018056,51.5340914],[7.001972,51.5340088],[7.0020287,51.5341394],[7.002075,51.5341817],[7.0022285,51.5342111],[7.002519,51.5342269],[7.0026657,51.5341377],[7.0027998,51.5340343],[7.0029453,51.5339826],[7.0031056,51.5339792],[7.0033146,51.5339626],[7.0033778,51.53392],[7.0036125,51.5338774],[7.0037756,51.5338643],[7.0042378,51.534064],[7.0043609,51.5340768],[7.0045128,51.5340819],[7.0045451,51.5341605],[7.0046774,51.5341786],[7.0048038,51.5341401],[7.0048973,51.5341294],[7.0050087,51.5340862],[7.0049744,51.5338766],[7.0050502,51.5337898],[7.0051604,51.5337253],[7.0051883,51.5336459],[7.0053251,51.5335679],[7.0054544,51.5335461],[7.0056231,51.5335499],[7.005938,51.5334503],[7.0060889,51.5334133],[7.0062691,51.5333989],[7.0063229,51.5334194],[7.0064374,51.5335093],[7.0065643,51.533512],[7.0068057,51.5334703],[7.0068553,51.5334486],[7.0069714,51.5334271],[7.0068992,51.5329753],[7.0074072,51.5328307],[7.0078229,51.5327147],[7.0079128,51.5326995],[7.0080227,51.5326945],[7.0080517,51.5326972],[7.0082674,51.5327118],[7.0095781,51.532666],[7.0099264,51.5326553],[7.0104656,51.5326336],[7.0104634,51.5325994],[7.0105077,51.5325969],[7.0107165,51.5325918],[7.0117387,51.5325605],[7.0125148,51.5325364],[7.013064,51.5325197],[7.0133582,51.5325186],[7.0134645,51.5324888],[7.0135741,51.5324566],[7.0136393,51.5324517],[7.013817,51.5324552],[7.0139737,51.5324548],[7.0140592,51.5324243],[7.0140366,51.5323964],[7.0140034,51.5323814],[7.0140017,51.5323712],[7.013919,51.5323199],[7.0138016,51.5322079],[7.0135032,51.531832],[7.013416,51.5317017],[7.013363,51.5315657],[7.0133329,51.531432],[7.0133045,51.5306819],[7.0132813,51.530602],[7.0130498,51.5301479],[7.0130098,51.5299848],[7.0130063,51.5298137],[7.0130696,51.5295271],[7.013122,51.5292774],[7.0131388,51.5291949],[7.0132484,51.5289678],[7.0133906,51.5286773],[7.0134857,51.5285146],[7.013534,51.5284496],[7.013614,51.528358],[7.013707,51.5282673],[7.0139197,51.528113],[7.0140912,51.5280082],[7.0144795,51.5277892],[7.0148581,51.5275578],[7.0149086,51.5275155],[7.0149531,51.5274572],[7.015199,51.5270805],[7.015429,51.52673],[7.0156074,51.5264671],[7.0156345,51.5263008],[7.0156607,51.5261651],[7.015874,51.5253451],[7.0159111,51.5252139],[7.0160285,51.5252314],[7.0160767,51.5249936],[7.0159574,51.5249744],[7.0160378,51.5246888],[7.0161143,51.5245464],[7.016204,51.524427],[7.0163939,51.5242502],[7.0164704,51.5241726],[7.0165581,51.5240706],[7.0166199,51.5239343],[7.0166494,51.5239414],[7.0166531,51.523886],[7.0166628,51.5238284],[7.0166286,51.5238192],[7.0166963,51.5233893],[7.0167661,51.5231875],[7.0167798,51.5231952],[7.0168868,51.5230444],[7.0169528,51.5229671],[7.017047,51.5228896],[7.0171905,51.5228054],[7.0172677,51.5227721],[7.017727,51.5226367],[7.0178295,51.5225744],[7.0178976,51.5225212],[7.0179441,51.5224736],[7.0179861,51.5224077],[7.0180951,51.522152],[7.0180467,51.5221272],[7.0181322,51.5219492],[7.018318,51.5215571],[7.0185941,51.5209417],[7.0186396,51.5208427],[7.0187549,51.5205456],[7.0189089,51.5201434],[7.019384,51.5190198],[7.0195294,51.518643],[7.019627,51.5184187],[7.0196867,51.5182909],[7.0197717,51.5181025],[7.0223062,51.51913],[7.022547,51.5190398],[7.022633,51.5190088],[7.0231199,51.5186089],[7.0238858,51.5178529],[7.0242607,51.517487],[7.0245101,51.5172337],[7.022478,51.5165075],[7.0077267,51.5132215],[7.0077204,51.5132407],[7.0073301,51.5131564],[7.0072017,51.5131224],[7.0068778,51.5131112],[7.0068745,51.5130647],[7.006822,51.5130675],[7.0068347,51.5129687],[7.0067472,51.5129458],[7.0067359,51.5129227],[7.0064084,51.5128224],[7.0031001,51.5120803],[7.0009073,51.5116546],[6.9963608,51.5106773],[6.9945689,51.5102259],[6.9932143,51.5100179],[6.992441,51.5098753],[6.9881081,51.5083585],[6.9877802,51.5086519],[6.9875772,51.5088699],[6.9863244,51.5101938],[6.9862044,51.5103188],[6.9861465,51.5103997],[6.9861135,51.5120586],[6.9861035,51.5124665],[6.9860935,51.5129395],[6.9879632,51.5146263],[6.989389,51.5160111],[6.9898069,51.5164191],[6.9904168,51.516999],[6.9905,51.5172175],[6.9905808,51.517285],[6.9907298,51.517285],[6.9908257,51.517388],[6.9910907,51.5176549],[6.9916496,51.5182649],[6.9920276,51.5188298],[6.9923784,51.5194468]]]]}},{"type":"Feature","properties":{"id":"Katernberg","quelle":"OpenStreetMap (ODbL), boundary=administrative admin_level=10","stand":"2026-09-25"},"geometry":{"type":"MultiPolygon","coordinates":[[[[7.0709671,51.4849748],[7.070078,51.4848583],[7.0683382,51.484628],[7.068212,51.4846185],[7.0681376,51.4846185],[7.0680531,51.4846219],[7.0678781,51.4846382],[7.0677882,51.4846461],[7.0673329,51.4846854],[7.0670526,51.4847137],[7.0662211,51.4847927],[7.0658899,51.4848394],[7.0658175,51.4848503],[7.0656195,51.4848846],[7.0638404,51.4853064],[7.0643166,51.4869601],[7.064077,51.4881986],[7.0630458,51.4883448],[7.0608362,51.487904],[7.060547,51.4881101],[7.0592639,51.4877101],[7.0580628,51.4875883],[7.049053,51.4884771],[7.049025,51.4884611],[7.0490518,51.4884446],[7.0484157,51.4879451],[7.0484135,51.487959],[7.048424,51.4879811],[7.0482545,51.4881378],[7.048873,51.4886211],[7.0496075,51.4891367],[7.0497762,51.4893374],[7.0498431,51.4894019],[7.0498766,51.4894496],[7.0498503,51.4894644],[7.0499044,51.4895574],[7.0498805,51.4895313],[7.0498459,51.4895215],[7.0498097,51.489522],[7.0497686,51.4895318],[7.0491579,51.4899326],[7.0484882,51.4910539],[7.047448,51.4914477],[7.0470526,51.4917494],[7.046498,51.4917522],[7.0457247,51.4922998],[7.0445902,51.4923141],[7.0426179,51.4925738],[7.042941,51.4929209],[7.0411412,51.4924496],[7.039445,51.4945947],[7.0354518,51.4935607],[7.0347852,51.4935258],[7.0347167,51.493613],[7.0354906,51.4937697],[7.0347981,51.4947817],[7.034374,51.4948147],[7.0353486,51.4980577],[7.0320688,51.4978337],[7.0308932,51.4979498],[7.0303721,51.4971127],[7.0291921,51.4975146],[7.0290314,51.4974102],[7.0291459,51.4969443],[7.0270145,51.496204],[7.0267781,51.495986],[7.0264469,51.4956806],[7.0254571,51.4960528],[7.0249801,51.4963138],[7.0241537,51.497715],[7.0232304,51.5000491],[7.0236898,51.5003295],[7.0235597,51.5007736],[7.0450527,51.5113326],[7.0451106,51.5112917],[7.0453166,51.5112767],[7.0463225,51.5117616],[7.0463936,51.5117722],[7.0465107,51.5117657],[7.0466701,51.5117874],[7.0473322,51.5118332],[7.0473867,51.5118448],[7.0477249,51.5119168],[7.047952,51.5119168],[7.0481631,51.5118829],[7.0491675,51.5119864],[7.0500727,51.5119785],[7.050458,51.5119889],[7.0503158,51.5113235],[7.0502646,51.5097473],[7.0499079,51.5098199],[7.0500739,51.509011],[7.0501979,51.508927],[7.0503359,51.508572],[7.0504229,51.508378],[7.0507788,51.5079881],[7.0505068,51.5079201],[7.0511407,51.5070732],[7.0513787,51.5068132],[7.0515427,51.5064012],[7.0516057,51.5059323],[7.0519606,51.5055923],[7.0521706,51.5052644],[7.0533324,51.5055703],[7.0536574,51.5056123],[7.0540903,51.5056423],[7.0545212,51.5055054],[7.0544343,51.5047074],[7.0543593,51.5045515],[7.0541383,51.5043075],[7.0541763,51.5034336],[7.0544083,51.5033196],[7.0554391,51.5034676],[7.0554771,51.5033876],[7.0555391,51.5033196],[7.0561224,51.502682],[7.056269,51.5025217],[7.0568119,51.5017778],[7.0569649,51.5015338],[7.0571479,51.5011258],[7.0572658,51.5007559],[7.0575508,51.4988061],[7.057569,51.4986507],[7.0575724,51.4986385],[7.0587438,51.4990589],[7.0600474,51.4975023],[7.0602924,51.4973763],[7.0608943,51.4967003],[7.0649634,51.4975118],[7.0652437,51.4975669],[7.0654039,51.4975624],[7.0654027,51.4975528],[7.0655391,51.497584],[7.0656838,51.4976201],[7.0657701,51.4976548],[7.0659098,51.4976849],[7.0663085,51.4977652],[7.0664895,51.4976582],[7.0666854,51.4975213],[7.0670634,51.4975823],[7.0671494,51.4975283],[7.0711148,51.4950185],[7.0714957,51.4947786],[7.0718507,51.4949046],[7.0722866,51.4945726],[7.0735254,51.4935387],[7.0737644,51.4932677],[7.0738644,51.4927788],[7.0739874,51.4926648],[7.0742133,51.4924508],[7.0735711,51.4919011],[7.0734295,51.4917799],[7.0732985,51.4916689],[7.0732745,51.4915699],[7.0731355,51.4915049],[7.0733305,51.491181],[7.0724586,51.490868],[7.0731244,51.4901588],[7.0723793,51.4898666],[7.0711002,51.4893278],[7.0711965,51.4887175],[7.071314,51.4879112],[7.0711958,51.4875509],[7.071153,51.4872804],[7.0711185,51.4869641],[7.0711107,51.4867851],[7.071121,51.4866125],[7.071079,51.4863217],[7.0710333,51.486049],[7.0709307,51.4856389],[7.0709279,51.4856193],[7.0709236,51.4855408],[7.0709571,51.4852452],[7.0709671,51.4849748]]]]}},{"type":"Feature","properties":{"id":"Kray","quelle":"OpenStreetMap (ODbL), boundary=administrative admin_level=10","stand":"2026-09-25"},"geometry":{"type":"MultiPolygon","coordinates":[[[[7.0595723,51.4711581],[7.0598857,51.4711328],[7.0599606,51.4709094],[7.0601227,51.4706837],[7.0603991,51.4704904],[7.0606406,51.4703943],[7.0609163,51.4703373],[7.0612965,51.4702847],[7.0612778,51.4695102],[7.0613436,51.4690336],[7.0613923,51.4689736],[7.0614514,51.4687145],[7.0614909,51.4686426],[7.0617481,51.4684905],[7.0620676,51.4684109],[7.0623681,51.468364],[7.0627151,51.4683304],[7.0624873,51.4683045],[7.0616214,51.4682189],[7.0615888,51.4679448],[7.0619055,51.4679913],[7.0619424,51.4679825],[7.0625322,51.4680585],[7.0625461,51.4680791],[7.0630013,51.468148],[7.0634172,51.4681948],[7.064175,51.4682507],[7.0642849,51.4682411],[7.0632886,51.4678731],[7.0631912,51.4678137],[7.0631286,51.4677356],[7.0631474,51.467688],[7.0631326,51.4676447],[7.0632667,51.4676624],[7.0632127,51.4675222],[7.063283,51.4675357],[7.0633172,51.4675333],[7.0633381,51.4675255],[7.0633553,51.4675071],[7.0633986,51.4669927],[7.0630242,51.4669798],[7.0629627,51.4668449],[7.0629173,51.4668037],[7.0626917,51.4666643],[7.0625998,51.466586],[7.0623454,51.4664558],[7.0620071,51.4662458],[7.061426,51.465848],[7.0612787,51.4657246],[7.0611735,51.4656246],[7.0610899,51.4655204],[7.0608155,51.4651764],[7.061187,51.4650851],[7.0614905,51.4650254],[7.0618224,51.4649868],[7.0618183,51.4649683],[7.06105,51.4649194],[7.0607661,51.4649759],[7.0604141,51.4650322],[7.060096,51.4650714],[7.0600414,51.4650665],[7.0599161,51.4650711],[7.0591126,51.4649018],[7.0579131,51.4641413],[7.0576129,51.4639494],[7.0567983,51.4636596],[7.0565925,51.4635388],[7.0564131,51.4633976],[7.0563106,51.4633043],[7.0560664,51.4630807],[7.0558848,51.46293],[7.0548124,51.4625288],[7.0548421,51.4621877],[7.0543416,51.461821],[7.0543922,51.4617888],[7.0545006,51.4613516],[7.0546024,51.4612114],[7.0548062,51.4610231],[7.0548968,51.4609602],[7.0550882,51.46082],[7.0552824,51.4606951],[7.0555319,51.4605015],[7.0559109,51.4602316],[7.055896,51.4600107],[7.0561472,51.4589768],[7.0565035,51.4589546],[7.0565711,51.4586889],[7.0565349,51.4585302],[7.0559198,51.4585827],[7.0552316,51.4586725],[7.0552387,51.4584905],[7.0551401,51.4579619],[7.0564757,51.4578107],[7.0565904,51.4577137],[7.0566977,51.4576507],[7.0566931,51.4576169],[7.0564163,51.4575615],[7.0562147,51.457444],[7.0562179,51.4573615],[7.0561936,51.4572423],[7.0558025,51.4571545],[7.0535806,51.4573296],[7.0538166,51.4542811],[7.0543342,51.4542449],[7.0546549,51.454238],[7.0547021,51.4542691],[7.0549205,51.4542137],[7.0558467,51.4540843],[7.0557801,51.4537774],[7.0557783,51.4536538],[7.055756,51.4535548],[7.0558474,51.4535513],[7.0559372,51.4535393],[7.0560241,51.4534966],[7.0561442,51.4534504],[7.0564644,51.4533686],[7.0567893,51.4532743],[7.0572175,51.4532125],[7.0576154,51.4531965],[7.0576265,51.4529925],[7.058584,51.4529376],[7.059008,51.4527999],[7.0609319,51.4532809],[7.066637,51.4526989],[7.0693396,51.4521848],[7.0699214,51.4520434],[7.0707149,51.4518304],[7.0711655,51.4520765],[7.0719192,51.4518182],[7.072513,51.4516602],[7.0723851,51.451839],[7.0723522,51.4518292],[7.0722284,51.452196],[7.072363,51.4530305],[7.0733602,51.453628],[7.072589,51.4541161],[7.0733457,51.4546328],[7.0737669,51.4554401],[7.074768,51.4572045],[7.0778279,51.4574221],[7.0799815,51.457167],[7.0799957,51.4565565],[7.0802603,51.4565571],[7.0802698,51.4565663],[7.080823,51.4562244],[7.0813552,51.4565507],[7.0815425,51.4566204],[7.0818102,51.4565495],[7.0822185,51.4568674],[7.0817912,51.4572658],[7.0819197,51.4574143],[7.0820309,51.4574496],[7.0821965,51.4575563],[7.0828255,51.4581666],[7.0835573,51.4596484],[7.0846239,51.4603068],[7.0843581,51.4604852],[7.0844334,51.4606017],[7.0843665,51.4606466],[7.0842621,51.4607283],[7.0838611,51.4610701],[7.083855,51.4610804],[7.083855,51.4610885],[7.0838599,51.4610948],[7.0838747,51.4611029],[7.0830502,51.4608658],[7.0820748,51.4605792],[7.0814581,51.4608185],[7.0815478,51.4608257],[7.0820427,51.4609498],[7.0832453,51.4613961],[7.0832594,51.4614315],[7.0834041,51.4614606],[7.084858,51.461978],[7.0858603,51.4623727],[7.0865652,51.462643],[7.0868438,51.4627646],[7.0869743,51.4628252],[7.0876891,51.4630682],[7.0893591,51.4636871],[7.0893799,51.4636658],[7.0909323,51.4642634],[7.0910685,51.4643121],[7.0911048,51.4642922],[7.0914364,51.4644146],[7.091394,51.4644411],[7.09346,51.4652139],[7.0922141,51.466404],[7.0907812,51.4686099],[7.0910839,51.4686997],[7.0910647,51.4687487],[7.0910706,51.4687503],[7.0907217,51.469106],[7.0906698,51.4691431],[7.0905413,51.4691814],[7.0902004,51.4690215],[7.0902248,51.4690097],[7.0885184,51.4685],[7.0884639,51.4685734],[7.088483,51.4685641],[7.0885053,51.4685598],[7.0885212,51.4685581],[7.0885353,51.4685593],[7.0889842,51.4686888],[7.0889733,51.4687206],[7.0886755,51.4695561],[7.0885232,51.469781],[7.0884647,51.4697691],[7.0884405,51.4698039],[7.0879299,51.4705129],[7.0874541,51.4707575],[7.0871924,51.4710446],[7.0870819,51.4711466],[7.087052,51.4711642],[7.0864537,51.4709221],[7.0857821,51.4714627],[7.086293,51.4716842],[7.0863211,51.4717057],[7.0864119,51.4717499],[7.0869269,51.4719751],[7.0868987,51.4719967],[7.0885465,51.4727461],[7.0886075,51.4727249],[7.0886395,51.4727397],[7.0887056,51.4727818],[7.0887324,51.4727658],[7.088779,51.4728065],[7.0909281,51.4737174],[7.0911531,51.4738227],[7.0915007,51.4739731],[7.0920988,51.4742335],[7.0927832,51.4745304],[7.0938514,51.4749673],[7.0952266,51.4755653],[7.0957974,51.4758307],[7.0978125,51.4770134],[7.1018552,51.4808338],[7.1016313,51.4809082],[7.1013339,51.4810458],[7.1005244,51.4814191],[7.0985777,51.4823898],[7.0983274,51.4825171],[7.0982201,51.4825802],[7.0980572,51.4826818],[7.0980353,51.4827079],[7.0979965,51.4827506],[7.0978421,51.4826532],[7.0977587,51.4825952],[7.0976235,51.4825216],[7.0974335,51.4825998],[7.0972629,51.4826194],[7.0964146,51.4825735],[7.0957178,51.4825264],[7.0943291,51.4824468],[7.0938631,51.482445],[7.093401,51.4824286],[7.0928361,51.4822944],[7.0925312,51.4827031],[7.0924225,51.4828397],[7.0923274,51.4828796],[7.0920633,51.4828301],[7.0903044,51.4824897],[7.0902601,51.4824345],[7.0898208,51.482957],[7.0894231,51.4833759],[7.0891165,51.4834328],[7.0890494,51.483448],[7.0886673,51.4835197],[7.0872789,51.4837492],[7.0867679,51.4838338],[7.0863273,51.4838601],[7.0862163,51.4838671],[7.0859786,51.4839171],[7.0857786,51.4839615],[7.0849081,51.4841407],[7.0848371,51.4841556],[7.0847257,51.4841526],[7.0846703,51.4841463],[7.0836508,51.4840408],[7.083567,51.4832899],[7.083533,51.483295],[7.083447,51.4831307],[7.0829985,51.4830924],[7.0822566,51.4832245],[7.0822454,51.4832279],[7.0822093,51.4832076],[7.0820993,51.4831504],[7.081996,51.4830945],[7.0809614,51.4830424],[7.0808658,51.4830379],[7.0807713,51.4830344],[7.0806643,51.4830299],[7.0805688,51.4830255],[7.0804756,51.4830223],[7.0803656,51.4830172],[7.0802724,51.4830131],[7.0801797,51.4830092],[7.0800261,51.4830008],[7.0798417,51.4829927],[7.0797279,51.4829883],[7.0796052,51.4829821],[7.0794824,51.4829774],[7.0793253,51.4829758],[7.079224,51.4829787],[7.0791462,51.4829825],[7.0788869,51.4829986],[7.0788874,51.4830094],[7.0788139,51.4830134],[7.0787469,51.4830163],[7.0786467,51.4830225],[7.0785668,51.4830257],[7.0785648,51.4830148],[7.0778989,51.4830524],[7.0778979,51.4830607],[7.077661,51.4830448],[7.0753454,51.4828941],[7.0739935,51.4828048],[7.0739613,51.4829579],[7.0738616,51.4834418],[7.0738484,51.483453],[7.0737711,51.4834332],[7.0736966,51.4834082],[7.0735957,51.4833614],[7.0727824,51.4828644],[7.0731941,51.4818534],[7.0732011,51.4818361],[7.0735028,51.4810951],[7.0733134,51.481073],[7.0719758,51.4805188],[7.0720715,51.4804065],[7.0728221,51.4798571],[7.0730237,51.47972],[7.0733215,51.4795404],[7.0736165,51.4793725],[7.0740907,51.4791281],[7.0749563,51.4787411],[7.0753318,51.4786024],[7.0757153,51.4784721],[7.0761541,51.4783516],[7.0761112,51.4781198],[7.0757819,51.4781339],[7.0757965,51.4777404],[7.0756328,51.477256],[7.0756463,51.477039],[7.075716,51.4768433],[7.0758099,51.4766796],[7.0758957,51.4766763],[7.0760429,51.4761973],[7.0758479,51.4761484],[7.0761249,51.4757751],[7.0739024,51.4751287],[7.0748118,51.4736565],[7.0734511,51.4733652],[7.0719849,51.4730287],[7.0682424,51.4730902],[7.0684937,51.471779],[7.0669495,51.4717273],[7.0652379,51.4717662],[7.0652004,51.4715405],[7.063148,51.47124],[7.0631883,51.4709205],[7.0624821,51.4708477],[7.0617771,51.4725289],[7.0605027,51.4723966],[7.0598155,51.4720386],[7.0595723,51.4711581]]]]}},{"type":"Feature","properties":{"id":"Kupferdreh","quelle":"OpenStreetMap (ODbL), boundary=administrative admin_level=10","stand":"2026-09-25"},"geometry":{"type":"MultiPolygon","coordinates":[[[[7.0822591,51.4031574],[7.0819293,51.4010555],[7.0808486,51.3994293],[7.0771286,51.3957405],[7.0761318,51.3944862],[7.074563,51.3923092],[7.0739823,51.3883354],[7.0726449,51.3873555],[7.0713023,51.3869834],[7.0691102,51.3868021],[7.0669733,51.3869524],[7.0670395,51.3838015],[7.0640447,51.382421],[7.0640693,51.3810096],[7.0614085,51.3774543],[7.0599107,51.375467],[7.0534984,51.3726115],[7.0523924,51.3725136],[7.0519721,51.3728274],[7.0498049,51.3716751],[7.0488407,51.3718706],[7.0466745,51.3718558],[7.0443513,51.3696205],[7.0441266,51.3695692],[7.044057,51.3695709],[7.0440178,51.3695506],[7.04399,51.369488],[7.0438381,51.3694187],[7.0441319,51.3683294],[7.0443695,51.3683699],[7.044392,51.3682126],[7.0443888,51.3681434],[7.0444155,51.3680868],[7.044425,51.3679977],[7.0443995,51.3679848],[7.0444958,51.3676091],[7.044535,51.3672731],[7.0444908,51.3672492],[7.0445698,51.3666962],[7.0446201,51.3666271],[7.0446778,51.3664051],[7.04471,51.3663102],[7.044712,51.366257],[7.044775,51.3662281],[7.0448615,51.3661159],[7.0449789,51.3659233],[7.0450211,51.3658342],[7.0450238,51.3657802],[7.0451095,51.3656473],[7.0451526,51.3656125],[7.0451854,51.3655574],[7.0453772,51.3654235],[7.0455572,51.3653421],[7.0457654,51.3652238],[7.0458759,51.3651166],[7.04592,51.3650957],[7.0462984,51.3650497],[7.0475712,51.3645478],[7.0479355,51.3642312],[7.0483537,51.3638278],[7.0483848,51.3635752],[7.0482224,51.3632437],[7.0482451,51.3631911],[7.0483424,51.3630869],[7.0484584,51.3628662],[7.0486419,51.3626299],[7.0487568,51.3625417],[7.0489295,51.3624514],[7.0492523,51.3623621],[7.0493607,51.3623734],[7.0497696,51.3622349],[7.0500127,51.3621687],[7.0503011,51.3621163],[7.0504754,51.3620703],[7.051046,51.3622185],[7.0510385,51.3622693],[7.0519005,51.3624222],[7.0520767,51.3623977],[7.0522396,51.3624061],[7.0524651,51.3624006],[7.0526171,51.3623784],[7.0538376,51.3623416],[7.0541133,51.3623206],[7.0542694,51.3623069],[7.0544535,51.36228],[7.0546221,51.3622801],[7.0548467,51.3622997],[7.0554254,51.3624291],[7.0557233,51.3624649],[7.0560413,51.362572],[7.0559501,51.3626311],[7.0558921,51.36272],[7.0558569,51.3628828],[7.0558388,51.3629313],[7.0559024,51.3630392],[7.0559544,51.3631049],[7.0560953,51.3631723],[7.0562743,51.3632321],[7.0567156,51.3633293],[7.0571759,51.3634105],[7.0577905,51.3634947],[7.0579004,51.3635215],[7.0581049,51.3635983],[7.0583593,51.3637397],[7.0588203,51.3640998],[7.0592323,51.3644456],[7.0597419,51.3648614],[7.0602353,51.3652445],[7.0619804,51.366467],[7.0621613,51.3665914],[7.0624706,51.3668114],[7.0626379,51.3669325],[7.062825,51.3670815],[7.0628813,51.3671378],[7.0629219,51.3672066],[7.0631817,51.367152],[7.0647902,51.3678224],[7.0650385,51.3678688],[7.0651657,51.3678994],[7.0654049,51.3679866],[7.0655254,51.3680312],[7.0656756,51.3680695],[7.0659718,51.368403],[7.0661398,51.3683098],[7.0662979,51.3682131],[7.0663682,51.3681283],[7.0663567,51.3680827],[7.0664647,51.3680314],[7.0666243,51.3679851],[7.0666654,51.3679331],[7.0698301,51.3705083],[7.0707742,51.370748],[7.0711824,51.3709237],[7.07185,51.371269],[7.0719798,51.3713252],[7.0722007,51.3714248],[7.0728557,51.3717125],[7.073645,51.3720114],[7.0744566,51.3723106],[7.0745305,51.3726213],[7.0749251,51.3727406],[7.0753603,51.3728543],[7.0758313,51.3729683],[7.0767445,51.3731887],[7.077151,51.3733604],[7.0777547,51.3737252],[7.0780576,51.373852],[7.0787016,51.3741735],[7.0791115,51.3743907],[7.0791288,51.3743765],[7.079513,51.3744872],[7.0795885,51.3745129],[7.0796729,51.37443],[7.079718,51.3743665],[7.0799146,51.3742326],[7.0799998,51.3741681],[7.080023,51.374122],[7.0800266,51.374086],[7.0800454,51.3740586],[7.080151,51.3740115],[7.0801497,51.3739443],[7.0801839,51.3738903],[7.0802466,51.3738405],[7.0802826,51.3737954],[7.0802989,51.3738034],[7.0803219,51.3737902],[7.0806187,51.3735511],[7.0809392,51.3732948],[7.081108,51.3731309],[7.0811909,51.3730467],[7.0813097,51.3729057],[7.0812638,51.3728928],[7.0813211,51.3728294],[7.0813931,51.3728154],[7.0814304,51.3728212],[7.0814753,51.3728089],[7.0814864,51.372741],[7.0814951,51.3727039],[7.0814306,51.3726728],[7.0814257,51.3726354],[7.0813885,51.3725742],[7.0813578,51.3724165],[7.0812435,51.372296],[7.0812387,51.3722434],[7.081132,51.3721623],[7.0810093,51.3720885],[7.0809823,51.372087],[7.0809741,51.3720901],[7.0809616,51.3720869],[7.0809758,51.3720399],[7.0809452,51.3719986],[7.0809365,51.3718733],[7.0808953,51.3718151],[7.0808818,51.3717756],[7.0808986,51.3717272],[7.0808784,51.37169],[7.0808839,51.3716592],[7.0809252,51.3716232],[7.0809332,51.3716003],[7.0808789,51.3715564],[7.0808685,51.3714729],[7.0808174,51.3714073],[7.0808003,51.3713076],[7.0807282,51.371155],[7.0807275,51.3710835],[7.0807775,51.3708926],[7.0807696,51.3708875],[7.0807274,51.3707648],[7.0807254,51.3707288],[7.0807384,51.370696],[7.0807635,51.3706615],[7.0808923,51.3705449],[7.0810307,51.3704497],[7.0811074,51.3703731],[7.0811649,51.3703253],[7.0813117,51.3702431],[7.0815031,51.3701364],[7.0815623,51.370091],[7.0816473,51.3700411],[7.081937,51.3701068],[7.0824646,51.3703877],[7.0826199,51.3704832],[7.0829326,51.370705],[7.0838616,51.371168],[7.0842142,51.3712976],[7.08433,51.3712463],[7.0855081,51.3710263],[7.0860515,51.3709769],[7.0863298,51.3710268],[7.0864137,51.3710517],[7.0865002,51.3711096],[7.0868371,51.3714759],[7.0871069,51.3716039],[7.0875744,51.3717456],[7.0880749,51.3718528],[7.0881618,51.3716749],[7.0882145,51.3715326],[7.0881779,51.3712552],[7.0881827,51.37111],[7.0882694,51.3711178],[7.0887455,51.3703731],[7.0887979,51.370193],[7.088765,51.369822],[7.0888035,51.3696815],[7.08893,51.3695496],[7.0894979,51.3691644],[7.0902083,51.3687402],[7.0903265,51.3686336],[7.0914258,51.3689201],[7.091847,51.3692097],[7.091926,51.3692787],[7.0924697,51.3697663],[7.0926293,51.3694479],[7.0943756,51.3700078],[7.0946393,51.370048],[7.0953008,51.3699544],[7.0957608,51.3698844],[7.0959858,51.3700668],[7.0964177,51.3704157],[7.0966597,51.3705568],[7.0967699,51.370594],[7.0974131,51.3706436],[7.0980046,51.3701419],[7.098495,51.3702636],[7.0990177,51.3703549],[7.0995368,51.3706059],[7.0993466,51.3707931],[7.0995859,51.3708724],[7.0994072,51.3710372],[7.0991347,51.3711744],[7.0989511,51.3712978],[7.099189,51.371455],[7.0994625,51.3716351],[7.0998317,51.3715679],[7.1001098,51.3715625],[7.0998218,51.3716469],[7.0997448,51.3721339],[7.1001822,51.3723361],[7.0999008,51.372473],[7.0995491,51.3725693],[7.0993403,51.3726153],[7.0992085,51.3725402],[7.0988361,51.3725124],[7.0985527,51.3726707],[7.0989205,51.373172],[7.0991943,51.3732857],[7.0993564,51.3735733],[7.0994069,51.3735033],[7.1002657,51.3731506],[7.1004047,51.3730031],[7.1008318,51.372652],[7.1011269,51.3727678],[7.1013743,51.3729206],[7.1014006,51.3732242],[7.1014005,51.3732733],[7.101379,51.3733396],[7.1014093,51.3733912],[7.1013316,51.3737172],[7.1011826,51.3739813],[7.1011862,51.3740929],[7.1013173,51.3743264],[7.1014664,51.3745287],[7.1018458,51.3749349],[7.1025973,51.3749788],[7.1028631,51.3750311],[7.1028851,51.3752509],[7.1029478,51.3755294],[7.10293,51.3758877],[7.1029465,51.3759312],[7.1041246,51.3758328],[7.1043392,51.3760613],[7.1045169,51.3762864],[7.1047689,51.3765824],[7.1058457,51.3769371],[7.1072018,51.3770916],[7.1074556,51.3770863],[7.1082994,51.3769329],[7.1083139,51.3768611],[7.1085171,51.376941],[7.1085533,51.3768923],[7.1096067,51.3772017],[7.1102183,51.3774253],[7.1118279,51.377993],[7.1119644,51.3779468],[7.1120006,51.3778032],[7.1122131,51.3774287],[7.1121014,51.377026],[7.1122647,51.37662],[7.1121706,51.3763973],[7.1121572,51.3762631],[7.1120901,51.3761008],[7.1121317,51.3759058],[7.1121521,51.3759001],[7.1122441,51.3759139],[7.1122997,51.3759392],[7.1124298,51.3760482],[7.1126554,51.376033],[7.1129197,51.3759778],[7.1131853,51.3758942],[7.1133258,51.376084],[7.1133951,51.3761727],[7.113903,51.3765545],[7.1139924,51.3766669],[7.1146687,51.3764029],[7.1149035,51.3766489],[7.1151138,51.376633],[7.1154147,51.3765161],[7.1158075,51.376153],[7.115923,51.376016],[7.1159584,51.3759441],[7.1159502,51.3756655],[7.1164782,51.3757631],[7.116519,51.3757831],[7.1167808,51.376099],[7.1170659,51.3764409],[7.1177555,51.3774025],[7.1181174,51.3774946],[7.1183861,51.3775681],[7.1189388,51.3777898],[7.1195088,51.3779988],[7.1194118,51.3781817],[7.118996,51.3784888],[7.118403,51.3784013],[7.1175858,51.3783614],[7.1157924,51.3777432],[7.1154734,51.3781639],[7.1162187,51.3786846],[7.1170449,51.3788816],[7.1170506,51.3796569],[7.1172849,51.3797273],[7.1175404,51.379769],[7.117812,51.3797986],[7.1182247,51.3798097],[7.1187226,51.3797907],[7.1184975,51.3800676],[7.1182645,51.380195],[7.1178935,51.3802963],[7.1175143,51.3803508],[7.1171218,51.3804731],[7.1170432,51.3805379],[7.1171159,51.3806947],[7.1171098,51.3808281],[7.1170557,51.381085],[7.1172845,51.3811358],[7.1173544,51.381123],[7.1175392,51.3814947],[7.1176366,51.3817129],[7.1178548,51.3819199],[7.1178865,51.3819904],[7.117886,51.3820559],[7.1178565,51.3821685],[7.1177648,51.3822628],[7.1175346,51.3824706],[7.1173978,51.3825678],[7.117309,51.3825963],[7.1172802,51.3826627],[7.1173623,51.3826364],[7.1173198,51.3828655],[7.1169573,51.3829988],[7.1165704,51.3831289],[7.1161252,51.3832629],[7.1156893,51.3833805],[7.1148227,51.3835464],[7.1113221,51.3839003],[7.1081726,51.3834376],[7.1020614,51.382708],[7.1014949,51.3843166],[7.1003861,51.3856458],[7.1003545,51.3867135],[7.099373,51.3871642],[7.0992613,51.3878612],[7.098121,51.3888306],[7.0985168,51.3893863],[7.0973367,51.3904565],[7.1035424,51.3933923],[7.1031708,51.3936683],[7.1042833,51.3944203],[7.1029809,51.3958137],[7.1020313,51.395558],[7.1009484,51.3957487],[7.1006619,51.3960613],[7.1010021,51.3965429],[7.099868,51.3972172],[7.0986344,51.3975876],[7.0993445,51.3978001],[7.0985353,51.3980603],[7.0977684,51.3982014],[7.0970828,51.3979523],[7.0961039,51.3977759],[7.0958214,51.3980912],[7.0932608,51.3979675],[7.091738,51.3987592],[7.090911,51.4002893],[7.0903173,51.4003731],[7.0898879,51.4008518],[7.0892685,51.4011411],[7.086797,51.4007925],[7.0852613,51.400806],[7.0852042,51.4014655],[7.0846711,51.4023501],[7.0835822,51.4024546],[7.08294,51.4031737],[7.0822591,51.4031574]]]]}},{"type":"Feature","properties":{"id":"Leithe","quelle":"OpenStreetMap (ODbL), boundary=administrative admin_level=10","stand":"2026-09-25"},"geometry":{"type":"MultiPolygon","coordinates":[[[[7.080823,51.4562244],[7.0808321,51.4562208],[7.0808196,51.4546624],[7.080552,51.4541928],[7.0803322,51.4530812],[7.0806646,51.4531131],[7.0805537,51.4527298],[7.081353,51.4529482],[7.0825056,51.4530628],[7.08291,51.4528861],[7.0831415,51.4528967],[7.0838226,51.4529279],[7.0852969,51.4534583],[7.0858627,51.4537068],[7.0864113,51.4535581],[7.0864844,51.4533814],[7.0875792,51.4537301],[7.0879252,51.4537845],[7.0880725,51.4537939],[7.0881935,51.4538017],[7.0889116,51.4539099],[7.0890862,51.4539122],[7.0893239,51.4539153],[7.0895686,51.4539185],[7.0896594,51.4538996],[7.0896969,51.4540701],[7.0897008,51.4540881],[7.0898111,51.4540959],[7.0900058,51.4541097],[7.090221,51.4541368],[7.0907773,51.4542492],[7.0913167,51.4541914],[7.0915924,51.4542258],[7.0924314,51.4544041],[7.0924145,51.4544722],[7.0941972,51.4546537],[7.0950337,51.4547606],[7.0960736,51.454807],[7.0976092,51.4553111],[7.0988041,51.4554134],[7.0990101,51.4553893],[7.0991434,51.455293],[7.0997649,51.4546825],[7.100487,51.4542516],[7.1007672,51.4545332],[7.1003564,51.4548127],[7.1007743,51.4550634],[7.1002495,51.4556955],[7.1005069,51.4557501],[7.1006589,51.4557993],[7.1010594,51.4560292],[7.1014536,51.4562875],[7.1025303,51.457369],[7.1027009,51.4574823],[7.1038655,51.4587346],[7.1043278,51.4592183],[7.1042751,51.4592696],[7.1043188,51.4594768],[7.1043747,51.4595691],[7.1045816,51.4597827],[7.1045776,51.4598142],[7.1046973,51.4600864],[7.1049352,51.4604814],[7.10507,51.4604302],[7.1054087,51.4602511],[7.1055374,51.4603411],[7.1061622,51.4606301],[7.1069122,51.4609269],[7.1083617,51.4613497],[7.1083499,51.4614251],[7.1083265,51.4615415],[7.1083755,51.4616555],[7.1084701,51.4617778],[7.1085226,51.4619022],[7.1084519,51.462047],[7.1082731,51.4624278],[7.1087817,51.4626048],[7.1088383,51.4626915],[7.109029,51.4628101],[7.1092117,51.4629121],[7.1094485,51.4630291],[7.1096236,51.4631818],[7.1098294,51.4632697],[7.1100103,51.4633461],[7.1101365,51.4633991],[7.1102728,51.4634428],[7.1104294,51.463488],[7.1105086,51.4634963],[7.1105765,51.4634951],[7.110569,51.4635011],[7.1106673,51.463531],[7.1107672,51.4635381],[7.1108399,51.4636161],[7.110903,51.4636646],[7.1110556,51.4637731],[7.111248,51.4638584],[7.1115252,51.4638381],[7.1116052,51.4638064],[7.1118595,51.4638312],[7.1120503,51.4638494],[7.1121493,51.4639376],[7.1123339,51.4639946],[7.112338,51.464076],[7.1124237,51.464157],[7.1125726,51.4642243],[7.1127054,51.464338],[7.1129589,51.464499],[7.113083,51.4645374],[7.1132268,51.4645812],[7.1132756,51.464676],[7.1133995,51.464966],[7.1134785,51.465062],[7.1136655,51.4653099],[7.1137255,51.4653669],[7.1138685,51.4655039],[7.1139225,51.4656639],[7.1135815,51.4658969],[7.1135005,51.4661108],[7.1134685,51.4661988],[7.1134615,51.4664308],[7.1135375,51.4666408],[7.1136455,51.4669497],[7.1137175,51.4671557],[7.1137445,51.4672517],[7.1137575,51.4673847],[7.1137745,51.4674767],[7.1137695,51.4675717],[7.1137885,51.4677167],[7.1138115,51.4678086],[7.1136755,51.4684906],[7.1135815,51.4689525],[7.1136445,51.4690405],[7.1136135,51.4691125],[7.1135315,51.4693145],[7.1134405,51.4694635],[7.1134405,51.4695784],[7.1134165,51.4696734],[7.1135475,51.4697194],[7.1137661,51.4700525],[7.1138605,51.4701964],[7.1139045,51.4702644],[7.1139385,51.4706123],[7.1139035,51.4708223],[7.1138166,51.4714005],[7.1138019,51.4715238],[7.1137845,51.4716042],[7.1137705,51.4717142],[7.1137507,51.4718537],[7.113972,51.4719041],[7.1140763,51.4719046],[7.1140724,51.4719365],[7.1140677,51.4719684],[7.1140572,51.4720106],[7.1139749,51.4721079],[7.1137596,51.4722363],[7.1135991,51.4723003],[7.1134899,51.4723731],[7.11338,51.4724337],[7.1133254,51.4725547],[7.1133905,51.4726334],[7.1132217,51.4729036],[7.1130979,51.4730421],[7.1131414,51.4731335],[7.1129418,51.4732079],[7.11285,51.4732969],[7.1126658,51.4733697],[7.1126035,51.4734542],[7.112532,51.4734819],[7.1124238,51.4734645],[7.1123026,51.473558],[7.112077,51.4734964],[7.1116526,51.4735585],[7.1115147,51.473667],[7.1114132,51.4738592],[7.111298,51.4739636],[7.1111575,51.4740595],[7.111088,51.474081],[7.1108476,51.4742768],[7.1108155,51.4743553],[7.1106598,51.4744118],[7.1104656,51.4744041],[7.1101256,51.4747091],[7.109737,51.4747848],[7.1095154,51.4750425],[7.1093289,51.4751049],[7.1092158,51.4750801],[7.1092173,51.4751695],[7.1090051,51.4752952],[7.1086731,51.4754187],[7.1085332,51.4755423],[7.1085461,51.4757136],[7.1086512,51.4758389],[7.1086438,51.475912],[7.108611,51.4760392],[7.1087022,51.476043],[7.1087157,51.4760709],[7.1087095,51.4760782],[7.108617,51.4760941],[7.1085459,51.4760966],[7.1084969,51.4760782],[7.1083019,51.4761837],[7.1082533,51.4762317],[7.1082019,51.476338],[7.1081526,51.476409],[7.1081878,51.4764303],[7.108169,51.4764917],[7.1081295,51.4765792],[7.1080229,51.4766554],[7.1079491,51.476692],[7.107874,51.4767001],[7.107782,51.4766985],[7.1077748,51.4768626],[7.1077531,51.476878],[7.1077065,51.4768808],[7.1075295,51.4768343],[7.107534,51.4768413],[7.1074817,51.4768505],[7.1074717,51.4768404],[7.1073733,51.4768781],[7.1073215,51.4768709],[7.1073027,51.4768663],[7.1071974,51.4768939],[7.1071801,51.4769033],[7.1071076,51.4769916],[7.1070613,51.4770355],[7.1070633,51.4770752],[7.1070331,51.4770877],[7.1069627,51.4770806],[7.106946,51.4770852],[7.1069333,51.4770926],[7.1069152,51.4771449],[7.1069507,51.4772017],[7.1070184,51.477274],[7.1069728,51.4773145],[7.1068608,51.4774464],[7.1068072,51.4774585],[7.1067628,51.4774616],[7.1066533,51.4774821],[7.1065612,51.4775099],[7.106551,51.4775166],[7.1064901,51.4775634],[7.1063579,51.4775807],[7.1062553,51.4776087],[7.1061505,51.477649],[7.1061139,51.477761],[7.1060722,51.4777906],[7.1060732,51.4778171],[7.1059933,51.4778759],[7.1059877,51.4779406],[7.1059301,51.4780077],[7.1059254,51.4780332],[7.1058577,51.4781055],[7.1058241,51.4781243],[7.1057745,51.4781272],[7.1055883,51.4780754],[7.105521,51.4780978],[7.1054989,51.4781234],[7.1055499,51.478212],[7.1055871,51.4782348],[7.105737,51.4783727],[7.1057302,51.478402],[7.1056739,51.4784091],[7.1056216,51.4784533],[7.105598,51.4785059],[7.1056478,51.4785632],[7.1056632,51.4785945],[7.105623,51.478653],[7.1055659,51.4786777],[7.1054524,51.478802],[7.1052892,51.4790128],[7.1051563,51.4790973],[7.1051482,51.4791431],[7.1051442,51.4792177],[7.1051196,51.4792301],[7.1049915,51.4792595],[7.1048639,51.4793571],[7.1047217,51.4794148],[7.1047206,51.4794138],[7.1046199,51.4794748],[7.104426,51.4797052],[7.1042996,51.479926],[7.1042273,51.4799976],[7.1042461,51.4800054],[7.1040247,51.480199],[7.1038657,51.4802769],[7.10373,51.4803783],[7.10366,51.4804114],[7.1035046,51.4804528],[7.1033484,51.4804502],[7.1032264,51.4804391],[7.10321,51.480466],[7.1029437,51.4804466],[7.1029092,51.4804896],[7.1028791,51.480489],[7.1027554,51.4806484],[7.1024546,51.4806729],[7.1023947,51.4807959],[7.1023111,51.4808769],[7.1022156,51.4809137],[7.1020817,51.4809374],[7.1020642,51.4808702],[7.1019512,51.4808012],[7.1018552,51.4808338],[7.0978125,51.4770134],[7.0957974,51.4758307],[7.0952266,51.4755653],[7.0938514,51.4749673],[7.0927832,51.4745304],[7.0920988,51.4742335],[7.0915007,51.4739731],[7.0911531,51.4738227],[7.0909281,51.4737174],[7.088779,51.4728065],[7.0887324,51.4727658],[7.0887056,51.4727818],[7.0886395,51.4727397],[7.0886075,51.4727249],[7.0885465,51.4727461],[7.0868987,51.4719967],[7.0869269,51.4719751],[7.0864119,51.4717499],[7.0863211,51.4717057],[7.086293,51.4716842],[7.0857821,51.4714627],[7.0864537,51.4709221],[7.087052,51.4711642],[7.0870819,51.4711466],[7.0871924,51.4710446],[7.0874541,51.4707575],[7.0879299,51.4705129],[7.0884405,51.4698039],[7.0884647,51.4697691],[7.0885232,51.469781],[7.0886755,51.4695561],[7.0889733,51.4687206],[7.0889842,51.4686888],[7.0885353,51.4685593],[7.0885212,51.4685581],[7.0885053,51.4685598],[7.088483,51.4685641],[7.0884639,51.4685734],[7.0885184,51.4685],[7.0902248,51.4690097],[7.0902004,51.4690215],[7.0905413,51.4691814],[7.0906698,51.4691431],[7.0907217,51.469106],[7.0910706,51.4687503],[7.0910647,51.4687487],[7.0910839,51.4686997],[7.0907812,51.4686099],[7.0922141,51.466404],[7.09346,51.4652139],[7.091394,51.4644411],[7.0914364,51.4644146],[7.0911048,51.4642922],[7.0910685,51.4643121],[7.0909323,51.4642634],[7.0893799,51.4636658],[7.0893591,51.4636871],[7.0876891,51.4630682],[7.0869743,51.4628252],[7.0868438,51.4627646],[7.0865652,51.462643],[7.0858603,51.4623727],[7.084858,51.461978],[7.0834041,51.4614606],[7.0832594,51.4614315],[7.0832453,51.4613961],[7.0820427,51.4609498],[7.0815478,51.4608257],[7.0814581,51.4608185],[7.0820748,51.4605792],[7.0830502,51.4608658],[7.0838747,51.4611029],[7.0838599,51.4610948],[7.083855,51.4610885],[7.083855,51.4610804],[7.0838611,51.4610701],[7.0842621,51.4607283],[7.0843665,51.4606466],[7.0844334,51.4606017],[7.0843581,51.4604852],[7.0846239,51.4603068],[7.0835573,51.4596484],[7.0828255,51.4581666],[7.0821965,51.4575563],[7.0820309,51.4574496],[7.0819197,51.4574143],[7.0817912,51.4572658],[7.0822185,51.4568674],[7.0818102,51.4565495],[7.0815425,51.4566204],[7.0813552,51.4565507],[7.080823,51.4562244]]]]}},{"type":"Feature","properties":{"id":"Margaretenhöhe","quelle":"OpenStreetMap (ODbL), boundary=administrative admin_level=10","stand":"2026-09-25"},"geometry":{"type":"MultiPolygon","coordinates":[[[[6.9722222,51.4370397],[6.9720279,51.4369625],[6.9719905,51.4369155],[6.9721149,51.4367674],[6.9721277,51.4367663],[6.9718405,51.4363992],[6.9717294,51.4362175],[6.971596,51.4360541],[6.9715627,51.4359254],[6.9714902,51.4358232],[6.9712177,51.4356424],[6.9711159,51.435545],[6.9707755,51.4355447],[6.970693,51.4354917],[6.9705944,51.4354039],[6.9704238,51.4352253],[6.970345,51.435034],[6.9703519,51.4349662],[6.9703829,51.4348925],[6.9702487,51.4347544],[6.9701718,51.434635],[6.9701259,51.4346167],[6.9700776,51.4345299],[6.9700174,51.4344961],[6.9700109,51.4343951],[6.9700554,51.4343438],[6.9699834,51.4342452],[6.9699311,51.4341326],[6.9699703,51.4340716],[6.9699815,51.4339758],[6.9698972,51.4337571],[6.9698361,51.4336982],[6.9698174,51.4336374],[6.9698317,51.4334831],[6.9697108,51.4332418],[6.9696985,51.4331331],[6.9696397,51.4330777],[6.9695992,51.4329962],[6.9696672,51.4329024],[6.9696737,51.4327901],[6.9697887,51.432632],[6.9697978,51.4325334],[6.9698583,51.4323885],[6.9698201,51.4322792],[6.9697406,51.4321408],[6.9698449,51.4319875],[6.9699403,51.4319126],[6.9699703,51.4317895],[6.9700827,51.4317863],[6.970216,51.4318221],[6.9702777,51.4317089],[6.9703327,51.4316568],[6.9703339,51.4316232],[6.9701791,51.4314915],[6.9701355,51.4313551],[6.9701265,51.4311734],[6.9700255,51.4304192],[6.9700498,51.4303713],[6.9700229,51.4302747],[6.9700562,51.4301295],[6.9700408,51.429875],[6.9700575,51.4297848],[6.9699781,51.4297337],[6.9699873,51.4297015],[6.9698732,51.4296204],[6.9698208,51.4295523],[6.9698553,51.4294457],[6.9699231,51.4293803],[6.9699013,51.4292773],[6.9699743,51.4292462],[6.969973,51.429093],[6.97006,51.4290507],[6.9699909,51.4289669],[6.9700076,51.4289247],[6.9699645,51.4289002],[6.9699743,51.4288911],[6.9701227,51.4288895],[6.9702098,51.4288672],[6.9702488,51.4287578],[6.9703972,51.4287866],[6.9704767,51.4287714],[6.9705504,51.4287819],[6.9707163,51.4288143],[6.9708714,51.4286526],[6.9709648,51.4285528],[6.971034,51.4284595],[6.9711298,51.4282656],[6.9712349,51.4279959],[6.9714086,51.4274322],[6.9714999,51.4270661],[6.9714665,51.4269059],[6.9714191,51.4267606],[6.971136,51.4261746],[6.9710774,51.4259661],[6.9710404,51.4256147],[6.9710698,51.4255373],[6.9712285,51.4253067],[6.9711741,51.4252857],[6.9713014,51.4251719],[6.972036,51.4247058],[6.972164,51.424618],[6.9722664,51.4245223],[6.9723381,51.42441],[6.9726606,51.4235854],[6.9738788,51.4216281],[6.9743791,51.4200189],[6.9764444,51.4197542],[6.9773067,51.4184307],[6.9764203,51.4178245],[6.9777051,51.4175663],[6.9795586,51.4187378],[6.9787959,51.4194309],[6.9816378,51.4208572],[6.9825285,51.4213426],[6.9824947,51.4213713],[6.9827546,51.4214812],[6.9827885,51.4214567],[6.9828455,51.4214777],[6.9829369,51.4214623],[6.9830215,51.4214779],[6.9842494,51.421965],[6.9855128,51.4223662],[6.9855512,51.4224149],[6.9849428,51.4228616],[6.9806241,51.42612],[6.9816541,51.4275792],[6.9815026,51.4279245],[6.9818651,51.4287033],[6.9826039,51.4297107],[6.9830007,51.4301618],[6.9833013,51.4304615],[6.9834345,51.4305457],[6.9836356,51.430637],[6.9837503,51.4306637],[6.9839865,51.4307075],[6.9841653,51.4307512],[6.9843706,51.4308383],[6.9845424,51.4309366],[6.9850556,51.4313438],[6.9850989,51.4313654],[6.9856395,51.4317783],[6.9859139,51.4320127],[6.9866384,51.4321574],[6.9869438,51.4320773],[6.9869911,51.4320594],[6.9870426,51.4321836],[6.9871049,51.4321852],[6.987147,51.4322276],[6.98721,51.4323497],[6.9872209,51.4324089],[6.9872003,51.4324265],[6.9862822,51.4326289],[6.9862395,51.4325909],[6.9853184,51.4328721],[6.9839364,51.4333732],[6.9807861,51.434822],[6.9793957,51.4352615],[6.9755314,51.4363351],[6.9732633,51.4368331],[6.9722222,51.4370397]]]]}},{"type":"Feature","properties":{"id":"Nordviertel","quelle":"OpenStreetMap (ODbL), boundary=administrative admin_level=10","stand":"2026-09-25"},"geometry":{"type":"MultiPolygon","coordinates":[[[[6.9833545,51.4689765],[6.9836677,51.469085],[6.9837083,51.4690802],[6.9836686,51.4690792],[6.983644,51.4690715],[6.983631,51.4690601],[6.9834601,51.4686867],[6.9834021,51.4686661],[6.9832702,51.4684135],[6.9832972,51.4684002],[6.9832946,51.4683592],[6.9833033,51.4683169],[6.9837016,51.4669107],[6.9833412,51.4662038],[6.9833993,51.4661467],[6.9865263,51.4659854],[6.989201,51.4657844],[6.9908004,51.4656012],[6.9958112,51.4648706],[6.9957027,51.4647195],[6.9956777,51.4647232],[6.9956165,51.4646245],[6.9957119,51.4645814],[6.9956376,51.4645259],[6.9959621,51.4644604],[6.9966379,51.4642816],[6.9966554,51.464292],[6.9968981,51.4642281],[6.997357,51.4640579],[6.9976049,51.4639586],[6.9978094,51.4638648],[6.998104,51.4636504],[6.9984022,51.4635789],[6.9985012,51.4635111],[6.9985632,51.4635568],[6.999402,51.463004],[6.9996188,51.462866],[6.9997803,51.4627817],[7.0000198,51.4626701],[7.0002507,51.4625736],[7.0002085,51.4625406],[7.0001217,51.4624789],[7.0007885,51.4622453],[7.0021416,51.4620338],[7.0021911,51.4620039],[7.0022478,51.4619179],[7.0025581,51.4618897],[7.0030455,51.4618181],[7.0032622,51.4617952],[7.0033478,51.4618156],[7.0033063,51.4618782],[7.0035546,51.4618667],[7.0033369,51.4621918],[7.0035091,51.4621828],[7.0035193,51.4621756],[7.0039947,51.4621575],[7.0040871,51.4621741],[7.0055566,51.4624484],[7.0055883,51.4623886],[7.0062495,51.4625019],[7.0065002,51.4625441],[7.007326,51.4626832],[7.0077081,51.4627484],[7.0078924,51.4627273],[7.0090438,51.4629351],[7.0091056,51.4628033],[7.0106358,51.4630861],[7.0106812,51.4631028],[7.0107607,51.4631335],[7.010802,51.4631498],[7.0109463,51.463205],[7.011044,51.4631345],[7.0110886,51.4631166],[7.0111264,51.4631082],[7.0111732,51.4631114],[7.0118489,51.4632494],[7.0125162,51.4634186],[7.013245,51.463466],[7.0133364,51.4634871],[7.0133923,51.4635276],[7.0134134,51.463553],[7.013423,51.4635718],[7.0134305,51.4636019],[7.0134331,51.4634946],[7.0136553,51.4636472],[7.0136634,51.4633124],[7.0136793,51.4626546],[7.0137001,51.4626469],[7.0137353,51.4626506],[7.013745,51.4626442],[7.0141297,51.4626918],[7.0145453,51.4626643],[7.015047,51.4627267],[7.0155399,51.4628099],[7.0160664,51.4629838],[7.0162501,51.4630204],[7.0163053,51.4630466],[7.0163918,51.4630515],[7.016443,51.4630625],[7.0164354,51.4630763],[7.0166734,51.4631228],[7.016651,51.463097],[7.0170135,51.4631603],[7.0175815,51.4632732],[7.0181353,51.4633905],[7.0181532,51.4634381],[7.018575,51.4635258],[7.0185153,51.4636557],[7.0186516,51.4636831],[7.0186281,51.4637349],[7.0187793,51.463763],[7.0188026,51.4637116],[7.0190533,51.4637634],[7.0192834,51.463814],[7.0195317,51.4638807],[7.0200509,51.4639834],[7.0209877,51.4641803],[7.0224368,51.4644664],[7.0224281,51.4644773],[7.0230948,51.4646287],[7.0239297,51.4648202],[7.0245431,51.4650803],[7.0250915,51.4653918],[7.0254045,51.4655528],[7.0257899,51.4656522],[7.0261332,51.4657282],[7.0276057,51.4660736],[7.0284568,51.4662842],[7.0287078,51.4663252],[7.0289936,51.4663972],[7.0292752,51.4664924],[7.029558,51.4666132],[7.0296078,51.466663],[7.0302383,51.4663124],[7.0302707,51.4659429],[7.0305629,51.4659744],[7.0308762,51.4660006],[7.0308725,51.4660263],[7.0309493,51.4660285],[7.0309493,51.4660067],[7.0312544,51.4660293],[7.0315905,51.4660395],[7.0315916,51.4660626],[7.0316538,51.4660646],[7.031657,51.466047],[7.032375,51.4661245],[7.0325922,51.466151],[7.0326816,51.4661673],[7.0329228,51.4661795],[7.0330319,51.4661945],[7.0338267,51.4662299],[7.0341736,51.466358],[7.0332925,51.467244],[7.0331725,51.4673378],[7.0329804,51.4674629],[7.0327749,51.4675324],[7.0326487,51.4676097],[7.032042,51.4680706],[7.0312813,51.4683076],[7.031087,51.4683824],[7.0309544,51.4684054],[7.0300871,51.4687378],[7.0294062,51.4690274],[7.0280634,51.4695458],[7.0276102,51.4697588],[7.0272304,51.46996],[7.0267591,51.4702672],[7.0266515,51.4700419],[7.026639,51.4699626],[7.0265684,51.4700131],[7.0265789,51.47005],[7.0264481,51.4701218],[7.0264102,51.470163],[7.0263431,51.4700998],[7.0262675,51.4700585],[7.0261716,51.4700211],[7.0249522,51.4697049],[7.0246794,51.4696611],[7.0242818,51.4696107],[7.0241862,51.4696152],[7.0236292,51.4695175],[7.0234154,51.469467],[7.0230665,51.4694166],[7.0229732,51.4693985],[7.0229409,51.4693955],[7.0229139,51.4693968],[7.02289,51.4694045],[7.0228276,51.4694441],[7.0227302,51.4695021],[7.0226256,51.4695611],[7.0224555,51.4696466],[7.0222758,51.469727],[7.0221041,51.4697959],[7.0218915,51.4698679],[7.0216918,51.4699274],[7.0215258,51.4699678],[7.021353,51.4700039],[7.0211809,51.4700361],[7.0210027,51.470062],[7.020826,51.4700818],[7.0206393,51.4700967],[7.0203749,51.4701081],[7.0200654,51.470106],[7.0197064,51.4700911],[7.0191891,51.4700578],[7.0189614,51.4700366],[7.0188817,51.4700359],[7.0188174,51.4700386],[7.0187595,51.4700454],[7.0186788,51.4700617],[7.0185904,51.4700882],[7.0184911,51.470129],[7.0184289,51.4701684],[7.0183656,51.4702282],[7.0183232,51.470286],[7.0182796,51.4703692],[7.0181626,51.470343],[7.017986,51.4703854],[7.0179521,51.4703824],[7.0178411,51.4706674],[7.0177659,51.4707886],[7.0174902,51.4707644],[7.0172722,51.4712175],[7.0171971,51.4713379],[7.0171164,51.4714406],[7.0170245,51.4715343],[7.0169199,51.4716207],[7.0168185,51.4716961],[7.0166619,51.4717874],[7.0159311,51.4721615],[7.0159237,51.472174],[7.0158252,51.4722268],[7.0155263,51.4724055],[7.0151904,51.4726219],[7.0149733,51.4727775],[7.0145039,51.4731105],[7.0144561,51.4731275],[7.0144218,51.4731278],[7.0143775,51.4731214],[7.0143514,51.4731107],[7.0143292,51.4730931],[7.0143184,51.4730762],[7.0143175,51.4730522],[7.0141583,51.4730503],[7.0140257,51.4730488],[7.0140255,51.4728939],[7.0140255,51.4727171],[7.0139865,51.4722609],[7.0133752,51.4722969],[7.0133758,51.4723167],[7.0127339,51.4723414],[7.0127187,51.4721624],[7.0124059,51.4721749],[7.0124795,51.4727434],[7.0118915,51.47277],[7.011771,51.4718625],[7.0117831,51.4718241],[7.0118049,51.4717976],[7.0118547,51.4717633],[7.0103863,51.4724831],[7.0102899,51.4722178],[7.0099314,51.4724245],[7.0097089,51.472486],[7.0092796,51.472433],[7.0094031,51.4721434],[7.0074408,51.4709536],[7.0074473,51.4707454],[7.0069126,51.4707545],[7.0068977,51.4708482],[7.0064203,51.4709903],[7.0064069,51.4712391],[7.0064278,51.4714841],[7.0064876,51.4717774],[7.0065756,51.4720531],[7.0063698,51.4720493],[7.0064549,51.4720996],[7.0065116,51.4721499],[7.0065502,51.4722257],[7.0066612,51.4726278],[7.0068228,51.4730437],[7.0072304,51.4742705],[7.0074242,51.4748919],[7.007448,51.4750503],[7.0074536,51.4751968],[7.0074495,51.4753337],[7.0074193,51.4755125],[7.00738,51.4756857],[7.0073207,51.4758397],[7.0072712,51.4758815],[7.0072213,51.4759079],[7.0071686,51.47592],[7.0070445,51.4761733],[7.0060534,51.4757739],[7.0057115,51.4756838],[7.0054046,51.4756081],[7.0021951,51.4748589],[7.0012725,51.4746261],[7.000184,51.4743373],[6.9988815,51.4739671],[6.9987526,51.4739149],[6.9987653,51.4738987],[6.998084,51.4737066],[6.9978728,51.4736854],[6.9978209,51.4736985],[6.9978022,51.4737238],[6.9978116,51.4736827],[6.9978284,51.4736097],[6.9976331,51.4735781],[6.9948904,51.4727487],[6.9945597,51.472662],[6.9941992,51.4725871],[6.9938413,51.4725276],[6.9937887,51.4725293],[6.9937453,51.4725533],[6.9937358,51.4725736],[6.9934744,51.4725759],[6.9934501,51.4725444],[6.9934048,51.4725171],[6.9933501,51.4725023],[6.9927363,51.4724255],[6.9923758,51.4723717],[6.9918336,51.4722917],[6.9917546,51.4722927],[6.9915368,51.4723646],[6.9908944,51.4726897],[6.9903051,51.4729721],[6.9900421,51.4730876],[6.989524,51.473266],[6.9889071,51.4734359],[6.9885942,51.4735249],[6.9885495,51.4735427],[6.9887998,51.472953],[6.988796,51.4729409],[6.9887816,51.4728946],[6.9887393,51.4728513],[6.9886743,51.4728202],[6.9867285,51.4720357],[6.9862877,51.4719248],[6.9862215,51.4720015],[6.9862413,51.4720132],[6.9862023,51.472059],[6.9855489,51.4717197],[6.9852954,51.4715121],[6.9846118,51.4709525],[6.9844744,51.4708414],[6.984355,51.4707218],[6.9842771,51.4706041],[6.9838547,51.4698924],[6.9837701,51.4699348],[6.9834013,51.4692125],[6.9835247,51.4691986],[6.9833545,51.4689765]]]]}},{"type":"Feature","properties":{"id":"Ostviertel","quelle":"OpenStreetMap (ODbL), boundary=administrative admin_level=10","stand":"2026-09-25"},"geometry":{"type":"MultiPolygon","coordinates":[[[[7.0170135,51.4631603],[7.0168365,51.4629649],[7.016849,51.4629503],[7.0168176,51.4629404],[7.016793,51.4629186],[7.0167911,51.4628905],[7.016881,51.4627026],[7.0166823,51.4626579],[7.0168028,51.4624618],[7.0165931,51.4624065],[7.0163551,51.4623496],[7.0154741,51.4607557],[7.0154567,51.4607238],[7.0153987,51.4607073],[7.0153478,51.4607167],[7.015042,51.4596578],[7.0150236,51.4595438],[7.0153782,51.4594289],[7.0156518,51.4593244],[7.0163265,51.4590102],[7.0164755,51.4589791],[7.0166976,51.4586888],[7.0166916,51.4586511],[7.0168427,51.4584581],[7.0168744,51.4584308],[7.0169033,51.4584238],[7.0178957,51.4571436],[7.0180071,51.4568465],[7.0181476,51.4568674],[7.0181589,51.4568427],[7.0192043,51.4567364],[7.019225,51.4567377],[7.0192422,51.4567492],[7.0192611,51.4567458],[7.0192576,51.4567301],[7.0194047,51.4567198],[7.0189544,51.4556129],[7.0189145,51.455572],[7.0191181,51.45547],[7.0191187,51.4554589],[7.0191256,51.4554416],[7.0191428,51.455432],[7.0191106,51.4552886],[7.0189398,51.4551067],[7.0181844,51.4549841],[7.0170266,51.4550162],[7.0174145,51.4545563],[7.0170607,51.4543702],[7.0172833,51.4539011],[7.0173377,51.4537287],[7.0173553,51.4536162],[7.017323,51.4530333],[7.0173155,51.4529976],[7.0172931,51.4529743],[7.0172653,51.4529556],[7.0168464,51.4528165],[7.0167,51.4527798],[7.0165186,51.4527421],[7.0160852,51.4526848],[7.0160775,51.4527312],[7.0160422,51.4527277],[7.016362,51.4512573],[7.016377,51.4512568],[7.0163927,51.4511659],[7.0178296,51.4513993],[7.0189961,51.4514385],[7.0197689,51.4512269],[7.0200977,51.4511265],[7.0203305,51.4510408],[7.0205935,51.4509231],[7.0207778,51.4508176],[7.0209229,51.4507116],[7.0211391,51.4505021],[7.0212811,51.4503391],[7.0214005,51.4501809],[7.0214746,51.4500537],[7.0215214,51.4499473],[7.0215411,51.4498522],[7.0215622,51.4497354],[7.0215445,51.4494923],[7.0215567,51.4494244],[7.0215873,51.4493382],[7.021751,51.4489629],[7.021757,51.4489635],[7.0217641,51.4489456],[7.0217737,51.4489343],[7.0217913,51.448926],[7.0218174,51.4489265],[7.0220074,51.4489865],[7.0221416,51.4490287],[7.0221683,51.4490441],[7.0221661,51.4490807],[7.0221427,51.4492173],[7.021937,51.4496855],[7.0217678,51.450147],[7.0216741,51.4504295],[7.0215985,51.4508009],[7.0215637,51.4511133],[7.0215592,51.4512612],[7.0215788,51.4513648],[7.0216212,51.4514957],[7.021646,51.451686],[7.0217209,51.4519544],[7.0218509,51.4523085],[7.0219385,51.4524422],[7.0222289,51.4526945],[7.0233092,51.4532638],[7.0233471,51.4533106],[7.0233486,51.4533369],[7.023335,51.4533727],[7.0232851,51.453417],[7.0235662,51.4533196],[7.0235859,51.4533586],[7.023709,51.4534418],[7.024931,51.4540529],[7.0251357,51.4541346],[7.0257238,51.4542905],[7.0264269,51.4544568],[7.0265942,51.4544845],[7.0268944,51.4545613],[7.027271,51.4546371],[7.0272126,51.4547477],[7.0276669,51.4548652],[7.028438,51.4551754],[7.0288889,51.4553136],[7.0292362,51.4553716],[7.0295833,51.4554558],[7.030765,51.4558084],[7.0311509,51.4559796],[7.0314133,51.4560573],[7.0316802,51.4561456],[7.0326181,51.4563719],[7.0329479,51.4564053],[7.0339914,51.4564561],[7.0341817,51.4564966],[7.0342006,51.4563052],[7.0343128,51.4562713],[7.0352476,51.4562032],[7.0357607,51.4562032],[7.0361643,51.4562569],[7.0366484,51.4562416],[7.0375716,51.4561917],[7.0383232,51.4561121],[7.0383055,51.4560584],[7.0390378,51.4560523],[7.0392507,51.4560431],[7.0399696,51.4560009],[7.0405806,51.4559713],[7.0412518,51.4559167],[7.0419526,51.4558552],[7.0422029,51.4558448],[7.042593,51.455766],[7.0431349,51.4555395],[7.0433189,51.4555847],[7.0434743,51.4556273],[7.0436539,51.4556813],[7.043852,51.4557479],[7.0440495,51.455819],[7.0442071,51.4558891],[7.0443161,51.4559517],[7.0443973,51.4560149],[7.0444572,51.4560848],[7.0445095,51.4561607],[7.0445651,51.456264],[7.0435988,51.4565611],[7.0416167,51.457142],[7.0410539,51.4574802],[7.0408724,51.4575744],[7.0407016,51.4576479],[7.0404523,51.4577439],[7.0402633,51.4578023],[7.0400487,51.4578616],[7.0398689,51.4578993],[7.0396172,51.4579452],[7.0393546,51.4579746],[7.0389271,51.4597463],[7.0376941,51.4596329],[7.0370699,51.4595849],[7.0364506,51.4595528],[7.0367359,51.4598542],[7.036938,51.4598709],[7.0368553,51.459939],[7.036943,51.4599945],[7.0370488,51.4601113],[7.0371712,51.4602996],[7.0373314,51.4605849],[7.0374432,51.4608194],[7.0376147,51.4612858],[7.0375989,51.461471],[7.0376941,51.4619211],[7.037676,51.4619417],[7.0377355,51.4623997],[7.0373301,51.4622858],[7.0373324,51.4623795],[7.0372902,51.4623666],[7.0372697,51.4624029],[7.0372769,51.4624045],[7.0368955,51.4632976],[7.0366904,51.4635629],[7.0364854,51.4638002],[7.0360073,51.4642924],[7.0355534,51.4647383],[7.0347497,51.4656159],[7.034447,51.465671],[7.0341611,51.4658205],[7.0339673,51.4660547],[7.0338267,51.4662299],[7.0330319,51.4661945],[7.0329228,51.4661795],[7.0326816,51.4661673],[7.0325922,51.466151],[7.032375,51.4661245],[7.031657,51.466047],[7.0316538,51.4660646],[7.0315916,51.4660626],[7.0315905,51.4660395],[7.0312544,51.4660293],[7.0309493,51.4660067],[7.0309493,51.4660285],[7.0308725,51.4660263],[7.0308762,51.4660006],[7.0305629,51.4659744],[7.0302707,51.4659429],[7.0302383,51.4663124],[7.0296078,51.466663],[7.029558,51.4666132],[7.0292752,51.4664924],[7.0289936,51.4663972],[7.0287078,51.4663252],[7.0284568,51.4662842],[7.0276057,51.4660736],[7.0261332,51.4657282],[7.0257899,51.4656522],[7.0254045,51.4655528],[7.0250915,51.4653918],[7.0245431,51.4650803],[7.0239297,51.4648202],[7.0230948,51.4646287],[7.0224281,51.4644773],[7.0224368,51.4644664],[7.0209877,51.4641803],[7.0200509,51.4639834],[7.0195317,51.4638807],[7.0192834,51.463814],[7.0190533,51.4637634],[7.0188026,51.4637116],[7.0187793,51.463763],[7.0186281,51.4637349],[7.0186516,51.4636831],[7.0185153,51.4636557],[7.018575,51.4635258],[7.0181532,51.4634381],[7.0181353,51.4633905],[7.0175815,51.4632732],[7.0170135,51.4631603]]]]}},{"type":"Feature","properties":{"id":"Rellinghausen","quelle":"OpenStreetMap (ODbL), boundary=administrative admin_level=10","stand":"2026-09-25"},"geometry":{"type":"MultiPolygon","coordinates":[[[[7.056907,51.4285657],[7.0572057,51.4285034],[7.0570864,51.4281414],[7.056855,51.4281869],[7.0567444,51.4278404],[7.0565981,51.4272605],[7.0565754,51.4268762],[7.0565915,51.4265326],[7.0566224,51.4264146],[7.0567073,51.4260873],[7.0568798,51.4255216],[7.05709,51.4251795],[7.0571293,51.4251361],[7.0573452,51.4249003],[7.0576075,51.4247011],[7.0580801,51.4243885],[7.058925,51.4240406],[7.0596305,51.4237914],[7.0619333,51.4230587],[7.0628554,51.4227232],[7.0637653,51.4223493],[7.0671555,51.4209],[7.0683679,51.4203396],[7.0677763,51.419906],[7.0671929,51.4194811],[7.0664044,51.4189099],[7.0650554,51.4179354],[7.063529,51.4185143],[7.0630717,51.4187142],[7.0628023,51.4186632],[7.0623465,51.4188612],[7.0618477,51.419096],[7.0614624,51.4192771],[7.0611209,51.4194373],[7.0606738,51.4196214],[7.0602794,51.4198354],[7.0600157,51.4199873],[7.0593855,51.4203626],[7.0592543,51.42044],[7.0589929,51.4206324],[7.0586253,51.4204927],[7.0585012,51.4204535],[7.0584657,51.4204329],[7.0578723,51.420399],[7.0577459,51.420399],[7.0574384,51.420399],[7.0571414,51.4203902],[7.0570361,51.420366],[7.0568406,51.4203541],[7.0566954,51.4203449],[7.0566079,51.4203202],[7.0565308,51.4202878],[7.0564447,51.4202598],[7.0563551,51.4202432],[7.0562658,51.420234],[7.0561375,51.4202014],[7.056109,51.4201931],[7.0560185,51.4201646],[7.0559682,51.420151],[7.0558955,51.4201404],[7.055753,51.4201278],[7.0556246,51.4201099],[7.0554935,51.4200881],[7.0554254,51.4200731],[7.0553926,51.4200536],[7.0553319,51.4200062],[7.0552712,51.4199593],[7.0552045,51.4198874],[7.0551569,51.4198454],[7.0551123,51.4198107],[7.0550694,51.4197852],[7.0550563,51.4197799],[7.0550402,51.4197745],[7.0550221,51.4197732],[7.0549262,51.4197718],[7.0548588,51.4197686],[7.0548219,51.4197634],[7.0548025,51.4197588],[7.0547683,51.4197479],[7.0547334,51.4197318],[7.0547066,51.4197226],[7.0546828,51.4197159],[7.0546613,51.4197139],[7.0546261,51.4197143],[7.0545658,51.4197126],[7.0545058,51.4196936],[7.0544276,51.4196396],[7.0543961,51.4196156],[7.0543566,51.4195938],[7.0542895,51.4195644],[7.0542469,51.4195512],[7.0542194,51.4195478],[7.0541861,51.4195378],[7.0541534,51.4195186],[7.0541323,51.4194964],[7.0541095,51.4194667],[7.054083,51.4194264],[7.0540612,51.4194084],[7.0540266,51.4193986],[7.0539096,51.419382],[7.053865,51.4193685],[7.0538256,51.4193473],[7.0536149,51.4192342],[7.0535687,51.4192041],[7.0535288,51.419174],[7.0535197,51.4191594],[7.053517,51.4191424],[7.0535217,51.4191268],[7.0535469,51.4190782],[7.0535586,51.4190638],[7.0535599,51.4190465],[7.0535519,51.4190258],[7.053517,51.4189969],[7.0533809,51.418885],[7.053305,51.4188614],[7.0531952,51.4188288],[7.0530785,51.4187933],[7.052994,51.4187707],[7.052879,51.4187441],[7.0528539,51.4187353],[7.0528307,51.4187098],[7.0528146,51.4186797],[7.0527925,51.4186494],[7.052765,51.4186168],[7.0527305,51.4185924],[7.0526996,51.4185812],[7.0526587,51.4185746],[7.0526289,51.4185741],[7.0526057,51.4185716],[7.052589,51.4185681],[7.0525595,51.4185572],[7.0525293,51.4185367],[7.0525146,51.4185166],[7.0525089,51.4184968],[7.0525095,51.4184759],[7.0525139,51.4184531],[7.0525135,51.4184366],[7.0524988,51.4184194],[7.0524733,51.4184037],[7.0524639,51.4183908],[7.0524596,51.4183763],[7.0524505,51.4183651],[7.0524099,51.4183395],[7.0523969,51.4183073],[7.0523861,51.4182651],[7.0523664,51.418222],[7.0523375,51.4181794],[7.0523127,51.4181463],[7.0522933,51.4181288],[7.0522812,51.4181171],[7.0522711,51.4180966],[7.0522691,51.4180669],[7.0522872,51.4180322],[7.0523107,51.4179991],[7.0523342,51.4179753],[7.0523476,51.4179473],[7.0523489,51.417923],[7.0523174,51.4178879],[7.0522872,51.4178645],[7.0522664,51.4178457],[7.0522215,51.4178051],[7.0521706,51.4177666],[7.0520686,51.4177173],[7.052015,51.4176989],[7.051962,51.4176847],[7.0518702,51.4176692],[7.0517379,51.4176602],[7.0497904,51.4189747],[7.0492905,51.4187987],[7.0491654,51.4187245],[7.0487943,51.4189501],[7.0485288,51.4191031],[7.0473091,51.4197927],[7.0474479,51.4199043],[7.0473976,51.4200503],[7.047364,51.4200444],[7.0473392,51.4200603],[7.0473218,51.4200825],[7.0471905,51.4203335],[7.0470767,51.4205257],[7.0470648,51.4205231],[7.0470117,51.4205909],[7.0469087,51.4206846],[7.0467082,51.420851],[7.0462905,51.4212056],[7.0459988,51.4214528],[7.045807,51.4215924],[7.0456152,51.4217266],[7.0454422,51.4218634],[7.0451915,51.4220724],[7.0448884,51.4223212],[7.0447918,51.4224697],[7.0447271,51.4225646],[7.0446072,51.4226995],[7.0445625,51.4228376],[7.0445326,51.4229404],[7.0445323,51.4230542],[7.0444679,51.4233494],[7.0444418,51.4233164],[7.0444109,51.4233055],[7.0443431,51.4232995],[7.0442554,51.4232353],[7.0441199,51.4231709],[7.0440187,51.4230965],[7.0438369,51.4229827],[7.0438007,51.4229066],[7.0436592,51.4227553],[7.0435385,51.4227101],[7.0434587,51.4226587],[7.0434339,51.4225997],[7.043215,51.4225803],[7.0430745,51.4225525],[7.0429853,51.422519],[7.042866,51.4224973],[7.0428123,51.4224755],[7.0427734,51.4224659],[7.0425743,51.422404],[7.0423631,51.4223267],[7.0418818,51.4221148],[7.0415041,51.422235],[7.0414471,51.4222874],[7.0414692,51.422297],[7.0413358,51.4224203],[7.0415091,51.4225295],[7.0416241,51.4225797],[7.0415775,51.4226089],[7.041535,51.4226355],[7.0414598,51.4226817],[7.0413318,51.4227837],[7.0412555,51.4228455],[7.0410065,51.4230434],[7.041073,51.4231191],[7.0407985,51.4232227],[7.0407336,51.4232476],[7.0404876,51.4233411],[7.0405962,51.4234632],[7.0405412,51.4235092],[7.0405311,51.4235351],[7.0405094,51.423557],[7.0403499,51.423723],[7.0403074,51.4237693],[7.039993,51.4240948],[7.0399166,51.4241741],[7.0398185,51.4242767],[7.0398431,51.4243521],[7.0398116,51.4244478],[7.0397452,51.4244608],[7.0396996,51.4244947],[7.0396475,51.4245452],[7.0395026,51.424694],[7.0394515,51.4247468],[7.0394215,51.4248241],[7.039365,51.424918],[7.0392254,51.425151],[7.0392345,51.425231],[7.0392593,51.4253955],[7.0391948,51.4254566],[7.0391276,51.4255723],[7.039116,51.4256403],[7.0391317,51.4256846],[7.039139,51.4257578],[7.0391686,51.4259],[7.0391902,51.4259534],[7.039251,51.4260329],[7.0393806,51.4261361],[7.0396201,51.4262465],[7.0398153,51.4263057],[7.0401248,51.4263666],[7.0402703,51.4264092],[7.0405457,51.4265217],[7.0406578,51.4266964],[7.0405868,51.4267128],[7.0406031,51.4267726],[7.0406277,51.4269168],[7.0406056,51.4271726],[7.0404768,51.4272609],[7.0404346,51.4272667],[7.0403574,51.427306],[7.0402354,51.4274126],[7.0401963,51.4274911],[7.0402461,51.4275011],[7.0402569,51.4275034],[7.0402211,51.427573],[7.0401981,51.4276203],[7.0401858,51.4276894],[7.040171,51.4276882],[7.0401388,51.4278759],[7.0401567,51.4278773],[7.0401391,51.4279896],[7.0402854,51.4282007],[7.0403262,51.4282575],[7.0403745,51.4282868],[7.0404999,51.4283123],[7.0406518,51.4283425],[7.0406243,51.4283943],[7.040621,51.4284186],[7.0406263,51.4284411],[7.0406391,51.4284612],[7.0406622,51.4284801],[7.0407924,51.4285442],[7.0409388,51.4286008],[7.0411105,51.4286531],[7.0412137,51.4286774],[7.0412841,51.4286889],[7.0413301,51.4286935],[7.0413663,51.4286928],[7.0414055,51.4286861],[7.0414459,51.4286731],[7.0417958,51.4287204],[7.0418092,51.4287325],[7.0418316,51.4287455],[7.0418659,51.428758],[7.04366,51.4292516],[7.0441139,51.4293697],[7.0447427,51.4295027],[7.0463267,51.4297635],[7.048043,51.4300461],[7.0485345,51.4301216],[7.0497881,51.4302803],[7.0498963,51.4304199],[7.0506102,51.4305085],[7.0507993,51.4305269],[7.050979,51.4305386],[7.0512364,51.4305391],[7.0514055,51.4305328],[7.0516106,51.4305177],[7.0518856,51.4304834],[7.052129,51.4304358],[7.0522812,51.4304032],[7.0524301,51.4303614],[7.0526004,51.4303066],[7.053167,51.4301147],[7.0532756,51.4300529],[7.0532582,51.4300478],[7.0533132,51.4299901],[7.0533051,51.4299855],[7.0533648,51.4299278],[7.0533774,51.4299332],[7.0534902,51.4299006],[7.0534629,51.4297959],[7.0536305,51.4295911],[7.0541507,51.4294433],[7.0553456,51.4291021],[7.0553758,51.4290954],[7.0554053,51.4291034],[7.0554221,51.4291172],[7.0560741,51.4288827],[7.0560457,51.4288693],[7.0561503,51.4288162],[7.0561348,51.4287239],[7.056161,51.4287204],[7.0562187,51.4286991],[7.056907,51.4285657]]]]}},{"type":"Feature","properties":{"id":"Rüttenscheid","quelle":"OpenStreetMap (ODbL), boundary=administrative admin_level=10","stand":"2026-09-25"},"geometry":{"type":"MultiPolygon","coordinates":[[[[6.98721,51.4323497],[6.9872677,51.4323359],[6.9873076,51.4323849],[6.9873842,51.43237],[6.9873982,51.4323853],[6.9881248,51.4322507],[6.9883921,51.4321825],[6.9887319,51.4321281],[6.9891955,51.4320524],[6.9896611,51.4320192],[6.989798,51.4320279],[6.9905699,51.4319835],[6.9917119,51.4320252],[6.9923847,51.4320651],[6.9931297,51.432134],[6.9931352,51.4320464],[6.9938555,51.4320695],[6.9939767,51.4321385],[6.9948452,51.4321456],[6.9947779,51.4327296],[6.9945094,51.4327964],[6.9931886,51.4330444],[6.9931703,51.4331384],[6.9946688,51.4336644],[6.9950158,51.4338441],[6.9952641,51.4340349],[6.9955063,51.4343104],[6.9963126,51.4364162],[6.9963549,51.436752],[6.9965215,51.4371107],[6.9965464,51.4371053],[6.9965744,51.4371065],[6.9966302,51.4374529],[6.996622,51.4375973],[6.9965813,51.4377162],[6.9965122,51.4378329],[6.9959866,51.4383316],[6.9975484,51.4388739],[6.9985676,51.4391659],[6.9978763,51.4400266],[6.9978742,51.4400292],[6.9980122,51.4402016],[7.0005335,51.4410654],[7.0002483,51.4417061],[7.0002103,51.4417012],[7.0001665,51.4417928],[7.0007433,51.441682],[7.0014927,51.441527],[7.0017466,51.4414705],[7.0027773,51.4411964],[7.0032428,51.4410786],[7.0044337,51.4407924],[7.0054057,51.4404672],[7.0061562,51.4402612],[7.0061935,51.4403875],[7.0064113,51.440333],[7.0064269,51.4403326],[7.0064281,51.4403398],[7.0065615,51.4403258],[7.00656,51.4403201],[7.0066037,51.4403149],[7.0066351,51.4403215],[7.0067344,51.4403396],[7.0067334,51.4403455],[7.0075565,51.4405174],[7.0085248,51.4407336],[7.0087884,51.440796],[7.0105187,51.441188],[7.0106688,51.4412179],[7.0107622,51.4412323],[7.0109456,51.4412566],[7.0110201,51.441262],[7.011214,51.4412709],[7.0115049,51.4412606],[7.0115857,51.4412507],[7.0119641,51.441213],[7.0119845,51.4412096],[7.0120129,51.441199],[7.012023,51.4411891],[7.0120342,51.4411746],[7.0123207,51.4411658],[7.0123156,51.4411772],[7.0123208,51.441189],[7.0123375,51.4411984],[7.0123639,51.4412006],[7.0130853,51.441119],[7.0131371,51.4411184],[7.0131824,51.4411199],[7.0136669,51.4411683],[7.0136838,51.4411659],[7.0137002,51.4411597],[7.0137193,51.4411476],[7.0137282,51.441132],[7.0137269,51.4411157],[7.0137182,51.4410992],[7.0138873,51.4410204],[7.0140933,51.441187],[7.0141307,51.4411692],[7.0141784,51.4412106],[7.0148601,51.4412807],[7.0149162,51.4410676],[7.0150658,51.4409884],[7.0151925,51.4410806],[7.0164484,51.4412083],[7.0163974,51.4413927],[7.0162628,51.4414607],[7.0165935,51.4414576],[7.0165896,51.4415034],[7.0171455,51.441839],[7.017786,51.4422216],[7.0180322,51.4422207],[7.0193428,51.4415649],[7.0194485,51.441488],[7.0196027,51.4413983],[7.0196717,51.4413978],[7.0201418,51.4411645],[7.0202592,51.4410843],[7.0204647,51.4409819],[7.0204986,51.4409828],[7.021003,51.4407338],[7.0210066,51.4407062],[7.021215,51.4405947],[7.0214714,51.4404628],[7.0216965,51.4403328],[7.0217256,51.4402647],[7.0218026,51.4402806],[7.0227487,51.4397189],[7.0227726,51.4397197],[7.022867,51.4396897],[7.0228955,51.439691],[7.0229273,51.4396819],[7.0232854,51.43956],[7.0240551,51.439288],[7.0240802,51.4393036],[7.0244935,51.4391521],[7.0257158,51.4389243],[7.0258999,51.4388756],[7.0265473,51.4386569],[7.0266368,51.4386135],[7.0266962,51.4385688],[7.0271795,51.4380422],[7.0286851,51.4376126],[7.0290868,51.4374758],[7.0289767,51.437477],[7.0283218,51.4370493],[7.0271321,51.4365395],[7.026639,51.4363131],[7.0264022,51.4362398],[7.0258807,51.4359901],[7.0252759,51.4356379],[7.0242951,51.435019],[7.0241929,51.4349598],[7.0234146,51.4345088],[7.0232521,51.4324747],[7.0217619,51.4309789],[7.0208743,51.4306955],[7.0195725,51.4302823],[7.0184657,51.4293697],[7.0182513,51.4290285],[7.0166158,51.4283556],[7.0165441,51.4277439],[7.0152557,51.4278011],[7.0151363,51.4274914],[7.0136723,51.4268187],[7.0121212,51.4257571],[7.0109561,51.4249309],[7.0087567,51.4236196],[7.0102534,51.4234424],[7.0103285,51.4234223],[7.0100754,51.4231891],[7.0096838,51.4229901],[7.0100512,51.422572],[7.0081401,51.4209871],[7.007303,51.4213765],[7.0064739,51.4209763],[7.0043177,51.4199542],[7.0026879,51.4206948],[7.001092,51.421511],[7.0012782,51.4221687],[6.9978556,51.4222318],[6.9977931,51.4230618],[6.9945325,51.4229718],[6.9937135,51.4229159],[6.9937167,51.4228948],[6.9934395,51.422877],[6.993399,51.4228902],[6.9919873,51.4227573],[6.9914287,51.4226822],[6.9905488,51.422475],[6.9902565,51.4224808],[6.9889156,51.4223826],[6.9878519,51.4222347],[6.9869014,51.4220706],[6.9862432,51.4219155],[6.9855512,51.4224149],[6.9849428,51.4228616],[6.9806241,51.42612],[6.9816541,51.4275792],[6.9815026,51.4279245],[6.9818651,51.4287033],[6.9826039,51.4297107],[6.9830007,51.4301618],[6.9833013,51.4304615],[6.9834345,51.4305457],[6.9836356,51.430637],[6.9837503,51.4306637],[6.9839865,51.4307075],[6.9841653,51.4307512],[6.9843706,51.4308383],[6.9845424,51.4309366],[6.9850556,51.4313438],[6.9850989,51.4313654],[6.9856395,51.4317783],[6.9859139,51.4320127],[6.9866384,51.4321574],[6.9869438,51.4320773],[6.9869911,51.4320594],[6.9870426,51.4321836],[6.9871049,51.4321852],[6.987147,51.4322276],[6.98721,51.4323497]]]]}},{"type":"Feature","properties":{"id":"Schonnebeck","quelle":"OpenStreetMap (ODbL), boundary=administrative admin_level=10","stand":"2026-09-25"},"geometry":{"type":"MultiPolygon","coordinates":[[[[7.0709671,51.4849748],[7.070078,51.4848583],[7.0683382,51.484628],[7.068212,51.4846185],[7.0681376,51.4846185],[7.0680531,51.4846219],[7.0678781,51.4846382],[7.0677882,51.4846461],[7.0673329,51.4846854],[7.0670526,51.4847137],[7.0662211,51.4847927],[7.0658899,51.4848394],[7.0658175,51.4848503],[7.0656195,51.4848846],[7.0638404,51.4853064],[7.0643166,51.4869601],[7.064077,51.4881986],[7.0630458,51.4883448],[7.0608362,51.487904],[7.060547,51.4881101],[7.0592639,51.4877101],[7.0580628,51.4875883],[7.049053,51.4884771],[7.049025,51.4884611],[7.0490518,51.4884446],[7.0484157,51.4879451],[7.0484281,51.4879351],[7.0483343,51.487828],[7.0483134,51.4878398],[7.0482902,51.4878445],[7.0482646,51.4878449],[7.0482483,51.4878413],[7.0482242,51.4878303],[7.0477425,51.4873943],[7.047725,51.4873997],[7.0468804,51.4866244],[7.0468245,51.4866477],[7.0466664,51.4865088],[7.0466738,51.4864851],[7.0466244,51.4863062],[7.0465958,51.486318],[7.0465696,51.4863177],[7.0465446,51.4863122],[7.0465245,51.4863026],[7.0434396,51.4836056],[7.0440613,51.4818157],[7.0455834,51.4821125],[7.0460914,51.4819145],[7.0464662,51.4807069],[7.0468888,51.4804688],[7.0470773,51.4805177],[7.0474895,51.4799606],[7.0463314,51.4794507],[7.0437584,51.4786487],[7.0465737,51.4776922],[7.0480062,51.4778274],[7.0517255,51.4768435],[7.0518148,51.4760224],[7.0525709,51.4753487],[7.0544368,51.4749377],[7.057001,51.4756345],[7.0579457,51.4747063],[7.0569727,51.474095],[7.0564483,51.4737363],[7.0559273,51.473391],[7.0555344,51.4731264],[7.055666,51.4729939],[7.0559173,51.473269],[7.0560864,51.4734294],[7.0562106,51.4735314],[7.0563375,51.4736174],[7.0567,51.4730515],[7.0566933,51.4730461],[7.0569194,51.4728629],[7.0570776,51.4727626],[7.0571964,51.4726689],[7.0573587,51.4724921],[7.0576049,51.4722403],[7.0576884,51.4722216],[7.0578528,51.4721291],[7.0579564,51.4720017],[7.0581381,51.4719253],[7.0582821,51.4718285],[7.0585112,51.4716299],[7.0587018,51.4714444],[7.0587186,51.4714112],[7.0586943,51.4713548],[7.0587318,51.4711502],[7.0594569,51.4712582],[7.0595723,51.4711581],[7.0598155,51.4720386],[7.0605027,51.4723966],[7.0617771,51.4725289],[7.0624821,51.4708477],[7.0631883,51.4709205],[7.063148,51.47124],[7.0652004,51.4715405],[7.0652379,51.4717662],[7.0669495,51.4717273],[7.0684937,51.471779],[7.0682424,51.4730902],[7.0719849,51.4730287],[7.0734511,51.4733652],[7.0748118,51.4736565],[7.0739024,51.4751287],[7.0761249,51.4757751],[7.0758479,51.4761484],[7.0760429,51.4761973],[7.0758957,51.4766763],[7.0758099,51.4766796],[7.075716,51.4768433],[7.0756463,51.477039],[7.0756328,51.477256],[7.0757965,51.4777404],[7.0757819,51.4781339],[7.0761112,51.4781198],[7.0761541,51.4783516],[7.0757153,51.4784721],[7.0753318,51.4786024],[7.0749563,51.4787411],[7.0740907,51.4791281],[7.0736165,51.4793725],[7.0733215,51.4795404],[7.0730237,51.47972],[7.0728221,51.4798571],[7.0720715,51.4804065],[7.0719758,51.4805188],[7.0733134,51.481073],[7.0735028,51.4810951],[7.0732011,51.4818361],[7.0731941,51.4818534],[7.0727824,51.4828644],[7.0735957,51.4833614],[7.0736966,51.4834082],[7.0737711,51.4834332],[7.0738484,51.483453],[7.0737922,51.4834967],[7.0738278,51.4835452],[7.0738621,51.4835911],[7.0738357,51.4836444],[7.0738074,51.4836908],[7.0736427,51.4839081],[7.0733161,51.4843443],[7.0732316,51.4844608],[7.0731117,51.4846304],[7.0729866,51.4848329],[7.0729579,51.4848643],[7.0729165,51.4849119],[7.0728438,51.484996],[7.0728234,51.4850201],[7.0727307,51.4851328],[7.0726848,51.4851995],[7.0725124,51.4851769],[7.0724686,51.4851713],[7.0722671,51.4851448],[7.0720269,51.4851167],[7.0709671,51.4849748]]]]}},{"type":"Feature","properties":{"id":"Schuir","quelle":"OpenStreetMap (ODbL), boundary=administrative admin_level=10","stand":"2026-09-25"},"geometry":{"type":"MultiPolygon","coordinates":[[[[6.9764203,51.4178245],[6.9777051,51.4175663],[6.9795586,51.4187378],[6.9796118,51.4186946],[6.9816385,51.4170495],[6.9817505,51.4164875],[6.9775414,51.4143416],[6.9783804,51.4137998],[6.9781192,51.4136486],[6.9798241,51.4123652],[6.979826,51.4120132],[6.9776243,51.4113866],[6.9776243,51.4112664],[6.9756965,51.410622],[6.9751999,51.4105023],[6.9744855,51.4103666],[6.9751807,51.4100215],[6.9757556,51.4098893],[6.9740429,51.4080823],[6.9725649,51.4062121],[6.9739326,51.4030127],[6.9756343,51.401409],[6.9773517,51.4007662],[6.9779974,51.4000182],[6.9780658,51.3995061],[6.9790613,51.3989598],[6.9796638,51.3986953],[6.9804213,51.3986049],[6.9806804,51.398501],[6.9808428,51.3983907],[6.9808922,51.3983368],[6.9810361,51.3982304],[6.9811169,51.3982186],[6.9812499,51.3982368],[6.9814369,51.3982355],[6.9817597,51.3983522],[6.9818378,51.3984061],[6.9819323,51.3984407],[6.982216,51.3983779],[6.982436,51.3983843],[6.982695,51.3984446],[6.9828286,51.3984522],[6.9827577,51.3983765],[6.9829355,51.3982086],[6.9828271,51.3980157],[6.9821359,51.397439],[6.9820639,51.3972992],[6.9819961,51.3972607],[6.9820269,51.3972518],[6.9819951,51.3971456],[6.9817454,51.397031],[6.9818254,51.3968978],[6.9818378,51.3968272],[6.9818193,51.3967464],[6.9816898,51.3963856],[6.9815849,51.396268],[6.9814035,51.3956882],[6.9813115,51.3955613],[6.9812352,51.3954884],[6.9812183,51.3953284],[6.9817021,51.3949431],[6.9818522,51.3947455],[6.9821071,51.3945544],[6.9821525,51.3944507],[6.9825408,51.3942325],[6.9827279,51.3939811],[6.9829609,51.3938348],[6.9829499,51.3937707],[6.9828574,51.3937079],[6.982878,51.3936206],[6.9828389,51.3935822],[6.9827875,51.3934423],[6.9827813,51.3933372],[6.9827197,51.3932859],[6.9831466,51.3927935],[6.982878,51.39232],[6.9827468,51.3918769],[6.9827378,51.3914986],[6.9827896,51.3912835],[6.9829047,51.3910219],[6.9823229,51.3910565],[6.982362,51.3908115],[6.9823766,51.3905293],[6.9824261,51.3904497],[6.9824349,51.3902188],[6.9824692,51.3898856],[6.9824224,51.3895763],[6.9823229,51.3894633],[6.9821297,51.3892875],[6.9819981,51.3889938],[6.9819183,51.3885887],[6.9819168,51.3883506],[6.9818522,51.3883613],[6.9818707,51.3880714],[6.9820434,51.3874018],[6.9820475,51.3872991],[6.9820105,51.3871683],[6.981844,51.386845],[6.9815374,51.3859303],[6.9805842,51.3851801],[6.9793769,51.3849981],[6.9787999,51.3849313],[6.9786386,51.3839061],[6.9780154,51.3831243],[6.9779439,51.3829966],[6.9778936,51.3828932],[6.9778865,51.3827414],[6.977598,51.3827169],[6.9772764,51.3826469],[6.9762295,51.3824275],[6.9751523,51.3824133],[6.9749417,51.3824479],[6.9747185,51.3825111],[6.9743191,51.3826673],[6.9741128,51.3826976],[6.9737279,51.3826135],[6.973559,51.3825983],[6.9733315,51.3825852],[6.9733246,51.3825069],[6.9729954,51.3824858],[6.9725325,51.3823996],[6.9720675,51.3822808],[6.9709702,51.3819323],[6.9710249,51.3818773],[6.9706226,51.3817539],[6.9700575,51.3816151],[6.9696693,51.3815157],[6.9691837,51.3813292],[6.9691508,51.381382],[6.9674843,51.3808994],[6.9674104,51.3807316],[6.9656902,51.3799872],[6.9656667,51.3799722],[6.9655962,51.3799953],[6.9655361,51.3800449],[6.9654338,51.3800642],[6.9652624,51.3800705],[6.9649498,51.3801453],[6.9648816,51.3801199],[6.9647582,51.3801483],[6.9647257,51.3800946],[6.9646623,51.3800358],[6.9645791,51.380033],[6.9644951,51.3800368],[6.964357,51.379975],[6.9642303,51.3800601],[6.9641684,51.3800647],[6.9640533,51.3800419],[6.9637354,51.3799378],[6.9636522,51.3799263],[6.9634422,51.3799773],[6.9633111,51.3799567],[6.9632316,51.3799324],[6.9631503,51.3799263],[6.9630643,51.379901],[6.9630042,51.3798706],[6.962655,51.3798643],[6.9622447,51.380051],[6.9617814,51.3804536],[6.9615932,51.3807267],[6.9617666,51.3812942],[6.9622822,51.3820694],[6.9619213,51.3821893],[6.9614487,51.3825697],[6.9601215,51.3821191],[6.9593435,51.3822156],[6.9589779,51.3822742],[6.9584295,51.3822537],[6.9578731,51.3820422],[6.9542382,51.3816571],[6.951887,51.3805106],[6.9512013,51.3812491],[6.9495112,51.3822169],[6.9459497,51.3843983],[6.9446319,51.3851627],[6.9445388,51.3852093],[6.9444166,51.3852264],[6.9442249,51.3852422],[6.9438246,51.385233],[6.9432798,51.3851712],[6.9436079,51.3864973],[6.9434427,51.3865077],[6.943161,51.3865659],[6.9432004,51.3870783],[6.9433674,51.3882999],[6.9434801,51.3885884],[6.9435831,51.3891064],[6.9436553,51.3893096],[6.9432565,51.3893212],[6.9433626,51.3895486],[6.9434975,51.3897947],[6.9436818,51.3900763],[6.943946,51.3904621],[6.9442969,51.3909274],[6.9449661,51.3918338],[6.9455675,51.392686],[6.9455912,51.392725],[6.9437197,51.3947085],[6.9435937,51.394827],[6.9433542,51.3949647],[6.9430061,51.3951556],[6.9429961,51.3952144],[6.9444836,51.3962928],[6.9449634,51.3966311],[6.9475313,51.3981287],[6.9478578,51.398228],[6.9486259,51.3986966],[6.9488808,51.3988952],[6.9498717,51.3994887],[6.9509462,51.4000814],[6.9511795,51.4001603],[6.9521891,51.4006317],[6.9563875,51.4025626],[6.9592939,51.4040416],[6.9607254,51.4050287],[6.9627696,51.4063689],[6.965302,51.4079168],[6.9679057,51.4100941],[6.9709876,51.4128126],[6.9724936,51.4142235],[6.9727101,51.4143984],[6.9729141,51.4146678],[6.9730212,51.4148408],[6.9731721,51.4149814],[6.9733017,51.4151506],[6.9732489,51.415212],[6.9733377,51.4153793],[6.9733097,51.4154548],[6.9736292,51.4159365],[6.973713,51.4159531],[6.9737784,51.4159751],[6.9740089,51.4162351],[6.9741235,51.4163429],[6.9747207,51.4167617],[6.9764203,51.4178245]]]]}},{"type":"Feature","properties":{"id":"Schönebeck","quelle":"OpenStreetMap (ODbL), boundary=administrative admin_level=10","stand":"2026-09-25"},"geometry":{"type":"MultiPolygon","coordinates":[[[[6.9293284,51.4647812],[6.9292748,51.4648152],[6.9292823,51.4647999],[6.9291837,51.4647084],[6.9290166,51.4645594],[6.9275937,51.4630473],[6.9258512,51.4617653],[6.925148,51.4609694],[6.9252327,51.4600896],[6.9246205,51.458318],[6.9254122,51.4579039],[6.9210605,51.4545563],[6.9198027,51.4545979],[6.9186907,51.4543124],[6.9191674,51.4544788],[6.9196542,51.4549252],[6.9169711,51.4562489],[6.9170284,51.4560686],[6.9170376,51.4559835],[6.9170437,51.4557551],[6.9170295,51.4556296],[6.9170597,51.4554439],[6.9170276,51.4549125],[6.9168497,51.4545467],[6.9161962,51.4537169],[6.9161736,51.4535893],[6.9161256,51.4532955],[6.9155678,51.4517514],[6.9151863,51.450334],[6.9153406,51.4502474],[6.9157534,51.4501411],[6.9158052,51.4501296],[6.9158381,51.4501246],[6.9160035,51.4501107],[6.9160716,51.4501046],[6.9161732,51.4501028],[6.9164232,51.4500988],[6.916605,51.4500974],[6.9173324,51.4500887],[6.9179145,51.4500029],[6.9199855,51.4501797],[6.9220254,51.4502208],[6.9230872,51.4502726],[6.9235865,51.4504089],[6.9245545,51.4506035],[6.9250703,51.4507287],[6.9258658,51.4508845],[6.9262141,51.4509216],[6.926641,51.4509339],[6.9273811,51.4510426],[6.927701,51.4512183],[6.9282226,51.4512066],[6.9284847,51.4511847],[6.9286494,51.4511373],[6.9286843,51.4511285],[6.9287726,51.4511249],[6.9288829,51.4511456],[6.9291971,51.4511675],[6.9292376,51.4511595],[6.9292907,51.4511702],[6.9293097,51.4511562],[6.9293376,51.4511614],[6.9293345,51.4511828],[6.9295111,51.4512257],[6.9295642,51.4512296],[6.9296064,51.4512362],[6.9296283,51.4512491],[6.929744,51.4512608],[6.9298315,51.451288],[6.9300449,51.4513301],[6.9302082,51.4513309],[6.9302629,51.4513114],[6.9303817,51.4513124],[6.9306859,51.4512848],[6.9308929,51.4512637],[6.9310148,51.4512588],[6.9311445,51.4512627],[6.931218,51.4512802],[6.9312467,51.4512728],[6.9314134,51.4512822],[6.9315056,51.4512763],[6.9315978,51.4512802],[6.9316697,51.4512715],[6.9317338,51.4512539],[6.931812,51.4512403],[6.9318917,51.451215],[6.9319355,51.4512121],[6.9320011,51.4511945],[6.9320353,51.4511741],[6.9320714,51.4511185],[6.9321387,51.4510776],[6.9322549,51.4510418],[6.9325685,51.4509598],[6.9330376,51.4508558],[6.9330624,51.4507874],[6.9331062,51.4507815],[6.9331797,51.4507036],[6.9333204,51.4507523],[6.9333579,51.4507396],[6.9334016,51.4507416],[6.933436,51.4507182],[6.9334517,51.4506938],[6.9335955,51.4506753],[6.9336849,51.4506871],[6.9337471,51.4506656],[6.933808,51.4506714],[6.9339251,51.4506682],[6.9339831,51.4506442],[6.9340394,51.4506403],[6.9340941,51.4506159],[6.9341691,51.4506101],[6.9342488,51.4505662],[6.9343489,51.4505633],[6.9345771,51.4505789],[6.9356361,51.4505978],[6.9357869,51.4506071],[6.9359057,51.4506003],[6.9360495,51.4506227],[6.9365364,51.4506326],[6.9366482,51.4506412],[6.9367881,51.450639],[6.9369108,51.450614],[6.9369452,51.450614],[6.9370655,51.4505779],[6.937103,51.4505808],[6.9372687,51.4505545],[6.9372703,51.4505438],[6.9373884,51.4505237],[6.9374438,51.4504825],[6.9374907,51.4504727],[6.9375423,51.4504805],[6.9376517,51.4504542],[6.9377455,51.4504406],[6.9378533,51.4504036],[6.9379707,51.4503793],[6.9379924,51.4503636],[6.9380268,51.4503529],[6.9381164,51.4502919],[6.9381798,51.4502624],[6.9381847,51.4502458],[6.9382347,51.4502087],[6.9382972,51.4501795],[6.9383332,51.4501678],[6.9383863,51.450125],[6.9384535,51.4501074],[6.9385176,51.4500685],[6.9385201,51.450055],[6.9386302,51.4499818],[6.9387427,51.4499272],[6.9387667,51.4499031],[6.9387918,51.4498923],[6.9388989,51.4497962],[6.9390028,51.4496607],[6.9390548,51.4496236],[6.939183,51.4495811],[6.9394696,51.4494246],[6.9395468,51.4493905],[6.9396853,51.4493505],[6.9398572,51.449295],[6.9399864,51.4492386],[6.9400797,51.4492104],[6.9401057,51.4491879],[6.9401147,51.4491635],[6.9401076,51.4491361],[6.9401729,51.4490807],[6.9403841,51.4490045],[6.9404152,51.4490222],[6.9404402,51.4490369],[6.9404637,51.4490447],[6.9404903,51.4490291],[6.9405121,51.4489891],[6.9405512,51.4489326],[6.9406292,51.4488526],[6.9406966,51.4488196],[6.9407153,51.4487982],[6.9407685,51.4487729],[6.9408075,51.4487174],[6.9409139,51.4486696],[6.9409454,51.4486334],[6.9410191,51.4485743],[6.9411139,51.4485391],[6.9411092,51.4485159],[6.9410566,51.4484592],[6.9412002,51.4484162],[6.9412343,51.4483939],[6.9413109,51.4483725],[6.9413797,51.4483374],[6.9414687,51.4483082],[6.9415422,51.4482712],[6.9416048,51.4482465],[6.9417173,51.448165],[6.9417682,51.4481164],[6.9420055,51.4479518],[6.9421397,51.4478104],[6.9422447,51.4477061],[6.9423397,51.4476127],[6.9423847,51.4475834],[6.942405,51.4475552],[6.9424676,51.4475308],[6.942521,51.4475223],[6.9426237,51.4475021],[6.9427351,51.4474568],[6.9428615,51.4474363],[6.9429318,51.4473876],[6.9429904,51.4473686],[6.9431475,51.447336],[6.9432343,51.447346],[6.9432647,51.4473584],[6.9433038,51.4473993],[6.9433459,51.4474161],[6.9434054,51.4474217],[6.9435317,51.4474162],[6.9436164,51.4474344],[6.9437524,51.447448],[6.9438822,51.4474246],[6.9439525,51.4474237],[6.9440369,51.4474383],[6.9441401,51.4474243],[6.9441901,51.4474295],[6.9443024,51.4474555],[6.9443527,51.4474529],[6.9444105,51.4474587],[6.9445917,51.4475203],[6.9447452,51.4475205],[6.9452671,51.4474483],[6.9458124,51.4473744],[6.9463908,51.4474553],[6.9464876,51.4473837],[6.9472343,51.4478847],[6.9477576,51.4481606],[6.9485565,51.4485248],[6.9490669,51.4488132],[6.9497037,51.4492479],[6.9500784,51.449581],[6.9506185,51.4494632],[6.9506175,51.4495454],[6.9506003,51.4496408],[6.9505378,51.4496389],[6.9504565,51.4499652],[6.950862,51.4505792],[6.9510131,51.4507247],[6.9516339,51.4512601],[6.9520075,51.4514916],[6.952322,51.4516406],[6.9522268,51.4517778],[6.952127,51.451933],[6.9520941,51.4520104],[6.9521509,51.4522489],[6.9522764,51.452479],[6.9523431,51.4526237],[6.9523973,51.4526064],[6.9524773,51.4527632],[6.9525507,51.4529854],[6.9525654,51.4532554],[6.9525279,51.4533632],[6.9524327,51.4534104],[6.9523065,51.4536098],[6.9522422,51.4535871],[6.9522281,51.453603],[6.9522288,51.4536281],[6.9520867,51.4537827],[6.951864,51.453939],[6.9519821,51.4534509],[6.9518372,51.4533523],[6.9517232,51.4534183],[6.9513571,51.4532378],[6.9510806,51.4532803],[6.9511576,51.45345],[6.9512006,51.4534438],[6.9513377,51.4537819],[6.9514876,51.4540745],[6.9515191,51.4540664],[6.9515764,51.4541496],[6.9516777,51.4542425],[6.9517385,51.4542721],[6.9518346,51.454495],[6.9518741,51.454676],[6.9519024,51.454884],[6.952026,51.4549033],[6.9522524,51.4553114],[6.9523982,51.4555742],[6.9523882,51.4555875],[6.952549,51.4559769],[6.9529667,51.4564755],[6.9531015,51.4566741],[6.9534249,51.4572943],[6.9534435,51.4572931],[6.9533864,51.4573549],[6.9535031,51.4574255],[6.9541244,51.457571],[6.9543128,51.4576456],[6.9541413,51.4579046],[6.9540747,51.4580595],[6.9549954,51.4586031],[6.9556814,51.4588594],[6.9562099,51.459031],[6.9564871,51.4590959],[6.9570674,51.4592946],[6.9589373,51.4599978],[6.9590743,51.4600617],[6.9588382,51.460381],[6.9588097,51.4603705],[6.9587501,51.4603794],[6.9586791,51.4604384],[6.9602204,51.462046],[6.9601965,51.4621063],[6.9602399,51.4621514],[6.959341,51.462394],[6.9593376,51.46239],[6.9590893,51.46245],[6.9590961,51.4624569],[6.9588713,51.4625116],[6.9588661,51.4625031],[6.9584109,51.4626122],[6.9571363,51.4628929],[6.9530292,51.462984],[6.9521255,51.4630612],[6.9490854,51.4634557],[6.9488089,51.4634791],[6.9486295,51.4634965],[6.9484987,51.4634945],[6.9481489,51.4634581],[6.9475112,51.4633862],[6.9464791,51.4632255],[6.9452207,51.4630214],[6.9411921,51.4623381],[6.9407951,51.4622964],[6.9406157,51.4622899],[6.940282,51.4622864],[6.9399306,51.4622884],[6.9380644,51.4623027],[6.9380622,51.46231],[6.9377591,51.4623128],[6.9377586,51.4623051],[6.9371182,51.46231],[6.93528,51.4623401],[6.9346899,51.4623501],[6.9338727,51.4623549],[6.9335637,51.4623968],[6.9335577,51.4623819],[6.9327779,51.4624987],[6.9324583,51.4626226],[6.9312809,51.4634875],[6.9297869,51.4644701],[6.9293284,51.4647812]]]]}},{"type":"Feature","properties":{"id":"Stadtkern","quelle":"OpenStreetMap (ODbL), boundary=administrative admin_level=10","stand":"2026-09-25"},"geometry":{"type":"MultiPolygon","coordinates":[[[[7.0163927,51.4511659],[7.0155272,51.4511051],[7.0143404,51.4510218],[7.014365,51.4508855],[7.0133631,51.4508152],[7.0133458,51.4509107],[7.0131283,51.4508955],[7.0131239,51.4509194],[7.012737,51.4508923],[7.0121544,51.4508514],[7.0121462,51.4508968],[7.0105198,51.4507802],[7.0099068,51.4507396],[7.0099053,51.450748],[7.0098753,51.4507459],[7.0098728,51.4507597],[7.0085602,51.4506676],[7.0082505,51.4506458],[7.0080634,51.4506327],[7.008064,51.4506295],[7.0080277,51.4506269],[7.0080242,51.450646],[7.0079406,51.4506402],[7.0079398,51.4506446],[7.007889,51.450641],[7.0078973,51.4505952],[7.0076442,51.4505774],[7.0076657,51.4505845],[7.0076638,51.4506245],[7.0076724,51.450626],[7.0074124,51.4514976],[7.0075006,51.4515042],[7.0074833,51.4516148],[7.0072754,51.451602],[7.0070698,51.4526311],[7.0066867,51.454531],[7.0066584,51.4547434],[7.0065421,51.4551978],[7.0065163,51.4551958],[7.0064551,51.45537],[7.0064264,51.4553695],[7.0063958,51.455548],[7.0062618,51.455546],[7.0061243,51.4555592],[7.0060196,51.4555779],[7.006051,51.4556256],[7.0060389,51.4556284],[7.006166,51.4558217],[7.0058561,51.4557771],[7.0058009,51.4560048],[7.0054158,51.4564594],[7.0052994,51.4564238],[7.0051409,51.4566093],[7.0049273,51.4568949],[7.0048034,51.4570876],[7.0049676,51.4571295],[7.0047037,51.4575099],[7.0044634,51.45788],[7.0043155,51.4581501],[7.0042058,51.4584566],[7.0041879,51.45854],[7.0040519,51.4586271],[7.0040268,51.458662],[7.004015,51.458693],[7.0039668,51.4588817],[7.0037796,51.4589511],[7.0035937,51.4590138],[7.0032223,51.45899],[7.0032189,51.4590157],[7.0032098,51.4590354],[7.0031917,51.4590477],[7.0031592,51.4590571],[7.0030375,51.459066],[7.0029423,51.4592064],[7.0034157,51.4593373],[7.0034194,51.4593283],[7.0035744,51.4593693],[7.0035834,51.4593806],[7.0036068,51.4593881],[7.0036572,51.4594762],[7.0040407,51.4595952],[7.0040206,51.4597142],[7.0043437,51.4597333],[7.0043263,51.459946],[7.0043467,51.4599969],[7.0043536,51.4600569],[7.0048652,51.4600765],[7.0049264,51.4599968],[7.0049996,51.4599382],[7.0051199,51.459869],[7.005246,51.459821],[7.0053667,51.4597924],[7.0055046,51.4597737],[7.0056567,51.4597741],[7.0067256,51.4598583],[7.0068224,51.4595087],[7.0068992,51.4595141],[7.0069826,51.4595061],[7.0070403,51.4594841],[7.0070931,51.4594506],[7.0071161,51.4594262],[7.0071343,51.4593935],[7.0071395,51.4593508],[7.0075088,51.4593663],[7.0076943,51.4595851],[7.0077638,51.4596486],[7.0078605,51.4597116],[7.0079439,51.4597518],[7.0080522,51.4598013],[7.0080586,51.4597983],[7.00808,51.4598077],[7.0082813,51.4598965],[7.0082791,51.4599011],[7.0084323,51.4599684],[7.0084386,51.459965],[7.0084601,51.459974],[7.0086565,51.4600616],[7.0086529,51.4600652],[7.0088052,51.4601323],[7.0088116,51.4601296],[7.0088341,51.4601385],[7.0090389,51.4602274],[7.009033,51.4602328],[7.0095589,51.4604639],[7.0095656,51.4604604],[7.009787,51.4605583],[7.0097836,51.4605626],[7.0099367,51.4606299],[7.0099417,51.4606258],[7.0101663,51.460725],[7.0101617,51.4607288],[7.0104556,51.4608579],[7.0113139,51.4612165],[7.0111064,51.4614232],[7.0112445,51.4614862],[7.011276,51.4615006],[7.0118418,51.4619152],[7.0116528,51.4621538],[7.0117828,51.4623046],[7.0119618,51.462336],[7.0119721,51.4623455],[7.0121443,51.4623869],[7.0122161,51.4623337],[7.0132118,51.4625216],[7.0134407,51.4625648],[7.0134431,51.4626272],[7.0136793,51.4626546],[7.0137001,51.4626469],[7.0137353,51.4626506],[7.013745,51.4626442],[7.0141297,51.4626918],[7.0145453,51.4626643],[7.015047,51.4627267],[7.0155399,51.4628099],[7.0160664,51.4629838],[7.0162501,51.4630204],[7.0163053,51.4630466],[7.0163918,51.4630515],[7.016443,51.4630625],[7.0164354,51.4630763],[7.0166734,51.4631228],[7.016651,51.463097],[7.0170135,51.4631603],[7.0168365,51.4629649],[7.016849,51.4629503],[7.0168176,51.4629404],[7.016793,51.4629186],[7.0167911,51.4628905],[7.016881,51.4627026],[7.0166823,51.4626579],[7.0168028,51.4624618],[7.0165931,51.4624065],[7.0163551,51.4623496],[7.0154741,51.4607557],[7.0154567,51.4607238],[7.0153987,51.4607073],[7.0153478,51.4607167],[7.015042,51.4596578],[7.0150236,51.4595438],[7.0153782,51.4594289],[7.0156518,51.4593244],[7.0163265,51.4590102],[7.0164755,51.4589791],[7.0166976,51.4586888],[7.0166916,51.4586511],[7.0168427,51.4584581],[7.0168744,51.4584308],[7.0169033,51.4584238],[7.0178957,51.4571436],[7.0180071,51.4568465],[7.0181476,51.4568674],[7.0181589,51.4568427],[7.0192043,51.4567364],[7.019225,51.4567377],[7.0192422,51.4567492],[7.0192611,51.4567458],[7.0192576,51.4567301],[7.0194047,51.4567198],[7.0189544,51.4556129],[7.0189145,51.455572],[7.0191181,51.45547],[7.0191187,51.4554589],[7.0191256,51.4554416],[7.0191428,51.455432],[7.0191106,51.4552886],[7.0189398,51.4551067],[7.0181844,51.4549841],[7.0170266,51.4550162],[7.0174145,51.4545563],[7.0170607,51.4543702],[7.0172833,51.4539011],[7.0173377,51.4537287],[7.0173553,51.4536162],[7.017323,51.4530333],[7.0173155,51.4529976],[7.0172931,51.4529743],[7.0172653,51.4529556],[7.0168464,51.4528165],[7.0167,51.4527798],[7.0165186,51.4527421],[7.0160852,51.4526848],[7.0160775,51.4527312],[7.0160422,51.4527277],[7.016362,51.4512573],[7.016377,51.4512568],[7.0163927,51.4511659]]]]}},{"type":"Feature","properties":{"id":"Stadtwald","quelle":"OpenStreetMap (ODbL), boundary=administrative admin_level=10","stand":"2026-09-25"},"geometry":{"type":"MultiPolygon","coordinates":[[[[7.0043177,51.4199542],[7.0064739,51.4209763],[7.007303,51.4213765],[7.0081401,51.4209871],[7.0100512,51.422572],[7.0096838,51.4229901],[7.0100754,51.4231891],[7.0103285,51.4234223],[7.0102534,51.4234424],[7.0087567,51.4236196],[7.0109561,51.4249309],[7.0121212,51.4257571],[7.0136723,51.4268187],[7.0151363,51.4274914],[7.0152557,51.4278011],[7.0165441,51.4277439],[7.0166158,51.4283556],[7.0182513,51.4290285],[7.0184657,51.4293697],[7.0195725,51.4302823],[7.0208743,51.4306955],[7.0217619,51.4309789],[7.0237597,51.4310598],[7.0243084,51.4309967],[7.0248419,51.4307515],[7.0252469,51.4305974],[7.0257899,51.4305395],[7.0266435,51.4305305],[7.0271467,51.4305214],[7.0280932,51.4305175],[7.02995,51.4299918],[7.0310387,51.4294956],[7.031419,51.4295365],[7.0325655,51.4297854],[7.0331107,51.429813],[7.0351583,51.4294438],[7.0361944,51.4291923],[7.0367837,51.4289488],[7.0370388,51.4288578],[7.0375736,51.4287731],[7.038945,51.4285759],[7.0399448,51.4284492],[7.0406216,51.4285147],[7.0406622,51.4284801],[7.0406391,51.4284612],[7.0406263,51.4284411],[7.040621,51.4284186],[7.0406243,51.4283943],[7.0406518,51.4283425],[7.0404999,51.4283123],[7.0403745,51.4282868],[7.0403262,51.4282575],[7.0402854,51.4282007],[7.0401391,51.4279896],[7.0401567,51.4278773],[7.0401388,51.4278759],[7.040171,51.4276882],[7.0401858,51.4276894],[7.0401981,51.4276203],[7.0402211,51.427573],[7.0402569,51.4275034],[7.0402461,51.4275011],[7.0401963,51.4274911],[7.0402354,51.4274126],[7.0403574,51.427306],[7.0404346,51.4272667],[7.0404768,51.4272609],[7.0406056,51.4271726],[7.0406277,51.4269168],[7.0406031,51.4267726],[7.0405868,51.4267128],[7.0406578,51.4266964],[7.0405457,51.4265217],[7.0402703,51.4264092],[7.0401248,51.4263666],[7.0398153,51.4263057],[7.0396201,51.4262465],[7.0393806,51.4261361],[7.039251,51.4260329],[7.0391902,51.4259534],[7.0391686,51.4259],[7.039139,51.4257578],[7.0391317,51.4256846],[7.039116,51.4256403],[7.0391276,51.4255723],[7.0391948,51.4254566],[7.0392593,51.4253955],[7.0392345,51.425231],[7.0392254,51.425151],[7.039365,51.424918],[7.0394215,51.4248241],[7.0394515,51.4247468],[7.0395026,51.424694],[7.0396475,51.4245452],[7.0396996,51.4244947],[7.0397452,51.4244608],[7.0398116,51.4244478],[7.0398431,51.4243521],[7.0398185,51.4242767],[7.0399166,51.4241741],[7.039993,51.4240948],[7.0403074,51.4237693],[7.0403499,51.423723],[7.0405094,51.423557],[7.0405311,51.4235351],[7.0405412,51.4235092],[7.0405962,51.4234632],[7.0404876,51.4233411],[7.0407336,51.4232476],[7.0407985,51.4232227],[7.041073,51.4231191],[7.0410065,51.4230434],[7.0412555,51.4228455],[7.0413318,51.4227837],[7.0414598,51.4226817],[7.041535,51.4226355],[7.0415775,51.4226089],[7.0416241,51.4225797],[7.0415091,51.4225295],[7.0413358,51.4224203],[7.0414692,51.422297],[7.0414471,51.4222874],[7.0415041,51.422235],[7.0418818,51.4221148],[7.0423631,51.4223267],[7.0425743,51.422404],[7.0427734,51.4224659],[7.0428123,51.4224755],[7.042866,51.4224973],[7.0429853,51.422519],[7.0430745,51.4225525],[7.043215,51.4225803],[7.0434339,51.4225997],[7.0434587,51.4226587],[7.0435385,51.4227101],[7.0436592,51.4227553],[7.0438007,51.4229066],[7.0438369,51.4229827],[7.0440187,51.4230965],[7.0441199,51.4231709],[7.0442554,51.4232353],[7.0443431,51.4232995],[7.0444109,51.4233055],[7.0444418,51.4233164],[7.0444679,51.4233494],[7.0445323,51.4230542],[7.0445326,51.4229404],[7.0445625,51.4228376],[7.0446072,51.4226995],[7.0447271,51.4225646],[7.0447918,51.4224697],[7.0448884,51.4223212],[7.0451915,51.4220724],[7.0454422,51.4218634],[7.0456152,51.4217266],[7.045807,51.4215924],[7.0459988,51.4214528],[7.0462905,51.4212056],[7.0467082,51.420851],[7.0469087,51.4206846],[7.0470117,51.4205909],[7.0470648,51.4205231],[7.0470767,51.4205257],[7.0471905,51.4203335],[7.0473218,51.4200825],[7.0473392,51.4200603],[7.047364,51.4200444],[7.0473976,51.4200503],[7.0474479,51.4199043],[7.0473091,51.4197927],[7.0485288,51.4191031],[7.0487943,51.4189501],[7.0491654,51.4187245],[7.0492905,51.4187987],[7.0497904,51.4189747],[7.0517379,51.4176602],[7.051663,51.4176389],[7.0516241,51.4176144],[7.0516093,51.4175956],[7.0515999,51.4175797],[7.0515932,51.4175663],[7.0515905,51.4175377],[7.0515721,51.4175061],[7.0515329,51.4174718],[7.051504,51.417457],[7.0514264,51.417433],[7.0512928,51.4173689],[7.0511721,51.4172887],[7.0510755,51.4172418],[7.050979,51.4171803],[7.0509203,51.4171588],[7.0507725,51.417118],[7.0507416,51.4171042],[7.0506927,51.4170587],[7.0506323,51.4170218],[7.050584,51.4169846],[7.0505559,51.4169629],[7.0505123,51.4169395],[7.0504781,51.4169319],[7.0503969,51.4169173],[7.0503453,51.4169031],[7.0503131,51.4168939],[7.0502773,51.4168746],[7.0502099,51.4168376],[7.0501398,51.4168019],[7.0500563,51.4167626],[7.049945,51.4167182],[7.0498907,51.4167021],[7.0497653,51.4166614],[7.0496996,51.4166208],[7.0496637,51.4165955],[7.0496369,51.4165687],[7.0495884,51.4164892],[7.0495521,51.4164556],[7.0495076,51.4164422],[7.0494642,51.4164527],[7.0494018,51.4164577],[7.0493737,51.4164552],[7.0492195,51.4163787],[7.0492148,51.4163481],[7.0491859,51.4163256],[7.0491417,51.4163176],[7.0490632,51.4162921],[7.0490022,51.4162842],[7.0489439,51.4162591],[7.0488641,51.4162595],[7.0488198,51.4162415],[7.0487762,51.4161993],[7.0487829,51.4161583],[7.0487574,51.4161324],[7.0487209,51.4160945],[7.0487038,51.4160755],[7.0486911,51.4160537],[7.0486797,51.4160247],[7.0486579,51.4160042],[7.0486284,51.4159874],[7.0485757,51.4159709],[7.0484688,51.4159465],[7.0484329,51.4159371],[7.048396,51.4159191],[7.0483669,51.4158934],[7.0483384,51.4158727],[7.0482985,51.415854],[7.0482549,51.4158375],[7.0482337,51.4158246],[7.048217,51.4158083],[7.0481925,51.4157809],[7.0481486,51.4157453],[7.0480822,51.4157029],[7.0480165,51.4156709],[7.0479447,51.4156443],[7.0478881,51.4156299],[7.0478639,51.4156178],[7.0478448,51.4156038],[7.0477942,51.4155548],[7.0477687,51.4155425],[7.047698,51.4155304],[7.0476534,51.4155201],[7.0476199,51.4155032],[7.04753,51.4154415],[7.0475082,51.4154235],[7.0474992,51.4154045],[7.0474894,51.4153947],[7.0474562,51.4153829],[7.0474251,51.4153817],[7.0473952,51.4153869],[7.0473469,51.4153988],[7.0473198,51.4154011],[7.047291,51.4153953],[7.0472675,51.4153794],[7.0472524,51.4153627],[7.0472209,51.4153072],[7.0472041,51.4152845],[7.0471867,51.4152738],[7.0471595,51.4152753],[7.0471428,51.4152769],[7.0471307,51.4152845],[7.0471022,51.4153052],[7.047066,51.4153286],[7.0470355,51.415334],[7.047018,51.415334],[7.0469952,51.415329],[7.0469406,51.415311],[7.0469107,51.4152924],[7.0468897,51.4152743],[7.0468115,51.4152336],[7.046719,51.4151968],[7.0466761,51.4151579],[7.0466469,51.415136],[7.04661,51.4151186],[7.0465185,51.4150889],[7.0464672,51.415053],[7.0464481,51.4150396],[7.0464125,51.4150327],[7.046378,51.4150413],[7.0463351,51.415059],[7.0462855,51.4150754],[7.0462422,51.4150781],[7.0462083,51.4150636],[7.0461762,51.4150411],[7.0461487,51.4150191],[7.0461353,51.4149976],[7.0461265,51.4149574],[7.0461259,51.4149445],[7.0461108,51.4149311],[7.0460856,51.4149238],[7.0460585,51.4149244],[7.0460276,51.4149235],[7.0459944,51.4149166],[7.0459663,51.4149049],[7.0459445,51.4148947],[7.0459093,51.4148861],[7.0458878,51.4148857],[7.0458486,51.4148823],[7.0458288,51.414874],[7.0458157,51.4148658],[7.0458117,51.4148343],[7.045807,51.4148179],[7.0457876,51.4148085],[7.0457681,51.4148026],[7.04573,51.4147958],[7.045698,51.4147831],[7.0456736,51.4147646],[7.0456434,51.4147063],[7.0455981,51.4146774],[7.0455794,51.4146553],[7.0455482,51.4146005],[7.0455254,51.4145863],[7.0455014,51.4145767],[7.045343,51.4145574],[7.0450272,51.4144307],[7.0448931,51.4143884],[7.04483,51.4143495],[7.0448206,51.4143332],[7.0447972,51.4143211],[7.0447643,51.414286],[7.0447294,51.4142705],[7.0446932,51.4142751],[7.0446148,51.4142893],[7.0445779,51.4142764],[7.0445625,51.4142471],[7.0445403,51.414222],[7.044484,51.4142094],[7.0444089,51.4142458],[7.0443667,51.4142475],[7.0443305,51.4142446],[7.0443177,51.4142345],[7.0443077,51.4141998],[7.0442855,51.414171],[7.0442554,51.4141597],[7.0441709,51.4141471],[7.0441434,51.4141358],[7.0441394,51.4141229],[7.0441119,51.4140848],[7.0439912,51.414038],[7.0439583,51.4140279],[7.0439523,51.4140141],[7.0438731,51.4139752],[7.0438463,51.4139424],[7.0438343,51.4139278],[7.0437994,51.4139123],[7.0437219,51.4139284],[7.0436639,51.4139495],[7.0436361,51.4139395],[7.0436277,51.4138933],[7.0436348,51.4138523],[7.0436163,51.4138236],[7.0435955,51.4138124],[7.0435466,51.4138471],[7.0434725,51.4138182],[7.043446,51.4138126],[7.0434249,51.4137975],[7.0433696,51.4137141],[7.0433344,51.4136963],[7.043272,51.4136857],[7.043211,51.4136722],[7.0431479,51.4136283],[7.0431151,51.4136204],[7.0430467,51.4136152],[7.0429116,51.4136066],[7.0428764,51.4135972],[7.0428408,51.4135719],[7.0427999,51.4135476],[7.0427486,51.4135378],[7.0426678,51.4135146],[7.0426397,51.4135014],[7.0425981,51.4134893],[7.0425619,51.4134964],[7.0424918,51.4134539],[7.0424717,51.4134508],[7.0424509,51.4134291],[7.0424382,51.4134063],[7.0423805,51.4133805],[7.0423611,51.413363],[7.042233,51.4133232],[7.0421384,51.4132777],[7.0420566,51.4132632],[7.0419634,51.4132145],[7.041897,51.4131752],[7.0418259,51.413143],[7.0417462,51.4131376],[7.0416094,51.4131422],[7.0415188,51.4131037],[7.0413908,51.4130924],[7.0413512,51.4130828],[7.0412902,51.4130435],[7.0412634,51.4130401],[7.0411688,51.4130409],[7.041142,51.4130347],[7.041024,51.4129774],[7.0409911,51.412951],[7.0409562,51.4129397],[7.0408972,51.4129489],[7.0408704,51.4129397],[7.0408322,51.4129318],[7.0407484,51.4128975],[7.0407544,51.4128883],[7.0406874,51.4128473],[7.040676,51.4128306],[7.0406545,51.4128122],[7.0406236,51.4128118],[7.0405982,51.4127883],[7.0405782,51.412756],[7.0404989,51.4126855],[7.0404158,51.4126248],[7.0403796,51.4126177],[7.0402522,51.412575],[7.040222,51.4125738],[7.0401429,51.4125445],[7.039988,51.4124734],[7.0398337,51.4124441],[7.0396929,51.4123584],[7.0396245,51.4123032],[7.0395125,51.4122271],[7.0394428,51.4122074],[7.0394368,51.4121944],[7.0394026,51.4121756],[7.0393731,51.4121631],[7.0393362,51.4121355],[7.0392825,51.41211],[7.0392577,51.4120884],[7.0392068,51.4120604],[7.0391692,51.4120343],[7.0391551,51.4120154],[7.039137,51.4120146],[7.0391015,51.4119933],[7.0390867,51.4119707],[7.039015,51.4119418],[7.038952,51.4119264],[7.0389352,51.4119184],[7.0389124,51.411913],[7.0387729,51.411841],[7.038726,51.4118314],[7.0386985,51.4118126],[7.038669,51.4118113],[7.0385899,51.4117632],[7.0385583,51.4117586],[7.0385389,51.4117503],[7.0385369,51.4117227],[7.0385191,51.4116982],[7.0385151,51.4116704],[7.0384883,51.411661],[7.0384692,51.4116418],[7.038441,51.411634],[7.0384199,51.4116162],[7.038383,51.4116139],[7.0383575,51.4116014],[7.038322,51.4115974],[7.0382593,51.411607],[7.0381624,51.4115934],[7.0380306,51.4115596],[7.0379093,51.4114772],[7.0378509,51.4114052],[7.0376672,51.4113228],[7.0375364,51.4112597],[7.0374313,51.4111839],[7.0373721,51.4111179],[7.0372327,51.4109824],[7.0372316,51.4107196],[7.037232,51.4107047],[7.0373252,51.4105374],[7.0374674,51.41036],[7.0375255,51.4102571],[7.0369337,51.4101669],[7.0350771,51.409694],[7.0342333,51.4097804],[7.0336263,51.4099529],[7.0333942,51.4100002],[7.0332354,51.40999],[7.0330733,51.410336],[7.0329718,51.4104658],[7.0328298,51.4104943],[7.0323474,51.4104594],[7.0318249,51.4104829],[7.0310978,51.41057],[7.0308465,51.4106411],[7.0307906,51.4106221],[7.0300387,51.4110477],[7.0299152,51.4114349],[7.0288268,51.4123015],[7.0281187,51.4122748],[7.0279949,51.4122561],[7.0274833,51.4121207],[7.0272139,51.412077],[7.0269617,51.4120446],[7.0266973,51.4126615],[7.0270495,51.4127238],[7.0275868,51.4128188],[7.0274138,51.4135115],[7.02752,51.4136553],[7.0271878,51.4138617],[7.0258019,51.4145523],[7.0242497,51.4136995],[7.0239939,51.4135881],[7.023901,51.4135476],[7.0234504,51.413389],[7.0231703,51.4133187],[7.022962,51.4133044],[7.0227781,51.4133282],[7.0226172,51.413373],[7.0225171,51.4134096],[7.0224005,51.4134768],[7.0223091,51.4135568],[7.0222358,51.4136799],[7.0222308,51.4139011],[7.022253,51.4139809],[7.0222666,51.414029],[7.022332,51.414171],[7.0226875,51.4146195],[7.0224824,51.4146735],[7.0222755,51.4147041],[7.0216763,51.4148722],[7.021866,51.4151284],[7.0214219,51.415289],[7.0218539,51.4155878],[7.0209579,51.4158843],[7.0203905,51.4155482],[7.0195639,51.4157949],[7.0123373,51.4179514],[7.0093225,51.4172128],[7.0079,51.4189349],[7.0063222,51.4183717],[7.0053853,51.4192835],[7.0043177,51.4199542]]]]}},{"type":"Feature","properties":{"id":"Steele","quelle":"OpenStreetMap (ODbL), boundary=administrative admin_level=10","stand":"2026-09-25"},"geometry":{"type":"MultiPolygon","coordinates":[[[[7.0582161,51.4415683],[7.0581267,51.441755],[7.0581809,51.4417705],[7.0582138,51.4417934],[7.0582317,51.4418244],[7.058239,51.4418577],[7.0580588,51.4423627],[7.0580282,51.4424746],[7.057991,51.442646],[7.0579969,51.4426487],[7.0579255,51.442919],[7.0578249,51.4434238],[7.0577829,51.4438174],[7.0577824,51.4441651],[7.057804,51.4443503],[7.0578489,51.4445511],[7.0580266,51.4451927],[7.0580626,51.4453753],[7.0580595,51.4453951],[7.058043,51.4454146],[7.0580131,51.445421],[7.0580946,51.4454182],[7.0580995,51.445454],[7.0581478,51.4454473],[7.0581836,51.4455933],[7.0583332,51.4455868],[7.0595597,51.4474042],[7.059477,51.4476796],[7.0592757,51.4480046],[7.0592822,51.448056],[7.0596702,51.4483037],[7.060224,51.4487347],[7.0615304,51.4498973],[7.0618398,51.4501112],[7.0617523,51.4501429],[7.060742,51.4507506],[7.0603357,51.4510055],[7.0608963,51.4513799],[7.0614836,51.4517446],[7.0616078,51.4518074],[7.0610318,51.4521358],[7.060889,51.4522021],[7.0607227,51.4521921],[7.0604794,51.4522179],[7.0600408,51.4521715],[7.0598293,51.4521736],[7.0590572,51.4524189],[7.0588076,51.4525282],[7.0585268,51.4525552],[7.0586955,51.452737],[7.0587399,51.4527818],[7.059008,51.4527999],[7.0609319,51.4532809],[7.066637,51.4526989],[7.0693396,51.4521848],[7.0699214,51.4520434],[7.0707149,51.4518304],[7.0711655,51.4520765],[7.0719192,51.4518182],[7.072513,51.4516602],[7.0723851,51.451839],[7.0723522,51.4518292],[7.0722284,51.452196],[7.072363,51.4530305],[7.0733602,51.453628],[7.072589,51.4541161],[7.0733457,51.4546328],[7.0737669,51.4554401],[7.074768,51.4572045],[7.0778279,51.4574221],[7.0799815,51.457167],[7.0799957,51.4565565],[7.0802603,51.4565571],[7.0802698,51.4565663],[7.080823,51.4562244],[7.0808321,51.4562208],[7.0808196,51.4546624],[7.080552,51.4541928],[7.0803322,51.4530812],[7.0806646,51.4531131],[7.0805537,51.4527298],[7.081353,51.4529482],[7.0825056,51.4530628],[7.08291,51.4528861],[7.0831415,51.4528967],[7.0838226,51.4529279],[7.0852969,51.4534583],[7.0858627,51.4537068],[7.0864113,51.4535581],[7.0864844,51.4533814],[7.0875792,51.4537301],[7.0879252,51.4537845],[7.0880725,51.4537939],[7.0881935,51.4538017],[7.0889116,51.4539099],[7.0890862,51.4539122],[7.0893239,51.4539153],[7.0895686,51.4539185],[7.0896594,51.4538996],[7.0896969,51.4540701],[7.0897008,51.4540881],[7.0898111,51.4540959],[7.0900058,51.4541097],[7.090221,51.4541368],[7.0907773,51.4542492],[7.0913167,51.4541914],[7.0915924,51.4542258],[7.0917488,51.4540254],[7.0911786,51.4539049],[7.0915035,51.4532276],[7.0919885,51.4520949],[7.0920676,51.4515714],[7.0923119,51.4510264],[7.0931849,51.4511633],[7.094435,51.4491102],[7.0936653,51.4487514],[7.0930775,51.4483371],[7.0927897,51.4477102],[7.092546,51.4461314],[7.0920424,51.4454372],[7.0915321,51.4450512],[7.0908531,51.4447587],[7.0901822,51.4445851],[7.0893581,51.4445338],[7.0872623,51.4447466],[7.0852231,51.4446714],[7.0835323,51.4442863],[7.0810691,51.4427076],[7.0782983,51.4431181],[7.076478,51.4430784],[7.0728252,51.4428753],[7.0714556,51.4426326],[7.0702088,51.4421499],[7.0692136,51.4410849],[7.0689841,51.4399583],[7.0680531,51.4396677],[7.0627581,51.440293],[7.0600177,51.4389521],[7.0593996,51.4396401],[7.0594029,51.4405516],[7.0593175,51.4406254],[7.0591529,51.4407201],[7.0586971,51.4410349],[7.0584987,51.4412041],[7.0584143,51.4412962],[7.0582161,51.4415683]]]]}},{"type":"Feature","properties":{"id":"Stoppenberg","quelle":"OpenStreetMap (ODbL), boundary=administrative admin_level=10","stand":"2026-09-25"},"geometry":{"type":"MultiPolygon","coordinates":[[[[7.0338267,51.4662299],[7.0341736,51.466358],[7.0332925,51.467244],[7.0331725,51.4673378],[7.0329804,51.4674629],[7.0327749,51.4675324],[7.0326487,51.4676097],[7.032042,51.4680706],[7.0312813,51.4683076],[7.031087,51.4683824],[7.0309544,51.4684054],[7.0300871,51.4687378],[7.0294062,51.4690274],[7.0280634,51.4695458],[7.0276102,51.4697588],[7.0272304,51.46996],[7.0267591,51.4702672],[7.0266515,51.4700419],[7.026639,51.4699626],[7.0265684,51.4700131],[7.0265789,51.47005],[7.0264481,51.4701218],[7.0264102,51.470163],[7.0263431,51.4700998],[7.0262675,51.4700585],[7.0261716,51.4700211],[7.0249522,51.4697049],[7.0246794,51.4696611],[7.0242818,51.4696107],[7.0242248,51.4696974],[7.0242208,51.4698101],[7.0242163,51.4699307],[7.0241874,51.4699961],[7.024461,51.4700706],[7.0239974,51.4707656],[7.0237221,51.4706956],[7.0232242,51.4705642],[7.0233432,51.4714732],[7.0234349,51.4722093],[7.0234672,51.4723994],[7.0241237,51.4737464],[7.0244276,51.47437],[7.0248695,51.4752767],[7.024954,51.47545],[7.0247541,51.4759558],[7.0243293,51.476625],[7.0234672,51.4774576],[7.0222803,51.4782436],[7.0235796,51.4789361],[7.0236546,51.4791228],[7.0226051,51.4799243],[7.0214432,51.4811459],[7.020856,51.4816828],[7.0195066,51.482632],[7.0206686,51.483589],[7.0215056,51.4843437],[7.0223964,51.4853583],[7.0227144,51.4854793],[7.0226879,51.4855839],[7.0226084,51.4856994],[7.0226614,51.4859855],[7.022414,51.4867556],[7.0222904,51.4873718],[7.0219728,51.4881057],[7.0207586,51.4896386],[7.0207099,51.4898467],[7.0227765,51.4900778],[7.0227624,51.4902357],[7.0249034,51.4906676],[7.0243036,51.4922545],[7.0241129,51.493313],[7.023629,51.4959883],[7.0249801,51.4963138],[7.0254571,51.4960528],[7.0264469,51.4956806],[7.0267781,51.495986],[7.0270145,51.496204],[7.0291459,51.4969443],[7.0290314,51.4974102],[7.0291921,51.4975146],[7.0303721,51.4971127],[7.0308932,51.4979498],[7.0320688,51.4978337],[7.0353486,51.4980577],[7.034374,51.4948147],[7.0347981,51.4947817],[7.0354906,51.4937697],[7.0347167,51.493613],[7.0347852,51.4935258],[7.0354518,51.4935607],[7.039445,51.4945947],[7.0411412,51.4924496],[7.042941,51.4929209],[7.0426179,51.4925738],[7.0445902,51.4923141],[7.0457247,51.4922998],[7.046498,51.4917522],[7.0470526,51.4917494],[7.047448,51.4914477],[7.0484882,51.4910539],[7.0491579,51.4899326],[7.0497686,51.4895318],[7.0498097,51.489522],[7.0498459,51.4895215],[7.0498805,51.4895313],[7.0499044,51.4895574],[7.0498503,51.4894644],[7.0498766,51.4894496],[7.0498431,51.4894019],[7.0497762,51.4893374],[7.0496075,51.4891367],[7.048873,51.4886211],[7.0482545,51.4881378],[7.048424,51.4879811],[7.0484135,51.487959],[7.0484157,51.4879451],[7.0484281,51.4879351],[7.0483343,51.487828],[7.0483134,51.4878398],[7.0482902,51.4878445],[7.0482646,51.4878449],[7.0482483,51.4878413],[7.0482242,51.4878303],[7.0477425,51.4873943],[7.047725,51.4873997],[7.0468804,51.4866244],[7.0468245,51.4866477],[7.0466664,51.4865088],[7.0466738,51.4864851],[7.0466244,51.4863062],[7.0465958,51.486318],[7.0465696,51.4863177],[7.0465446,51.4863122],[7.0465245,51.4863026],[7.0434396,51.4836056],[7.0440613,51.4818157],[7.0455834,51.4821125],[7.0460914,51.4819145],[7.0464662,51.4807069],[7.0468888,51.4804688],[7.0470773,51.4805177],[7.0474895,51.4799606],[7.0463314,51.4794507],[7.0437584,51.4786487],[7.0465737,51.4776922],[7.0480062,51.4778274],[7.0517255,51.4768435],[7.0518148,51.4760224],[7.0525709,51.4753487],[7.0544368,51.4749377],[7.057001,51.4756345],[7.0579457,51.4747063],[7.0569727,51.474095],[7.0564483,51.4737363],[7.0559273,51.473391],[7.0555344,51.4731264],[7.0553716,51.4732962],[7.0547973,51.4729607],[7.0542454,51.4726655],[7.0536554,51.4723637],[7.0532472,51.4721726],[7.0524563,51.4718418],[7.0518607,51.4716178],[7.0515326,51.4714976],[7.0510126,51.4713287],[7.0503152,51.4711198],[7.0476731,51.4703828],[7.0464452,51.4700559],[7.0461677,51.4699891],[7.0458738,51.469932],[7.0452349,51.4698311],[7.0451778,51.4698272],[7.0451115,51.469832],[7.0450683,51.4698426],[7.0450158,51.469866],[7.0449916,51.4697589],[7.0449711,51.4695811],[7.0449232,51.4695667],[7.0448893,51.4695436],[7.0448615,51.4695225],[7.0448402,51.4694814],[7.0448013,51.4692303],[7.0447936,51.4689707],[7.0448364,51.4687018],[7.0448661,51.4685775],[7.0449155,51.468441],[7.0449913,51.468285],[7.0455359,51.467313],[7.0452319,51.4672509],[7.0442273,51.4670029],[7.0439958,51.4669193],[7.0434804,51.4668673],[7.0428677,51.4667635],[7.0425143,51.4666943],[7.0420155,51.4665837],[7.0413462,51.4665261],[7.040839,51.4664668],[7.0408138,51.4663828],[7.0409041,51.4660766],[7.0407752,51.4660723],[7.0405354,51.4660407],[7.0404557,51.4659974],[7.0403416,51.4660665],[7.0396825,51.4660358],[7.0393708,51.466027],[7.0393309,51.4660684],[7.0386071,51.4660418],[7.0384757,51.4659898],[7.0384581,51.4659891],[7.0378623,51.4658372],[7.037639,51.4658123],[7.0375981,51.4658378],[7.0365612,51.4657395],[7.0361392,51.4656825],[7.0350231,51.4656329],[7.0347497,51.4656159],[7.034447,51.465671],[7.0341611,51.4658205],[7.0339673,51.4660547],[7.0338267,51.4662299]]]]}},{"type":"Feature","properties":{"id":"Südostviertel","quelle":"OpenStreetMap (ODbL), boundary=administrative admin_level=10","stand":"2026-09-25"},"geometry":{"type":"MultiPolygon","coordinates":[[[[7.0232448,51.443456],[7.0232273,51.4440854],[7.0231247,51.444838],[7.0228854,51.4457292],[7.02274,51.4465698],[7.0225579,51.4473748],[7.022541,51.4473844],[7.0225156,51.4473983],[7.0226239,51.4474517],[7.0226086,51.4474643],[7.022585,51.4476326],[7.0222689,51.4484459],[7.0221734,51.4489022],[7.0221603,51.4489185],[7.0221401,51.4489203],[7.0220361,51.4488865],[7.0220074,51.4489865],[7.0221416,51.4490287],[7.0221683,51.4490441],[7.0221661,51.4490807],[7.0221427,51.4492173],[7.021937,51.4496855],[7.0217678,51.450147],[7.0216741,51.4504295],[7.0215985,51.4508009],[7.0215637,51.4511133],[7.0215592,51.4512612],[7.0215788,51.4513648],[7.0216212,51.4514957],[7.021646,51.451686],[7.0217209,51.4519544],[7.0218509,51.4523085],[7.0219385,51.4524422],[7.0222289,51.4526945],[7.0233092,51.4532638],[7.0233471,51.4533106],[7.0233486,51.4533369],[7.023335,51.4533727],[7.0232851,51.453417],[7.0235662,51.4533196],[7.0235859,51.4533586],[7.023709,51.4534418],[7.024931,51.4540529],[7.0251357,51.4541346],[7.0257238,51.4542905],[7.0264269,51.4544568],[7.0265942,51.4544845],[7.0268944,51.4545613],[7.027271,51.4546371],[7.0272126,51.4547477],[7.0276669,51.4548652],[7.028438,51.4551754],[7.0288889,51.4553136],[7.0292362,51.4553716],[7.0295833,51.4554558],[7.030765,51.4558084],[7.0311509,51.4559796],[7.0314133,51.4560573],[7.0316802,51.4561456],[7.0326181,51.4563719],[7.0329479,51.4564053],[7.0339914,51.4564561],[7.0341817,51.4564966],[7.0342006,51.4563052],[7.0343128,51.4562713],[7.0352476,51.4562032],[7.0357607,51.4562032],[7.0361643,51.4562569],[7.0366484,51.4562416],[7.0375716,51.4561917],[7.0383232,51.4561121],[7.0383055,51.4560584],[7.0390378,51.4560523],[7.0392507,51.4560431],[7.0391575,51.4558854],[7.0390714,51.4556197],[7.0390924,51.4556176],[7.0391223,51.4555983],[7.0391303,51.4555723],[7.0390893,51.4553567],[7.0390839,51.4552197],[7.0390922,51.4549658],[7.0381479,51.4548751],[7.0381917,51.4547372],[7.0380724,51.4547225],[7.0382509,51.4542754],[7.0345844,51.4536993],[7.0346011,51.4531908],[7.0346449,51.4527781],[7.0333895,51.4514787],[7.0327542,51.4508195],[7.0345853,51.450147],[7.0341071,51.4496389],[7.0340018,51.4494829],[7.033971,51.4485133],[7.0340124,51.4483818],[7.0339751,51.4482911],[7.0337338,51.4470714],[7.033756,51.4467214],[7.0340029,51.44631],[7.0312008,51.4456716],[7.0284783,51.4464474],[7.0284503,51.4463982],[7.0279688,51.4465071],[7.0273691,51.4456628],[7.0272797,51.4454677],[7.0272546,51.4453366],[7.0272458,51.4452002],[7.0273722,51.4440357],[7.0273809,51.4436381],[7.0275508,51.4434097],[7.0254675,51.4434097],[7.0252653,51.4434527],[7.0232448,51.443456]]]]}},{"type":"Feature","properties":{"id":"Südviertel","quelle":"OpenStreetMap (ODbL), boundary=administrative admin_level=10","stand":"2026-09-25"},"geometry":{"type":"MultiPolygon","coordinates":[[[[7.0163927,51.4511659],[7.0155272,51.4511051],[7.0143404,51.4510218],[7.014365,51.4508855],[7.0133631,51.4508152],[7.0133458,51.4509107],[7.0131283,51.4508955],[7.0131239,51.4509194],[7.012737,51.4508923],[7.0121544,51.4508514],[7.0121462,51.4508968],[7.0105198,51.4507802],[7.0099068,51.4507396],[7.0099053,51.450748],[7.0098753,51.4507459],[7.0098728,51.4507597],[7.0085602,51.4506676],[7.0082505,51.4506458],[7.0080634,51.4506327],[7.008064,51.4506295],[7.0080277,51.4506269],[7.0080242,51.450646],[7.0079406,51.4506402],[7.0079398,51.4506446],[7.007889,51.450641],[7.0078973,51.4505952],[7.0076442,51.4505774],[7.0058493,51.4503149],[7.0016651,51.4495732],[7.0016765,51.4495334],[7.001384,51.4495169],[7.0008525,51.4493917],[7.0001842,51.4493018],[7.0001215,51.4493298],[7.0000084,51.4493444],[6.9999485,51.4492004],[7.0005798,51.4491112],[7.0005766,51.4488673],[7.0009055,51.4488253],[7.0011263,51.448779],[7.0013682,51.4486973],[7.0015212,51.4485825],[7.0018805,51.4481851],[7.001918,51.4481882],[7.002446,51.4475329],[7.0024159,51.4474841],[7.0016574,51.4473375],[7.0016677,51.4473062],[7.0014191,51.4472582],[7.0013836,51.4472586],[7.0013489,51.4472723],[7.0013368,51.4472883],[7.0013226,51.4473246],[7.0011667,51.447293],[7.001172,51.4472695],[7.0011675,51.4472525],[7.0011524,51.447236],[7.0011146,51.4472247],[7.000586,51.4471938],[7.0006451,51.4470468],[7.0006942,51.4470494],[7.0008497,51.4466487],[7.0011056,51.4465975],[7.0017433,51.4462219],[7.0015067,51.4460642],[7.0012602,51.4453503],[7.0012588,51.445317],[7.0012673,51.4452823],[7.0012848,51.4452488],[7.0019243,51.4444111],[7.001945,51.4443974],[7.0019737,51.444397],[7.0019976,51.444406],[7.0021094,51.4442672],[7.0022968,51.4443203],[7.00213,51.4442134],[7.0020934,51.44419],[7.0018714,51.4441668],[7.0013011,51.4436547],[7.0014719,51.4435861],[7.0012589,51.4434151],[7.0012377,51.4433898],[7.0012238,51.4433572],[7.0012251,51.4433308],[7.0012623,51.4432266],[7.0012785,51.4431721],[7.0012687,51.4431267],[7.0012366,51.4430861],[7.001072,51.4429329],[7.001024,51.4428836],[7.0009962,51.4428376],[7.0009781,51.4427874],[7.0009876,51.4427291],[7.0010064,51.4426799],[7.00076,51.4426172],[7.0007884,51.4426207],[7.0008188,51.4426185],[7.0008519,51.4426105],[7.0008808,51.4425885],[7.0010355,51.4423487],[7.0010336,51.4423168],[7.0010218,51.4423014],[7.0010037,51.4422868],[7.0009769,51.4422755],[7.0009898,51.4421809],[7.0008037,51.4418413],[7.0007886,51.4418281],[7.0007689,51.4418238],[7.0007501,51.4418257],[7.0007481,51.441784],[7.0007433,51.441682],[7.0014927,51.441527],[7.0017466,51.4414705],[7.0027773,51.4411964],[7.0032428,51.4410786],[7.0044337,51.4407924],[7.0054057,51.4404672],[7.0061562,51.4402612],[7.0061935,51.4403875],[7.0064113,51.440333],[7.0064269,51.4403326],[7.0064281,51.4403398],[7.0065615,51.4403258],[7.00656,51.4403201],[7.0066037,51.4403149],[7.0066351,51.4403215],[7.0067344,51.4403396],[7.0067334,51.4403455],[7.0075565,51.4405174],[7.0085248,51.4407336],[7.0087884,51.440796],[7.0105187,51.441188],[7.0106688,51.4412179],[7.0107622,51.4412323],[7.0109456,51.4412566],[7.0110201,51.441262],[7.011214,51.4412709],[7.0115049,51.4412606],[7.0115857,51.4412507],[7.0119641,51.441213],[7.0119845,51.4412096],[7.0120129,51.441199],[7.012023,51.4411891],[7.0120342,51.4411746],[7.0123207,51.4411658],[7.0123156,51.4411772],[7.0123208,51.441189],[7.0123375,51.4411984],[7.0123639,51.4412006],[7.0130853,51.441119],[7.0131371,51.4411184],[7.0131824,51.4411199],[7.0136669,51.4411683],[7.0136838,51.4411659],[7.0137002,51.4411597],[7.0137193,51.4411476],[7.0137282,51.441132],[7.0137269,51.4411157],[7.0137182,51.4410992],[7.0138873,51.4410204],[7.0140933,51.441187],[7.0141307,51.4411692],[7.0141784,51.4412106],[7.0148601,51.4412807],[7.0149162,51.4410676],[7.0150658,51.4409884],[7.0151925,51.4410806],[7.0164484,51.4412083],[7.0163974,51.4413927],[7.0162628,51.4414607],[7.0165935,51.4414576],[7.0165896,51.4415034],[7.0171455,51.441839],[7.017786,51.4422216],[7.0180322,51.4422207],[7.0193428,51.4415649],[7.0194485,51.441488],[7.0196027,51.4413983],[7.0196717,51.4413978],[7.0201418,51.4411645],[7.0202592,51.4410843],[7.0204647,51.4409819],[7.0204986,51.4409828],[7.021003,51.4407338],[7.0210066,51.4407062],[7.021215,51.4405947],[7.0214714,51.4404628],[7.0216965,51.4403328],[7.0217256,51.4402647],[7.0218026,51.4402806],[7.0227487,51.4397189],[7.0227726,51.4397197],[7.022867,51.4396897],[7.0228955,51.439691],[7.0229273,51.4396819],[7.0232854,51.43956],[7.0232862,51.4395768],[7.0232816,51.439577],[7.0232877,51.4396246],[7.0233173,51.4396398],[7.0233032,51.4398233],[7.0233128,51.4402837],[7.0232618,51.4402808],[7.0232575,51.4403535],[7.023246,51.4403681],[7.0232447,51.4406126],[7.0232509,51.4408331],[7.0232387,51.4411468],[7.0232222,51.4411455],[7.02319,51.4415505],[7.0231982,51.4415514],[7.0231506,51.4417283],[7.0231586,51.4419616],[7.0231928,51.4421458],[7.0232018,51.442305],[7.0231902,51.4424648],[7.0232768,51.4424887],[7.0232448,51.443456],[7.0232273,51.4440854],[7.0231247,51.444838],[7.0228854,51.4457292],[7.02274,51.4465698],[7.0225579,51.4473748],[7.022541,51.4473844],[7.0225156,51.4473983],[7.0226239,51.4474517],[7.0226086,51.4474643],[7.022585,51.4476326],[7.0222689,51.4484459],[7.0221734,51.4489022],[7.0221603,51.4489185],[7.0221401,51.4489203],[7.0220361,51.4488865],[7.0220074,51.4489865],[7.0218174,51.4489265],[7.0217913,51.448926],[7.0217737,51.4489343],[7.0217641,51.4489456],[7.021757,51.4489635],[7.021751,51.4489629],[7.0215873,51.4493382],[7.0215567,51.4494244],[7.0215445,51.4494923],[7.0215622,51.4497354],[7.0215411,51.4498522],[7.0215214,51.4499473],[7.0214746,51.4500537],[7.0214005,51.4501809],[7.0212811,51.4503391],[7.0211391,51.4505021],[7.0209229,51.4507116],[7.0207778,51.4508176],[7.0205935,51.4509231],[7.0203305,51.4510408],[7.0200977,51.4511265],[7.0197689,51.4512269],[7.0189961,51.4514385],[7.0178296,51.4513993],[7.0163927,51.4511659]]]]}},{"type":"Feature","properties":{"id":"Vogelheim","quelle":"OpenStreetMap (ODbL), boundary=administrative admin_level=10","stand":"2026-09-25"},"geometry":{"type":"MultiPolygon","coordinates":[[[[6.9792876,51.4835047],[6.9793311,51.4836681],[6.9793243,51.4845371],[6.9793553,51.4849936],[6.979657,51.4857006],[6.9799852,51.4867004],[6.9803299,51.4883577],[6.9803326,51.4893524],[6.9789978,51.4896181],[6.9786809,51.4922576],[6.9784621,51.4928958],[6.978683,51.4939464],[6.9784608,51.4944282],[6.9791504,51.4944303],[6.9802022,51.4944336],[6.9799725,51.5014178],[6.9799108,51.5017294],[6.9785984,51.5036781],[6.9779775,51.504371],[6.9772275,51.5050534],[6.9774918,51.5051273],[6.9787226,51.5055243],[6.9877802,51.5086519],[6.9881081,51.5083585],[6.992441,51.5098753],[6.9933489,51.5088168],[6.9937392,51.5082206],[6.9939875,51.5076188],[6.9941028,51.5069177],[6.9939803,51.5062033],[6.9938579,51.5057699],[6.9934691,51.5051531],[6.9930363,51.5048799],[6.9935945,51.50406],[6.9942811,51.5040897],[6.9949386,51.5039529],[6.9953463,51.5038201],[6.9957634,51.5036054],[6.9960205,51.5033321],[6.9960833,51.5031077],[6.9960331,51.5027836],[6.9954216,51.5004235],[6.9949073,51.4993146],[6.9947254,51.4984127],[6.9948195,51.4977685],[6.994901,51.4974561],[6.9952585,51.4968743],[6.9957939,51.4960336],[6.9966752,51.4946466],[6.9970132,51.4939695],[6.9970345,51.4939176],[6.9971843,51.4935582],[6.9973741,51.4929529],[6.9974566,51.4925773],[6.9975673,51.4922016],[6.9979396,51.4902264],[6.9979551,51.4900096],[6.9978567,51.4899389],[6.9968594,51.4892476],[6.9966399,51.4891354],[6.9963125,51.4889742],[6.9950923,51.4883191],[6.9934616,51.4875478],[6.9914896,51.4865323],[6.9904673,51.4861437],[6.9889777,51.4855637],[6.9892646,51.4848724],[6.9891832,51.4843209],[6.9886784,51.4838308],[6.9886195,51.4831588],[6.9884718,51.4830072],[6.9883268,51.4829595],[6.9870166,51.4828266],[6.9870084,51.4819715],[6.9865981,51.4819732],[6.9863628,51.4819596],[6.984012,51.4813731],[6.9826583,51.4810353],[6.9822941,51.4813171],[6.9815107,51.4818924],[6.9806928,51.4823268],[6.979983,51.482699],[6.9800477,51.4830258],[6.9800405,51.4830652],[6.9800143,51.4831092],[6.9799887,51.4831435],[6.9799065,51.4832056],[6.9796696,51.4832646],[6.9795758,51.4832905],[6.9795163,51.4834443],[6.9792876,51.4835047]]]]}},{"type":"Feature","properties":{"id":"Werden","quelle":"OpenStreetMap (ODbL), boundary=administrative admin_level=10","stand":"2026-09-25"},"geometry":{"type":"MultiPolygon","coordinates":[[[[6.9819168,51.3883506],[6.9819159,51.3883049],[6.9823147,51.3882191],[6.9836756,51.3884614],[6.9841813,51.3886423],[6.9851577,51.3887269],[6.9851449,51.3887497],[6.9855481,51.3888185],[6.9855698,51.3887971],[6.9862555,51.3889168],[6.9863411,51.3890152],[6.9868187,51.388913],[6.9873372,51.3888434],[6.9884961,51.3886117],[6.9885813,51.3886227],[6.9891193,51.3889369],[6.9892468,51.3889603],[6.9892503,51.3889968],[6.9893562,51.3889826],[6.993683,51.3895724],[6.9937038,51.3896009],[6.9936481,51.3896244],[6.9935774,51.389675],[6.9935653,51.389702],[6.9938327,51.3898156],[6.994531,51.3899988],[6.9949355,51.3899525],[6.995076,51.3899827],[6.9952261,51.3900552],[6.9954146,51.3901141],[6.9956669,51.3904632],[6.9960294,51.3908627],[6.9960301,51.3909135],[6.9965096,51.3909558],[6.9965193,51.3910888],[6.997023,51.391078],[6.9969261,51.3912429],[6.9971465,51.3920771],[6.9976023,51.3927323],[6.9982289,51.3933554],[6.998765,51.3938538],[6.9994306,51.3942332],[6.9997981,51.3945914],[7.0006892,51.3954465],[7.0012016,51.3960509],[7.0020547,51.396807],[7.0026158,51.3975175],[7.0028524,51.3977105],[7.003014,51.3980181],[7.0035765,51.3987525],[7.003989,51.3991315],[7.0046413,51.3997525],[7.0054307,51.4004505],[7.0068266,51.4015002],[7.0076489,51.4019884],[7.0088742,51.4025413],[7.0099252,51.4029069],[7.0114169,51.4032967],[7.0128546,51.4037109],[7.0137151,51.4039096],[7.014129,51.4032695],[7.0141933,51.4032021],[7.0134268,51.4028555],[7.012647,51.4021213],[7.0123971,51.4019213],[7.0121386,51.4017718],[7.0117368,51.4016237],[7.0106197,51.4012537],[7.0102047,51.4002648],[7.0102253,51.4000621],[7.0111531,51.4003285],[7.0112668,51.4003615],[7.0115018,51.4003703],[7.01196,51.4003439],[7.012302,51.4003433],[7.0123236,51.4002776],[7.0122076,51.400242],[7.0119664,51.400158],[7.0117685,51.4000387],[7.0115229,51.3998694],[7.011633,51.3997683],[7.0117762,51.399271],[7.0121477,51.3985859],[7.0125006,51.3981443],[7.012494,51.3973699],[7.0134823,51.3965135],[7.013459,51.3955046],[7.0137416,51.3951078],[7.0137925,51.3948092],[7.0133883,51.3947872],[7.0135039,51.3942502],[7.013369,51.3934847],[7.0134723,51.3929958],[7.0120793,51.3926178],[7.0115321,51.3918094],[7.0120395,51.3918415],[7.0123414,51.3904026],[7.0132058,51.390446],[7.013551,51.3897485],[7.0159014,51.3903167],[7.0157628,51.3890516],[7.0154299,51.3886744],[7.0140382,51.3878307],[7.0137709,51.3871182],[7.0140467,51.3865897],[7.0149008,51.3856022],[7.0148096,51.3853669],[7.0145437,51.3853694],[7.0142946,51.3855033],[7.0129739,51.3853307],[7.0121125,51.3849875],[7.0103449,51.3842905],[7.0095677,51.3836339],[7.0084285,51.3840296],[7.0077608,51.3831366],[7.0077086,51.3831611],[7.0071491,51.3834238],[7.0059137,51.3826353],[7.0057406,51.3830911],[7.0059863,51.3837288],[7.006689,51.3845381],[7.0056226,51.3853433],[7.0047864,51.3851331],[7.0045273,51.3856235],[7.0036711,51.3850546],[7.0034397,51.3850211],[7.0032769,51.3830704],[7.0030545,51.3828619],[7.0018441,51.3832422],[7.0013447,51.3825854],[7.001215,51.3824456],[7.0006787,51.3820284],[7.0007107,51.3820188],[7.0005096,51.381762],[7.0004404,51.3816082],[7.0003574,51.3815383],[7.0003989,51.3815242],[7.0002518,51.3813664],[7.0001889,51.3813884],[7.0001247,51.3813216],[7.0000202,51.3813558],[6.9996258,51.3810931],[6.9988523,51.3814699],[6.9977917,51.3806713],[6.996729,51.3803083],[6.9877436,51.379982],[6.9869915,51.3798961],[6.9863815,51.3797527],[6.985792,51.3795557],[6.9834384,51.3785881],[6.9822212,51.3778171],[6.980772,51.3774411],[6.9768256,51.377029],[6.9718865,51.3768597],[6.9697586,51.3764846],[6.967902,51.3760214],[6.9668657,51.3757442],[6.9641859,51.375101],[6.9635694,51.3748218],[6.9630889,51.3745619],[6.9625721,51.3741382],[6.9624408,51.3739743],[6.9621559,51.3736726],[6.9620861,51.3733744],[6.9615022,51.3733308],[6.9611846,51.3732676],[6.9604281,51.3738174],[6.9600862,51.374511],[6.9603874,51.3751613],[6.9605321,51.375441],[6.9607968,51.3758276],[6.9610655,51.3761349],[6.960892,51.3761536],[6.9611517,51.3763901],[6.9607879,51.3765523],[6.9607437,51.3764178],[6.9599763,51.3767319],[6.9601192,51.3768982],[6.9603045,51.3770336],[6.9607267,51.3772419],[6.9609344,51.3773387],[6.961042,51.3774477],[6.9611254,51.3775691],[6.9611743,51.3779842],[6.9606065,51.377825],[6.9603715,51.3779103],[6.9601056,51.3779871],[6.9599304,51.3780909],[6.9597328,51.3782891],[6.9596693,51.378494],[6.9591845,51.3791296],[6.9585343,51.3798902],[6.958378,51.3811187],[6.9578731,51.3820422],[6.9584295,51.3822537],[6.9589779,51.3822742],[6.9593435,51.3822156],[6.9601215,51.3821191],[6.9614487,51.3825697],[6.9619213,51.3821893],[6.9622822,51.3820694],[6.9617666,51.3812942],[6.9615932,51.3807267],[6.9617814,51.3804536],[6.9622447,51.380051],[6.962655,51.3798643],[6.9630042,51.3798706],[6.9630643,51.379901],[6.9631503,51.3799263],[6.9632316,51.3799324],[6.9633111,51.3799567],[6.9634422,51.3799773],[6.9636522,51.3799263],[6.9637354,51.3799378],[6.9640533,51.3800419],[6.9641684,51.3800647],[6.9642303,51.3800601],[6.964357,51.379975],[6.9644951,51.3800368],[6.9645791,51.380033],[6.9646623,51.3800358],[6.9647257,51.3800946],[6.9647582,51.3801483],[6.9648816,51.3801199],[6.9649498,51.3801453],[6.9652624,51.3800705],[6.9654338,51.3800642],[6.9655361,51.3800449],[6.9655962,51.3799953],[6.9656667,51.3799722],[6.9656902,51.3799872],[6.9674104,51.3807316],[6.9674843,51.3808994],[6.9691508,51.381382],[6.9691837,51.3813292],[6.9696693,51.3815157],[6.9700575,51.3816151],[6.9706226,51.3817539],[6.9710249,51.3818773],[6.9709702,51.3819323],[6.9720675,51.3822808],[6.9725325,51.3823996],[6.9729954,51.3824858],[6.9733246,51.3825069],[6.9733315,51.3825852],[6.973559,51.3825983],[6.9737279,51.3826135],[6.9741128,51.3826976],[6.9743191,51.3826673],[6.9747185,51.3825111],[6.9749417,51.3824479],[6.9751523,51.3824133],[6.9762295,51.3824275],[6.9772764,51.3826469],[6.977598,51.3827169],[6.9778865,51.3827414],[6.9778936,51.3828932],[6.9779439,51.3829966],[6.9780154,51.3831243],[6.9786386,51.3839061],[6.9787999,51.3849313],[6.9793769,51.3849981],[6.9805842,51.3851801],[6.9815374,51.3859303],[6.981844,51.386845],[6.9820105,51.3871683],[6.9820475,51.3872991],[6.9820434,51.3874018],[6.9818707,51.3880714],[6.9818522,51.3883613],[6.9819168,51.3883506]]]]}},{"type":"Feature","properties":{"id":"Westviertel","quelle":"OpenStreetMap (ODbL), boundary=administrative admin_level=10","stand":"2026-09-25"},"geometry":{"type":"MultiPolygon","coordinates":[[[[6.9884805,51.4530411],[6.9885522,51.4529876],[6.9888706,51.4528871],[6.9889172,51.4529009],[6.9892582,51.4528329],[6.9902381,51.4525472],[6.9904756,51.4524661],[6.9904913,51.4524828],[6.9911391,51.4522673],[6.9916359,51.4521498],[6.991699,51.4521488],[6.9918689,51.4521155],[6.9918616,51.4520968],[6.9954093,51.4514183],[6.9961079,51.4512992],[6.9973332,51.4511173],[6.9976425,51.4510746],[6.9985059,51.450978],[6.9988823,51.4509356],[6.9992307,51.4509021],[6.99915,51.4505285],[6.997917,51.4506562],[6.9977783,51.4498952],[6.9980083,51.4498561],[6.9979985,51.4496689],[6.9979519,51.4495696],[6.9984687,51.4494618],[6.9988641,51.4493852],[6.999407,51.4492893],[6.9999485,51.4492004],[7.0000084,51.4493444],[7.0001215,51.4493298],[7.0001842,51.4493018],[7.0008525,51.4493917],[7.001384,51.4495169],[7.0016765,51.4495334],[7.0016651,51.4495732],[7.0058493,51.4503149],[7.0076442,51.4505774],[7.0076657,51.4505845],[7.0076638,51.4506245],[7.0076724,51.450626],[7.0074124,51.4514976],[7.0075006,51.4515042],[7.0074833,51.4516148],[7.0072754,51.451602],[7.0070698,51.4526311],[7.0066867,51.454531],[7.0066584,51.4547434],[7.0065421,51.4551978],[7.0065163,51.4551958],[7.0064551,51.45537],[7.0064264,51.4553695],[7.0063958,51.455548],[7.0062618,51.455546],[7.0061243,51.4555592],[7.0060196,51.4555779],[7.006051,51.4556256],[7.0060389,51.4556284],[7.006166,51.4558217],[7.0058561,51.4557771],[7.0058009,51.4560048],[7.0054158,51.4564594],[7.0052994,51.4564238],[7.0051409,51.4566093],[7.0049273,51.4568949],[7.0048034,51.4570876],[7.0049676,51.4571295],[7.0047037,51.4575099],[7.0044634,51.45788],[7.0043155,51.4581501],[7.0042058,51.4584566],[7.0041879,51.45854],[7.0040519,51.4586271],[7.0040268,51.458662],[7.004015,51.458693],[7.0039668,51.4588817],[7.0037796,51.4589511],[7.0035937,51.4590138],[7.0032223,51.45899],[7.0032189,51.4590157],[7.0032098,51.4590354],[7.0031917,51.4590477],[7.0031592,51.4590571],[7.0030375,51.459066],[7.0029423,51.4592064],[7.0034157,51.4593373],[7.0034194,51.4593283],[7.0035744,51.4593693],[7.0035834,51.4593806],[7.0036068,51.4593881],[7.0036572,51.4594762],[7.0040407,51.4595952],[7.0040206,51.4597142],[7.0043437,51.4597333],[7.0043263,51.459946],[7.0043467,51.4599969],[7.0043536,51.4600569],[7.0048652,51.4600765],[7.0049264,51.4599968],[7.0049996,51.4599382],[7.0051199,51.459869],[7.005246,51.459821],[7.0053667,51.4597924],[7.0055046,51.4597737],[7.0056567,51.4597741],[7.0067256,51.4598583],[7.0068224,51.4595087],[7.0068992,51.4595141],[7.0069826,51.4595061],[7.0070403,51.4594841],[7.0070931,51.4594506],[7.0071161,51.4594262],[7.0071343,51.4593935],[7.0071395,51.4593508],[7.0075088,51.4593663],[7.0076943,51.4595851],[7.0077638,51.4596486],[7.0078605,51.4597116],[7.0079439,51.4597518],[7.0080522,51.4598013],[7.0080586,51.4597983],[7.00808,51.4598077],[7.0082813,51.4598965],[7.0082791,51.4599011],[7.0084323,51.4599684],[7.0084386,51.459965],[7.0084601,51.459974],[7.0086565,51.4600616],[7.0086529,51.4600652],[7.0088052,51.4601323],[7.0088116,51.4601296],[7.0088341,51.4601385],[7.0090389,51.4602274],[7.009033,51.4602328],[7.0095589,51.4604639],[7.0095656,51.4604604],[7.009787,51.4605583],[7.0097836,51.4605626],[7.0099367,51.4606299],[7.0099417,51.4606258],[7.0101663,51.460725],[7.0101617,51.4607288],[7.0104556,51.4608579],[7.0113139,51.4612165],[7.0111064,51.4614232],[7.0112445,51.4614862],[7.011276,51.4615006],[7.0118418,51.4619152],[7.0116528,51.4621538],[7.0117828,51.4623046],[7.0119618,51.462336],[7.0119721,51.4623455],[7.0121443,51.4623869],[7.0122161,51.4623337],[7.0132118,51.4625216],[7.0134407,51.4625648],[7.0134431,51.4626272],[7.0136793,51.4626546],[7.0136634,51.4633124],[7.0136553,51.4636472],[7.0134331,51.4634946],[7.0134305,51.4636019],[7.013423,51.4635718],[7.0134134,51.463553],[7.0133923,51.4635276],[7.0133364,51.4634871],[7.013245,51.463466],[7.0125162,51.4634186],[7.0118489,51.4632494],[7.0111732,51.4631114],[7.0111264,51.4631082],[7.0110886,51.4631166],[7.011044,51.4631345],[7.0109463,51.463205],[7.010802,51.4631498],[7.0107607,51.4631335],[7.0106812,51.4631028],[7.0106358,51.4630861],[7.0091056,51.4628033],[7.0090438,51.4629351],[7.0078924,51.4627273],[7.0077081,51.4627484],[7.007326,51.4626832],[7.0065002,51.4625441],[7.0062495,51.4625019],[7.0055883,51.4623886],[7.0055566,51.4624484],[7.0040871,51.4621741],[7.0039947,51.4621575],[7.0035193,51.4621756],[7.0035091,51.4621828],[7.0033369,51.4621918],[7.0035546,51.4618667],[7.0033063,51.4618782],[7.0033478,51.4618156],[7.0032622,51.4617952],[7.0030455,51.4618181],[7.0025581,51.4618897],[7.0022478,51.4619179],[7.0021911,51.4620039],[7.0021416,51.4620338],[7.0007885,51.4622453],[7.0001217,51.4624789],[7.0002085,51.4625406],[7.0002507,51.4625736],[7.0000198,51.4626701],[6.9997803,51.4627817],[6.9996188,51.462866],[6.999402,51.463004],[6.9985632,51.4635568],[6.9985012,51.4635111],[6.9984022,51.4635789],[6.998104,51.4636504],[6.9978094,51.4638648],[6.9976049,51.4639586],[6.997357,51.4640579],[6.9968981,51.4642281],[6.9966554,51.464292],[6.9966379,51.4642816],[6.9959621,51.4644604],[6.9956376,51.4645259],[6.9957119,51.4645814],[6.9956165,51.4646245],[6.9956777,51.4647232],[6.9957027,51.4647195],[6.9958112,51.4648706],[6.9908004,51.4656012],[6.989201,51.4657844],[6.9865263,51.4659854],[6.9833993,51.4661467],[6.9832416,51.466156],[6.9831561,51.4659942],[6.983248,51.4659895],[6.983191,51.4659492],[6.9831771,51.4659492],[6.9831647,51.4658217],[6.9833634,51.4658136],[6.9833608,51.4657917],[6.983442,51.4657877],[6.9834452,51.4658083],[6.9836953,51.4657957],[6.983691,51.465773],[6.9834972,51.4657071],[6.9831596,51.4657405],[6.9831983,51.4654378],[6.9832284,51.4653968],[6.983318,51.4652751],[6.9834089,51.4651213],[6.9836102,51.4648171],[6.9836756,51.4647384],[6.9839389,51.4642757],[6.9841544,51.4639414],[6.9842243,51.4637937],[6.9842349,51.4637564],[6.9843268,51.4636439],[6.9843636,51.4635742],[6.9845701,51.4632443],[6.9847966,51.4627749],[6.9845377,51.4623574],[6.9838934,51.4620933],[6.982759,51.4622173],[6.9820482,51.4609256],[6.9835208,51.4606194],[6.9833668,51.4603238],[6.9833143,51.4601506],[6.9831793,51.4597518],[6.9831496,51.4595586],[6.9831484,51.4594873],[6.9833444,51.4563518],[6.9833709,51.4562086],[6.9834477,51.4560137],[6.9835353,51.4558472],[6.9836636,51.4556807],[6.9837944,51.4555412],[6.9839735,51.4554021],[6.9841466,51.4552825],[6.984386,51.455152],[6.9846689,51.4550335],[6.9867475,51.4542858],[6.9871391,51.4541449],[6.9872466,51.4541062],[6.9875664,51.4540066],[6.9878079,51.453964],[6.9880579,51.4539334],[6.9883477,51.4539336],[6.9885709,51.4539467],[6.9887388,51.453962],[6.9889193,51.4538215],[6.9889407,51.4538348],[6.9890416,51.4535084],[6.9884805,51.4530411]]]]}},{"type":"Feature","properties":{"id":"Überruhr-Hinsel","quelle":"OpenStreetMap (ODbL), boundary=administrative admin_level=10","stand":"2026-09-25"},"geometry":{"type":"MultiPolygon","coordinates":[[[[7.0810691,51.4427076],[7.0825276,51.4420324],[7.0834767,51.441104],[7.0842913,51.439509],[7.0844809,51.4372887],[7.0866001,51.4332978],[7.0887507,51.430691],[7.0895834,51.4303262],[7.0883629,51.429884],[7.0877934,51.4293829],[7.0858241,51.4290983],[7.0827865,51.4284565],[7.081055,51.4273308],[7.0833987,51.4257783],[7.0806024,51.4250831],[7.0801939,51.4249856],[7.0795694,51.425],[7.0784892,51.4247132],[7.077224,51.4244525],[7.0758833,51.4237486],[7.0742882,51.4219829],[7.0732436,51.4222779],[7.073118,51.4215923],[7.07206,51.4214637],[7.0708479,51.4213164],[7.0693749,51.421946],[7.0689765,51.4217233],[7.0710749,51.4197201],[7.0713332,51.4188709],[7.0683679,51.4203396],[7.0671555,51.4209],[7.0637653,51.4223493],[7.0628554,51.4227232],[7.0619333,51.4230587],[7.0596305,51.4237914],[7.058925,51.4240406],[7.0580801,51.4243885],[7.0576075,51.4247011],[7.0573452,51.4249003],[7.0571293,51.4251361],[7.05709,51.4251795],[7.0568798,51.4255216],[7.0567073,51.4260873],[7.0566224,51.4264146],[7.0565915,51.4265326],[7.0565754,51.4268762],[7.0565981,51.4272605],[7.0567444,51.4278404],[7.056855,51.4281869],[7.0570864,51.4281414],[7.0572057,51.4285034],[7.056907,51.4285657],[7.0580889,51.4326646],[7.0600869,51.43609],[7.0623346,51.4380361],[7.0670799,51.4387367],[7.0680531,51.4396677],[7.0689841,51.4399583],[7.0692136,51.4410849],[7.0702088,51.4421499],[7.0714556,51.4426326],[7.0728252,51.4428753],[7.076478,51.4430784],[7.0782983,51.4431181],[7.0810691,51.4427076]]]]}},{"type":"Feature","properties":{"id":"Überruhr-Holthausen","quelle":"OpenStreetMap (ODbL), boundary=administrative admin_level=10","stand":"2026-09-25"},"geometry":{"type":"MultiPolygon","coordinates":[[[[7.0812447,51.4073565],[7.080532,51.4093159],[7.0794529,51.4103126],[7.0770666,51.4118679],[7.0750292,51.4135994],[7.0731412,51.4165881],[7.0713332,51.4188709],[7.0710749,51.4197201],[7.0689765,51.4217233],[7.0693749,51.421946],[7.0708479,51.4213164],[7.07206,51.4214637],[7.073118,51.4215923],[7.0732436,51.4222779],[7.0742882,51.4219829],[7.0758833,51.4237486],[7.077224,51.4244525],[7.0784892,51.4247132],[7.0795694,51.425],[7.0801939,51.4249856],[7.0806024,51.4250831],[7.0833987,51.4257783],[7.081055,51.4273308],[7.0827865,51.4284565],[7.0858241,51.4290983],[7.0877934,51.4293829],[7.0883629,51.429884],[7.0895834,51.4303262],[7.0905341,51.4295911],[7.0908789,51.4272077],[7.0918214,51.4256998],[7.09067,51.4252664],[7.093724,51.4229827],[7.0951201,51.4222543],[7.0949351,51.4215188],[7.0954275,51.4203446],[7.0959713,51.4203058],[7.0961409,51.4201015],[7.0962144,51.4198736],[7.0961906,51.4198742],[7.0963034,51.4196164],[7.0964051,51.41917],[7.096366,51.4191577],[7.0964243,51.4190715],[7.09644,51.4190738],[7.096448,51.4190373],[7.096524,51.418883],[7.0965695,51.4188877],[7.0967711,51.4186254],[7.0967294,51.4186167],[7.0969173,51.4184597],[7.0969536,51.4184414],[7.0969979,51.4184365],[7.0970437,51.4184452],[7.0971805,51.4184811],[7.0972326,51.4184099],[7.0971867,51.41839],[7.097151,51.4183551],[7.097151,51.418309],[7.0969707,51.4182436],[7.0968421,51.4183475],[7.0958993,51.4179548],[7.0961858,51.4175826],[7.0963346,51.4176204],[7.0963681,51.417503],[7.0963884,51.4172717],[7.0963848,51.4170537],[7.0961539,51.4164115],[7.0960663,51.4159976],[7.0960424,51.4157316],[7.0954553,51.4144872],[7.0950445,51.4138827],[7.0952817,51.4133776],[7.0949924,51.4132128],[7.0947996,51.4126027],[7.095082,51.4109126],[7.0930992,51.4096427],[7.0897574,51.4084519],[7.0853257,51.407415],[7.0812447,51.4073565]]]]}}]}